0.48,0.48,0.02,1.16,1.09
5.52,5.52,2.43,5.47,7.82
9.16,9.16,7.90,14.09,16.03
12.74,12.74,14.04,22.27,23.38
19.60,19.60,27.23,32.52,50.03
20.69,20.69,23.97,28.16,70.83
16.85,16.85,25.80,27.10,70.52
20.12,20.12,30.57,29.98,71.09
22.73,22.73,31.04,28.97,70.23
21.06,21.06,35.23,28.28,70.39
20.14,20.14,26.16,24.49,60.97
18.27,18.27,21.81,27.31,38.98
20.28,20.28,31.73,27.42,68.09
19.87,19.87,31.66,27.49,71.14
21.06,21.06,32.05,28.08,69.72
21.08,21.08,33.49,26.76,70.91
22.59,22.59,33.77,28.79,70.42
22.77,22.77,34.10,26.91,69.71
15.55,15.55,25.13,20.69,50.55
21.24,21.24,33.57,23.01,49.88
22.25,22.25,43.86,28.52,71.88
22.24,22.24,43.88,30.73,72.84
20.55,20.55,40.67,23.54,71.68
25.05,25.05,45.17,24.09,70.57
26.31,26.31,46.15,31.21,71.84
27.64,27.64,42.88,21.11,64.20
24.42,24.42,33.18,10.39,39.67
11.75,11.75,16.33,3.92,15.82
1.69,1.69,4.39,0.30,3.87
0.00,0.00,0.03,-0.00,0.08
-0.00,-0.00,-0.00,-0.00,-0.00
0.01,0.01,0.43,2.16,2.93
1.43,1.43,6.99,10.24,11.67
8.51,8.51,15.73,18.26,20.20
18.51,18.51,34.55,28.95,49.84
19.17,19.17,43.88,29.19,71.90
20.09,20.09,43.26,26.53,71.26
22.60,22.60,43.37,28.37,72.22
21.81,21.81,39.97,24.48,71.16
26.96,26.96,42.44,29.01,69.42
25.47,25.47,34.60,27.33,61.66
16.14,16.14,19.25,13.67,40.20
8.25,8.25,6.82,10.83,17.44
2.41,2.41,1.09,1.91,4.51
-0.00,-0.00,0.01,-0.00,0.02
-0.00,-0.00,-0.00,-0.00,-0.00
-0.00,-0.00,-0.00,-0.00,-0.00
-0.00,-0.00,-0.00,-0.00,-0.00
-0.00,-0.00,-0.00,-0.00,-0.00
-0.00,-0.00,-0.00,-0.00,-0.00
-0.00,-0.00,-0.00,-0.00,-0.00
-0.00,-0.00,-0.00,-0.00,-0.00
-0.00,-0.00,-0.00,-0.00,-0.00
0.38,0.38,0.28,1.28,1.55
3.65,3.65,3.30,5.51,7.18
10.22,10.22,14.34,15.24,15.96
16.52,16.52,20.47,22.30,24.47
27.29,27.29,40.64,33.01,70.10
22.80,22.80,40.82,30.56,71.00
21.86,21.86,41.01,27.63,71.71
20.31,20.31,38.41,28.02,71.62
22.40,22.40,36.79,25.15,70.42
27.59,27.59,36.98,31.46,68.66
18.34,18.34,22.63,19.44,50.65
9.38,9.38,10.30,14.54,25.96
1.72,1.72,1.24,4.27,7.25
0.04,0.04,0.02,0.15,0.58
0.02,0.02,-0.00,-0.00,0.02
0.12,0.12,0.11,0.28,0.56
1.10,1.10,3.01,4.13,5.57
6.46,6.46,12.26,16.75,17.02
12.82,12.82,20.09,26.26,27.70
25.70,25.70,38.30,31.94,69.85
20.22,20.22,35.21,31.48,70.84
22.28,22.28,36.56,29.36,71.89
20.40,20.40,34.22,27.87,71.19
20.09,20.09,32.91,21.39,70.40
26.02,26.02,35.13,29.35,68.53
16.39,16.39,21.94,17.24,48.51
5.65,5.65,10.42,13.09,25.51
0.80,0.80,4.41,4.91,7.23
0.00,0.00,0.30,1.11,1.20
-0.00,-0.00,0.19,-0.00,0.35
2.69,2.69,0.80,0.85,3.51
3.11,3.11,3.20,3.76,6.19
7.25,7.25,11.99,14.19,16.57
9.41,9.41,18.71,24.08,27.26
20.69,20.69,36.41,33.41,69.66
15.93,15.93,35.55,31.13,71.49
17.54,17.54,34.02,27.99,70.88
17.44,17.44,32.84,28.78,71.28
15.71,15.71,32.28,26.21,70.25
14.57,14.57,29.46,24.16,70.28
14.99,14.99,32.10,27.19,69.78
16.51,16.51,33.76,28.54,70.32
16.74,16.74,34.46,27.97,70.60
19.13,19.13,33.32,23.43,72.29
21.32,21.32,30.34,21.36,70.54
22.82,22.82,30.94,25.42,71.62
24.85,24.85,34.33,25.88,72.07
18.58,18.58,27.48,24.35,61.92
8.39,8.39,19.43,22.51,41.84
20.35,20.35,30.84,28.79,68.77
20.54,20.54,34.80,23.93,70.93
19.46,19.46,35.01,25.56,70.01
19.58,19.58,34.06,20.92,71.22
21.10,21.10,37.52,27.27,70.32
21.70,21.70,35.03,24.56,68.59
11.66,11.66,23.20,19.67,49.71
15.79,15.79,29.35,28.21,46.54
20.83,20.83,35.48,30.51,70.80
18.69,18.69,34.75,27.49,70.41
22.06,22.06,36.91,27.51,71.49
21.26,21.26,33.49,26.72,71.43
20.94,20.94,32.13,21.14,70.49
19.19,19.19,26.01,21.80,62.50
16.04,16.04,22.34,21.44,39.54
26.74,26.74,39.99,30.38,67.20
23.74,23.74,41.72,29.37,71.30
22.98,22.98,43.31,31.25,71.91
22.39,22.39,40.75,24.46,71.50
21.75,21.75,40.06,25.50,70.38
22.80,22.80,38.64,25.75,68.36
18.09,18.09,27.02,18.84,51.30
18.70,18.70,29.78,30.31,51.04
21.21,21.21,31.50,25.27,70.81
20.74,20.74,31.81,32.70,70.02
20.15,20.15,33.17,30.89,69.79
21.17,21.17,33.99,25.74,70.30
22.48,22.48,35.32,29.49,70.24
20.10,20.10,26.23,23.76,62.28
18.55,18.55,20.03,29.32,39.45
25.09,25.09,30.42,32.89,64.79
23.59,23.59,29.86,26.29,70.45
21.91,21.91,29.11,35.37,70.09
21.25,21.25,31.00,35.23,70.35
23.35,23.35,28.93,31.81,70.05
20.30,20.30,28.85,21.59,69.26
13.49,13.49,20.51,21.44,48.87
21.41,21.41,32.38,24.44,51.13
25.87,25.87,39.87,27.08,72.06
24.11,24.11,39.64,29.19,72.83
24.41,24.41,34.58,24.48,71.05
27.07,27.07,38.21,23.08,70.89
28.92,28.92,38.66,27.15,71.68
28.84,28.84,36.96,19.18,65.33
18.90,18.90,23.96,18.00,41.61
8.99,8.99,9.07,3.03,17.68
1.83,1.83,1.43,0.01,2.89
0.05,0.05,0.11,-0.00,0.71
-0.00,-0.00,-0.00,-0.00,-0.00
0.27,0.27,0.72,2.75,3.84
2.89,2.89,7.17,9.40,10.75
9.51,9.51,15.07,16.68,18.34
19.22,19.22,30.88,27.23,48.84
22.64,22.64,42.16,28.19,71.49
21.30,21.30,40.50,25.79,71.37
22.06,22.06,40.78,27.33,72.21
22.07,22.07,37.76,18.69,70.55
27.94,27.94,40.76,29.07,69.55
27.15,27.15,33.67,23.91,62.30
19.95,19.95,17.24,8.84,40.43
11.28,11.28,4.82,7.67,15.67
3.13,3.13,0.80,0.93,4.00
-0.00,-0.00,0.00,-0.00,0.01
-0.00,-0.00,-0.00,-0.00,-0.00
-0.00,-0.00,-0.00,-0.00,-0.00
-0.00,-0.00,-0.00,-0.00,-0.00
-0.00,-0.00,-0.00,-0.00,-0.00
-0.00,-0.00,-0.00,-0.00,-0.00
-0.00,-0.00,-0.00,-0.00,-0.00
-0.00,-0.00,-0.00,-0.00,-0.00
-0.00,-0.00,-0.00,-0.00,-0.00
1.56,1.56,0.46,0.75,1.95
5.68,5.68,4.47,3.82,7.57
14.48,14.48,13.45,12.77,15.80
19.18,19.18,20.92,21.77,24.57
28.58,28.58,41.41,31.59,70.18
24.98,24.98,39.76,30.49,71.12
23.14,23.14,38.02,24.87,71.66
21.36,21.36,36.69,28.09,72.07
22.31,22.31,36.26,21.91,70.45
28.21,28.21,36.45,30.19,68.36
19.96,19.96,23.81,17.56,49.82
10.18,10.18,10.87,13.74,26.13
3.05,3.05,1.61,4.22,8.03
0.05,0.05,0.00,0.03,0.58
-0.00,-0.00,-0.00,-0.00,0.02
0.01,0.01,0.10,0.43,0.79
1.18,1.18,2.64,3.56,5.11
6.65,6.65,12.45,14.15,14.98
12.36,12.36,19.07,23.73,25.79
25.27,25.27,36.89,30.96,69.51
21.39,21.39,34.24,31.22,70.94
23.35,23.35,35.18,31.29,71.75
21.19,21.19,33.15,27.87,71.61
21.11,21.11,31.65,21.27,70.25
26.46,26.46,34.23,28.98,68.34
18.92,18.92,22.19,13.52,50.00
9.25,9.25,10.39,12.51,26.86
2.14,2.14,1.71,4.62,7.21
0.06,0.06,0.12,0.56,1.09
-0.00,-0.00,0.09,-0.00,0.15
1.20,1.20,0.10,0.29,1.50
1.49,1.49,3.29,3.62,5.18
5.36,5.36,11.53,11.91,15.24
11.31,11.31,18.36,24.30,26.33
23.86,23.86,34.41,33.02,69.65
18.45,18.45,32.76,30.50,70.91
18.26,18.26,30.81,28.88,71.16
18.76,18.76,32.58,30.69,71.23
16.78,16.78,30.11,21.94,70.39
15.63,15.63,28.77,24.69,70.62
18.85,18.85,33.19,24.90,69.56
20.21,20.21,33.43,23.63,69.95
19.31,19.31,35.61,28.37,70.43
22.38,22.38,32.50,19.85,72.45
23.12,23.12,33.87,21.97,70.22
24.80,24.80,36.45,25.27,71.45
27.43,27.43,33.59,24.84,72.19
23.08,23.08,26.86,22.38,62.18
20.22,20.22,19.22,18.24,40.96
23.83,23.83,30.88,27.44,65.40
21.94,21.94,33.28,24.44,70.67
19.17,19.17,34.22,25.95,69.85
20.58,20.58,37.39,23.95,70.78
21.60,21.60,32.12,27.83,70.85
22.33,22.33,35.73,24.33,69.23
16.21,16.21,23.74,20.08,49.03
21.96,21.96,29.79,28.14,48.70
21.64,21.64,35.21,27.64,71.23
20.13,20.13,33.54,28.58,71.23
22.71,22.71,34.05,24.17,71.35
24.07,24.07,34.40,24.42,71.32
22.71,22.71,31.85,24.25,70.61
18.94,18.94,25.90,22.07,62.54
10.94,10.94,20.14,20.76,39.30
25.07,25.07,39.74,26.95,65.05
25.38,25.38,40.98,30.24,71.35
23.50,23.50,41.87,26.04,71.78
21.64,21.64,39.05,29.38,71.92
20.99,20.99,36.54,20.70,70.69
25.01,25.01,37.73,23.22,68.30
18.66,18.66,25.70,18.00,51.04
17.02,17.02,30.25,30.41,48.93
20.62,20.62,32.51,28.71,70.29
20.00,20.00,32.56,27.02,70.31
18.71,18.71,35.03,22.54,69.58
20.75,20.75,34.12,19.01,70.42
23.51,23.51,35.56,25.22,70.25
18.66,18.66,26.17,21.34,62.86
21.36,21.36,15.74,24.65,37.02
27.23,27.23,32.95,28.53,64.07
22.55,22.55,34.24,23.29,70.02
19.16,19.16,32.00,28.43,69.53
20.53,20.53,32.33,29.71,70.00
21.84,21.84,30.59,24.46,69.75
19.54,19.54,30.93,25.02,68.55
14.90,14.90,21.28,25.69,48.17
23.01,23.01,32.56,25.80,51.12
24.41,24.41,40.11,22.38,72.31
21.03,21.03,35.96,22.67,73.49
22.56,22.56,34.79,23.24,71.49
24.18,24.18,37.55,21.62,71.25
27.63,27.63,40.38,27.11,72.22
29.32,29.32,37.60,21.12,65.38
19.32,19.32,23.99,11.62,39.89
8.19,8.19,9.97,3.25,16.78
0.88,0.88,1.83,-0.00,3.23
0.12,0.12,0.20,-0.00,0.67
0.01,0.01,-0.00,-0.00,0.01
1.50,1.50,0.93,1.64,3.05
5.30,5.30,7.64,7.92,9.80
11.49,11.49,15.96,15.99,18.41
21.06,21.06,33.50,24.40,48.38
21.09,21.09,42.22,26.69,71.72
21.12,21.12,42.27,23.74,71.21
22.27,22.27,40.66,25.43,72.01
22.14,22.14,37.09,16.67,71.08
27.81,27.81,41.04,25.12,69.54
27.41,27.41,34.01,26.54,62.45
19.94,19.94,18.29,10.50,39.29
8.91,8.91,5.47,5.20,16.65
2.41,2.41,0.89,0.07,3.63
0.00,0.00,-0.00,-0.00,0.07
-0.00,-0.00,-0.00,-0.00,-0.00
-0.00,-0.00,-0.00,-0.00,-0.00
-0.00,-0.00,-0.00,-0.00,-0.00
-0.00,-0.00,-0.00,-0.00,-0.00
-0.00,-0.00,-0.00,-0.00,-0.00
-0.00,-0.00,-0.00,-0.00,-0.00
-0.00,-0.00,-0.00,-0.00,-0.00
0.02,0.02,-0.00,-0.00,0.03
3.25,3.25,0.85,0.46,3.34
6.45,6.45,4.78,3.04,7.07
16.44,16.44,13.94,11.95,17.50
19.02,19.02,22.25,21.54,25.10
27.55,27.55,40.55,29.20,69.89
23.84,23.84,38.95,29.30,71.21
22.41,22.41,38.12,28.77,71.61
20.54,20.54,36.37,26.78,71.60
21.37,21.37,35.95,21.36,70.68
27.16,27.16,36.70,28.35,68.80
20.50,20.50,24.02,16.70,50.07
8.72,8.72,8.56,11.91,24.08
3.29,3.29,1.15,1.83,7.71
0.38,0.38,-0.00,-0.00,0.97
0.00,0.00,-0.00,-0.00,0.02
0.23,0.23,0.50,0.74,1.12
2.72,2.72,2.83,3.35,5.49
9.08,9.08,12.12,13.60,14.25
14.19,14.19,21.27,23.60,26.28
26.23,26.23,36.83,31.81,69.80
22.27,22.27,37.91,29.33,70.68
23.25,23.25,34.82,30.16,71.86
22.03,22.03,33.54,26.59,71.11
21.45,21.45,30.00,18.78,70.59
26.81,26.81,33.48,26.60,68.93
18.93,18.93,21.89,12.78,49.98
9.38,9.38,9.25,9.39,24.79
2.38,2.38,1.08,2.58,7.26
0.04,0.04,0.01,0.14,0.55
-0.00,-0.00,-0.00,-0.00,0.00
0.02,0.02,0.04,0.24,0.23
0.76,0.76,2.88,3.09,5.31
5.19,5.19,11.27,10.21,13.80
12.87,12.87,18.53,23.94,27.26
23.55,23.55,32.73,31.13,68.92
18.16,18.16,31.79,30.22,70.99
18.92,18.92,31.21,25.88,70.97
20.00,20.00,31.43,28.80,71.26
16.85,16.85,31.59,21.87,70.00
16.47,16.47,29.89,18.80,70.26
17.85,17.85,36.37,27.56,69.35
19.42,19.42,34.63,25.76,70.17
19.54,19.54,34.62,23.76,70.26
21.56,21.56,32.56,22.94,72.50
23.82,23.82,32.97,23.46,70.59
24.97,24.97,35.40,24.21,71.46
26.10,26.10,33.85,23.78,72.19
23.64,23.64,26.58,22.06,62.10
13.60,13.60,20.81,19.41,42.67
19.17,19.17,31.36,26.29,67.20
20.73,20.73,34.25,18.28,70.40
20.62,20.62,35.59,23.72,70.39
20.57,20.57,37.70,19.50,70.89
20.78,20.78,36.56,26.60,71.01
21.88,21.88,37.51,22.81,68.97
13.41,13.41,21.88,19.31,48.27
19.01,19.01,30.43,25.79,48.41
22.51,22.51,35.03,23.81,71.10
17.89,17.89,33.42,22.11,70.72
22.45,22.45,36.28,25.63,71.86
21.43,21.43,34.82,25.42,71.54
21.27,21.27,32.78,22.93,70.28
18.87,18.87,28.03,23.72,61.91
18.28,18.28,24.60,20.82,40.66
25.93,25.93,42.07,28.24,66.99
22.99,22.99,43.90,27.76,71.04
19.77,19.77,42.65,27.39,71.99
21.57,21.57,41.22,30.15,71.48
19.93,19.93,36.52,16.12,70.47
23.99,23.99,37.16,23.03,68.99
18.35,18.35,25.06,14.67,50.77
16.70,16.70,31.22,27.48,48.41
20.50,20.50,35.19,27.48,69.59
21.12,21.12,35.72,21.42,70.67
19.64,19.64,34.14,25.25,69.30
22.49,22.49,36.05,18.25,70.05
23.66,23.66,35.84,18.65,70.03
20.62,20.62,27.62,21.44,62.46
11.10,11.10,17.97,23.67,39.37
20.73,20.73,34.72,30.81,65.18
23.19,23.19,32.72,25.50,70.65
21.73,21.73,30.59,28.07,70.05
22.00,22.00,32.82,25.35,69.38
22.56,22.56,34.80,22.59,69.92
19.72,19.72,33.81,27.59,69.14
15.87,15.87,25.19,22.49,48.81
24.01,24.01,34.44,23.58,52.26
27.75,27.75,41.39,24.69,72.54
29.34,29.34,38.91,26.49,72.49
29.20,29.20,36.91,21.82,71.16
27.79,27.79,37.04,20.64,70.66
28.26,28.26,39.48,24.45,72.04
31.48,31.48,38.56,22.05,64.77
22.17,22.17,28.19,13.59,39.88
11.48,11.48,14.21,1.42,16.18
2.70,2.70,2.96,-0.00,4.32
0.53,0.53,0.30,-0.00,1.06
0.13,0.13,0.02,-0.00,0.24
3.87,3.87,1.01,1.02,5.01
7.93,7.93,7.86,7.56,11.00
11.97,11.97,16.41,17.63,20.18
21.03,21.03,33.77,24.09,49.38
22.41,22.41,42.77,25.88,71.77
21.08,21.08,41.57,25.53,71.29
23.10,23.10,39.97,25.29,71.76
24.13,24.13,37.24,18.54,70.62
29.80,29.80,39.58,25.18,69.92
27.85,27.85,33.98,24.20,61.88
20.20,20.20,15.93,12.89,38.40
8.46,8.46,4.32,3.91,16.09
1.40,1.40,0.66,0.01,2.93
0.03,0.03,-0.00,-0.00,0.23
-0.00,-0.00,-0.00,-0.00,-0.00
-0.00,-0.00,-0.00,-0.00,-0.00
-0.00,-0.00,-0.00,-0.00,-0.00
-0.00,-0.00,-0.00,-0.00,-0.00
-0.00,-0.00,-0.00,-0.00,-0.00
-0.00,-0.00,-0.00,-0.00,-0.00
-0.00,-0.00,-0.00,-0.00,-0.00
0.23,0.23,0.01,-0.00,0.34
4.19,4.19,0.89,0.31,4.33
7.29,7.29,4.67,3.22,6.87
17.15,17.15,13.70,12.06,18.30
19.02,19.02,23.52,20.19,25.61
29.50,29.50,42.12,29.90,70.27
24.81,24.81,39.72,27.56,71.03
23.17,23.17,38.75,22.09,71.34
20.38,20.38,37.97,21.30,72.13
21.14,21.14,35.84,16.88,70.30
27.34,27.34,40.27,28.77,68.63
19.35,19.35,23.48,22.53,49.85
10.56,10.56,14.06,7.84,24.86
4.08,4.08,7.07,0.35,8.18
1.35,1.35,0.71,-0.00,2.22
0.01,0.01,-0.00,-0.00,0.07
0.92,0.92,1.36,0.35,1.95
4.67,4.67,10.14,5.44,8.12
11.98,11.98,15.18,10.67,16.69
14.60,14.60,25.17,21.71,27.03
24.70,24.70,38.05,28.02,70.04
21.06,21.06,36.05,29.82,70.92
23.08,23.08,36.48,27.51,71.57
21.54,21.54,37.44,27.63,71.28
21.71,21.71,35.81,19.33,70.69
26.79,26.79,37.05,27.02,68.33
18.68,18.68,25.75,18.16,50.02
7.99,7.99,9.97,6.53,24.84
2.16,2.16,4.41,0.29,7.24
0.34,0.34,0.01,-0.00,1.28
-0.00,-0.00,-0.00,-0.00,0.04
0.01,0.01,0.26,0.22,0.43
0.97,0.97,7.73,2.32,6.91
5.10,5.10,15.40,11.34,15.40
12.80,12.80,27.17,21.07,25.77
23.69,23.69,36.25,26.03,69.79
16.91,16.91,38.21,26.94,71.11
18.27,18.27,33.54,23.58,70.77
18.78,18.78,36.35,26.44,71.37
16.93,16.93,36.21,21.77,70.34
17.20,17.20,31.62,17.75,70.73
19.66,19.66,35.98,22.79,69.24
18.94,18.94,40.72,20.61,70.44
20.68,20.68,42.31,23.07,70.58
21.94,21.94,38.70,17.66,72.59
22.91,22.91,39.81,19.18,70.38
23.61,23.61,41.05,19.44,71.33
26.86,26.86,38.92,18.17,72.06
21.48,21.48,32.33,19.00,62.51
7.99,7.99,28.37,17.95,39.93
19.80,19.80,40.58,25.14,69.17
19.40,19.40,42.32,19.55,71.03
18.32,18.32,40.17,23.66,69.82
18.81,18.81,43.67,19.92,71.34
21.26,21.26,45.57,22.87,70.39
20.92,20.92,41.18,21.50,68.52
12.30,12.30,28.75,14.13,47.93
17.24,17.24,36.57,25.17,51.36
22.20,22.20,41.04,21.20,71.11
20.28,20.28,37.82,21.78,70.59
23.21,23.21,42.57,24.54,71.59
23.05,23.05,41.28,26.31,71.49
22.95,22.95,40.51,24.48,70.15
18.40,18.40,31.70,14.04,61.42
10.55,10.55,24.20,16.53,37.86
23.99,23.99,42.91,27.75,65.68
23.31,23.31,42.90,30.01,71.70
24.74,24.74,43.03,24.74,71.75
26.51,26.51,44.15,30.00,71.21
23.53,23.53,39.86,18.22,70.72
24.47,24.47,38.75,24.83,68.57
18.07,18.07,29.50,20.22,48.48
19.56,19.56,29.45,30.66,49.43
26.28,26.28,26.45,33.64,71.60
23.42,23.42,31.58,41.97,71.93
25.71,25.71,29.93,41.19,72.54
27.72,27.72,28.89,38.64,72.63
26.00,26.00,29.52,38.71,72.43
25.00,25.00,26.03,39.74,68.21
25.11,25.11,21.50,38.94,65.02
30.34,30.34,26.75,36.85,70.25
27.20,27.20,31.80,39.24,72.28
23.43,23.43,37.32,43.33,71.27
23.38,23.38,39.59,40.87,71.09
30.42,30.42,33.10,34.79,71.23
24.70,24.70,25.77,31.14,69.63
18.21,18.21,25.73,26.00,61.05
20.91,20.91,35.01,32.59,64.90
26.99,26.99,48.04,40.52,72.98
22.73,22.73,47.33,49.89,74.30
21.49,21.49,43.61,48.59,71.91
22.66,22.66,43.22,47.65,72.01
24.53,24.53,43.26,47.60,73.09
29.79,29.79,42.42,48.57,68.95
30.11,30.11,34.37,48.64,65.11
31.98,31.98,33.31,46.17,64.54
33.37,33.37,34.14,46.84,65.08
34.47,34.47,43.06,48.07,66.47
35.77,35.77,44.85,41.47,60.61
37.60,37.60,37.02,29.45,60.49
34.97,34.97,32.01,29.93,59.62
28.14,28.14,29.21,34.11,57.50
24.40,24.40,35.46,38.45,64.64
19.58,19.58,44.01,44.25,71.45
15.54,15.54,43.59,47.68,72.53
16.43,16.43,41.45,51.22,73.35
22.17,22.17,43.07,50.69,72.28
24.09,24.09,42.43,51.01,71.74
28.21,28.21,40.35,53.18,67.59
29.18,29.18,35.71,49.63,62.79
31.41,31.41,30.74,45.59,59.14
29.77,29.77,38.70,46.69,64.12
31.04,31.04,37.74,50.13,65.40
31.74,31.74,37.70,49.94,65.91
33.18,33.18,36.31,49.95,65.01
32.66,32.66,41.23,47.81,64.48
32.80,32.80,36.11,47.88,64.64
29.99,29.99,36.20,48.17,65.58
31.82,31.82,37.57,46.87,64.85
32.82,32.82,39.65,46.99,64.51
31.08,31.08,46.42,44.39,63.31
31.04,31.04,41.90,34.43,60.11
32.42,32.42,40.87,30.08,60.49
32.17,32.17,36.46,35.94,59.42
22.56,22.56,33.21,38.27,59.74
26.54,26.54,44.90,43.88,71.09
23.15,23.15,44.49,46.51,72.30
22.39,22.39,42.77,44.76,71.87
22.10,22.10,42.32,49.53,72.76
22.15,22.15,41.96,48.11,71.63
25.22,25.22,41.42,44.93,69.93
25.65,25.65,34.18,48.52,64.52
31.37,31.37,36.17,49.18,65.83
33.09,33.09,37.59,48.70,65.65
33.72,33.72,37.38,48.43,64.35
34.74,34.74,45.39,42.19,63.23
35.36,35.36,38.89,35.32,58.61
35.57,35.57,36.33,30.91,59.70
34.77,34.77,34.22,30.10,59.54
28.58,28.58,32.24,36.78,60.90
27.88,27.88,39.77,41.01,70.83
22.21,22.21,39.41,49.32,72.32
22.44,22.44,39.98,52.24,72.49
22.31,22.31,38.86,53.00,71.77
21.43,21.43,37.43,51.03,71.46
26.38,26.38,37.49,50.39,69.20
28.71,28.71,33.19,49.20,64.94
31.98,31.98,34.80,51.08,64.63
35.01,35.01,36.27,49.23,65.15
33.69,33.69,36.74,48.71,64.78
33.79,33.79,46.06,44.29,65.06
35.27,35.27,39.11,34.99,60.09
35.46,35.46,37.63,30.68,60.24
33.88,33.88,34.83,31.51,57.84
26.82,26.82,31.94,37.05,58.60
24.90,24.90,33.45,43.89,70.58
21.15,21.15,33.11,46.96,71.68
22.98,22.98,34.93,51.87,72.46
22.95,22.95,32.90,51.54,72.48
20.35,20.35,30.96,51.60,72.00
19.81,19.81,28.87,52.12,71.90
19.90,19.90,30.52,51.05,70.35
19.69,19.69,29.10,47.15,70.11
21.04,21.04,31.14,43.52,70.56
21.79,21.79,29.74,48.87,72.99
21.54,21.54,29.73,48.09,72.33
21.94,21.94,31.60,47.35,74.00
25.42,25.42,32.56,47.93,72.62
24.35,24.35,30.37,49.20,67.90
20.72,20.72,25.11,47.51,63.84
24.25,24.25,25.74,39.35,70.81
19.62,19.62,25.44,43.76,71.80
19.22,19.22,28.33,47.28,71.26
18.88,18.88,29.90,47.66,72.14
22.84,22.84,29.38,46.13,72.07
26.03,26.03,30.50,46.31,71.21
23.54,23.54,30.82,48.77,65.58
21.76,21.76,29.54,45.35,64.40
21.87,21.87,33.61,44.81,71.69
16.15,16.15,32.73,53.78,71.50
19.18,19.18,34.31,52.57,73.07
18.74,18.74,34.40,49.53,72.52
18.18,18.18,31.81,49.03,71.33
20.88,20.88,31.49,49.50,66.52
17.94,17.94,31.02,49.30,66.16
24.50,24.50,39.47,47.05,71.27
21.82,21.82,41.96,46.95,72.53
22.41,22.41,44.40,47.32,72.27
21.58,21.58,45.46,40.59,71.00
19.78,19.78,42.32,29.98,70.03
22.29,22.29,42.23,31.20,69.24
19.23,19.23,33.79,38.39,61.81
22.15,22.15,29.60,42.88,62.61
22.61,22.61,30.88,46.48,71.13
21.26,21.26,30.88,55.44,71.32
21.19,21.19,31.57,56.16,70.24
22.02,22.02,31.76,54.45,71.13
21.91,21.91,30.40,54.64,71.33
23.00,23.00,31.13,53.15,66.67
23.86,23.86,32.92,53.30,62.78
22.02,22.02,32.52,52.98,70.72
21.12,21.12,37.72,52.30,71.54
20.17,20.17,42.40,51.61,70.97
19.16,19.16,38.45,45.07,70.75
22.78,22.78,35.81,39.46,70.37
24.82,24.82,33.07,35.88,69.41
18.66,18.66,30.05,33.28,60.83
17.55,17.55,38.40,43.16,63.79
16.84,16.84,45.59,48.09,71.63
16.57,16.57,44.83,56.19,73.55
15.55,15.55,41.69,56.24,71.96
17.62,17.62,41.73,52.84,72.54
21.67,21.67,43.07,53.89,73.10
25.26,25.26,41.18,50.85,68.94
26.87,26.87,41.76,51.20,64.07
30.96,30.96,39.37,51.66,64.34
33.31,33.31,44.82,51.12,63.10
34.66,34.66,47.08,50.19,63.37
32.63,32.63,43.51,43.52,61.34
31.89,31.89,40.47,33.77,58.74
30.79,30.79,40.85,30.23,59.65
24.54,24.54,35.90,35.81,59.15
21.84,21.84,37.30,41.42,64.46
19.14,19.14,43.75,43.21,71.98
15.78,15.78,45.31,55.46,71.51
16.09,16.09,45.83,56.08,73.19
18.04,18.04,45.17,53.56,72.10
21.65,21.65,45.43,54.61,70.21
23.58,23.58,42.18,53.60,67.73
26.32,26.32,33.72,51.13,60.74
29.93,29.93,30.75,44.51,57.80
34.06,34.06,33.44,51.86,63.27
34.26,34.26,38.23,54.47,65.09
34.96,34.96,42.82,52.98,64.76
36.93,36.93,40.63,51.56,64.48
36.21,36.21,40.69,53.21,64.90
34.54,34.54,38.23,52.54,64.62
35.45,35.45,41.84,53.43,65.20
34.90,34.90,42.94,52.72,65.35
35.06,35.06,50.37,50.62,64.85
35.19,35.19,47.93,46.74,62.31
35.82,35.82,42.88,34.54,58.37
37.52,37.52,41.10,31.72,57.63
34.18,34.18,37.93,33.85,57.12
25.53,25.53,34.84,39.38,58.16
25.53,25.53,44.76,46.85,70.31
19.45,19.45,44.34,53.88,72.00
19.12,19.12,43.40,54.33,72.00
18.03,18.03,41.79,50.94,72.86
19.51,19.51,41.57,51.46,71.63
24.44,24.44,42.02,52.10,70.42
28.25,28.25,41.04,50.96,65.48
33.32,33.32,42.83,51.67,63.81
36.46,36.46,41.80,50.70,63.13
36.06,36.06,47.06,49.24,63.43
35.82,35.82,47.82,44.71,62.35
36.72,36.72,41.72,36.53,57.30
37.89,37.89,39.63,33.44,57.54
34.45,34.45,36.23,36.05,57.24
27.60,27.60,32.30,37.80,60.43
23.94,23.94,39.36,43.51,71.22
20.38,20.38,40.56,53.82,71.67
18.76,18.76,39.82,56.61,72.23
19.31,19.31,39.69,55.03,71.35
17.16,17.16,35.84,53.64,71.31
24.10,24.10,38.21,53.89,70.19
25.79,25.79,36.27,53.18,65.04
31.85,31.85,37.22,53.90,64.35
36.69,36.69,36.53,51.68,63.71
34.99,34.99,43.79,51.37,64.79
33.41,33.41,44.59,47.54,63.68
36.18,36.18,38.86,35.25,57.90
38.50,38.50,38.45,30.12,57.16
34.45,34.45,35.40,31.99,58.01
26.44,26.44,31.80,37.13,58.35
21.78,21.78,37.11,42.23,70.30
18.20,18.20,35.94,49.94,71.51
18.78,18.78,33.63,54.75,70.96
19.87,19.87,32.77,53.85,73.15
19.03,19.03,30.93,53.61,71.55
17.00,17.00,30.52,54.98,71.69
18.67,18.67,31.24,53.26,71.17
19.12,19.12,31.45,48.13,70.62
21.22,21.22,33.19,44.11,70.72
22.16,22.16,33.25,52.34,72.56
22.28,22.28,32.80,53.68,71.69
22.67,22.67,33.14,51.24,72.32
22.67,22.67,35.05,51.82,73.16
19.51,19.51,33.55,50.27,67.06
12.40,12.40,30.07,48.23,62.86
17.43,17.43,31.18,41.92,70.71
19.05,19.05,30.11,46.85,71.87
19.03,19.03,32.00,51.97,70.89
17.13,17.13,34.19,49.49,71.94
19.16,19.16,34.78,48.95,72.43
19.99,19.99,33.34,51.49,70.04
18.09,18.09,30.53,51.99,64.26
16.17,16.17,31.35,42.00,65.56
19.68,19.68,38.36,45.73,72.32
16.92,16.92,35.84,54.31,72.26
21.07,21.07,36.68,54.93,72.62
21.53,21.53,35.99,52.26,72.25
18.74,18.74,33.30,53.11,71.34
18.70,18.70,32.63,51.83,68.31
14.38,14.38,31.86,51.43,65.82
19.19,19.19,40.56,49.41,70.66
20.12,20.12,44.11,47.85,72.49
19.91,19.91,45.25,44.67,73.61
18.45,18.45,45.18,36.01,72.91
17.07,17.07,43.17,30.14,71.35
20.27,20.27,44.54,29.36,68.62
16.18,16.18,34.36,27.42,59.61
17.03,17.03,33.88,40.66,63.05
17.39,17.39,33.15,45.51,69.82
19.83,19.83,33.18,57.24,71.99
22.26,22.26,30.07,57.11,70.97
21.92,21.92,32.66,56.01,71.05
23.05,23.05,31.84,55.57,71.25
22.88,22.88,27.50,54.73,67.23
20.55,20.55,28.81,53.83,62.42
19.53,19.53,32.99,53.50,70.02
18.46,18.46,33.94,51.59,70.80
17.98,17.98,33.97,47.77,70.57
18.40,18.40,34.31,40.70,70.65
19.73,19.73,35.79,33.81,70.28
17.70,17.70,36.29,35.47,68.71
14.85,14.85,33.83,34.14,59.49
15.25,15.25,40.03,42.05,65.02
13.63,13.63,50.31,47.08,72.37
12.41,12.41,48.81,55.72,73.36
18.02,18.02,45.84,56.59,72.67
23.89,23.89,46.56,56.27,71.14
21.22,21.22,48.16,56.10,72.46
18.40,18.40,42.83,55.39,69.48
24.38,24.38,37.35,53.63,64.11
27.20,27.20,40.21,53.23,63.36
30.96,30.96,43.11,51.84,64.77
32.08,32.08,45.50,48.73,65.33
31.57,31.57,42.69,43.20,63.05
30.18,30.18,39.16,34.59,59.56
28.85,28.85,37.62,34.00,59.87
25.24,25.24,36.46,36.50,60.00
21.14,21.14,41.31,38.99,66.61
16.31,16.31,47.51,45.68,72.63
15.71,15.71,48.71,53.22,72.53
15.31,15.31,48.18,54.94,72.34
14.70,14.70,46.21,53.93,71.27
19.53,19.53,46.76,54.23,71.40
20.13,20.13,41.76,54.37,67.45
23.08,23.08,34.62,50.52,62.41
28.38,28.38,31.04,46.96,58.04
30.66,30.66,36.23,53.61,62.25
33.33,33.33,37.49,56.11,63.15
32.78,32.78,38.55,55.53,63.17
34.86,34.86,39.22,55.16,64.27
32.74,32.74,37.83,54.94,63.58
32.82,32.82,40.68,54.18,65.01
33.80,33.80,43.52,54.05,64.08
32.95,32.95,43.61,53.55,64.28
33.33,33.33,47.46,49.97,64.21
33.74,33.74,48.91,46.03,62.59
34.41,34.41,45.50,34.43,59.04
34.04,34.04,42.73,31.07,58.06
29.58,29.58,39.37,36.67,59.11
23.71,23.71,37.22,42.12,58.30
21.12,21.12,45.61,46.06,71.51
14.77,14.77,45.84,52.98,71.42
14.63,14.63,44.64,55.71,72.66
12.83,12.83,44.64,56.55,71.58
13.42,13.42,45.23,55.18,71.02
19.62,19.62,45.12,53.29,70.43
26.14,26.14,38.19,53.90,64.66
31.52,31.52,40.24,53.59,63.46
34.42,34.42,44.53,53.18,63.70
35.25,35.25,46.39,50.66,63.75
35.76,35.76,47.61,45.89,62.01
36.53,36.53,42.83,38.86,57.03
37.51,37.51,42.69,36.88,58.80
33.12,33.12,35.74,38.66,58.64
22.72,22.72,35.60,42.53,58.45
22.05,22.05,43.28,45.33,71.36
16.51,16.51,43.80,55.54,71.75
17.87,17.87,43.27,56.87,73.89
20.68,20.68,43.54,56.28,72.59
23.40,23.40,42.13,55.39,71.92
25.39,25.39,41.57,54.98,70.21
24.69,24.69,36.54,55.55,65.26
31.14,31.14,35.12,55.16,64.66
32.53,32.53,41.51,54.69,64.84
33.83,33.83,44.27,52.28,65.67
34.40,34.40,46.17,47.87,63.89
35.36,35.36,42.53,34.65,58.14
35.63,35.63,42.53,34.09,58.97
32.82,32.82,38.01,34.41,59.57
24.72,24.72,35.82,38.26,58.65
23.84,23.84,42.49,39.16,70.61
18.03,18.03,41.68,47.60,72.03
18.07,18.07,41.08,52.38,71.99
17.54,17.54,39.51,52.77,71.85
16.71,16.71,37.92,53.10,70.72
15.10,15.10,35.42,51.51,70.77
15.07,15.07,36.02,49.56,70.79
16.91,16.91,36.58,45.56,70.38
18.37,18.37,37.91,44.69,71.54
20.29,20.29,38.68,52.88,72.91
20.93,20.93,36.97,52.80,71.93
22.25,22.25,38.64,51.16,72.97
21.83,21.83,38.93,51.42,72.60
20.71,20.71,36.62,50.67,68.79
17.57,17.57,33.92,47.99,62.83
21.46,21.46,37.09,47.27,70.27
18.66,18.66,37.01,50.97,71.34
16.63,16.63,34.67,54.06,71.89
16.67,16.67,37.07,53.79,72.85
17.06,17.06,38.15,53.63,71.06
16.03,16.03,34.92,52.61,69.65
13.37,13.37,32.51,51.61,65.57
14.59,14.59,36.32,46.67,64.88
15.96,15.96,44.50,47.37,72.02
12.21,12.21,43.08,54.52,71.98
15.50,15.50,42.67,56.28,71.61
15.68,15.68,42.59,55.98,72.70
16.00,16.00,41.01,55.15,71.15
15.67,15.67,38.96,54.68,67.53
8.64,8.64,31.34,54.35,65.36
14.75,14.75,45.59,52.97,72.12
12.73,12.73,46.85,49.23,71.76
14.20,14.20,49.17,44.73,72.94
14.11,14.11,47.00,36.06,72.40
13.99,13.99,46.62,28.76,70.39
18.04,18.04,45.83,27.78,68.81
13.85,13.85,36.80,28.66,61.71
14.60,14.60,38.79,44.65,64.11
16.12,16.12,39.61,47.97,68.82
16.72,16.72,38.29,57.50,71.09
17.24,17.24,37.03,57.07,70.44
18.90,18.90,37.32,55.88,70.28
21.07,21.07,36.82,55.88,70.75
23.41,23.41,31.90,56.16,67.10
19.36,19.36,31.08,55.80,62.58
20.19,20.19,35.71,55.78,70.13
21.83,21.83,37.14,53.90,70.94
18.16,18.16,37.41,49.89,71.65
16.86,16.86,37.29,41.56,70.08
16.52,16.52,37.64,28.87,69.71
14.56,14.56,39.41,31.02,70.12
8.90,8.90,33.34,28.36,60.84
10.80,10.80,43.97,39.72,64.93
9.87,9.87,55.83,48.39,72.42
6.49,6.49,55.46,57.00,73.65
8.28,8.28,52.43,57.49,72.84
12.79,12.79,52.88,57.23,72.46
12.56,12.56,52.76,57.11,71.76
15.03,15.03,47.64,56.74,67.92
14.66,14.66,38.82,55.97,63.58
20.39,20.39,38.64,55.47,63.53
23.91,23.91,39.50,54.00,63.30
27.27,27.27,44.95,50.82,64.53
26.32,26.32,44.06,40.32,61.16
26.72,26.72,39.41,29.18,60.00
24.80,24.80,35.66,28.50,58.55
16.78,16.78,31.70,32.38,59.69
15.72,15.72,40.80,39.32,65.58
20.37,20.37,50.30,47.09,72.82
22.56,22.56,50.28,55.91,72.77
19.15,19.15,49.34,56.67,72.32
14.34,14.34,45.76,55.57,71.41
18.02,18.02,47.34,55.25,71.11
19.28,19.28,43.52,55.50,67.54
17.74,17.74,32.90,51.90,61.74
19.74,19.74,32.43,46.65,59.09
24.90,24.90,39.89,55.21,61.62
23.40,23.40,37.86,57.54,63.79
23.79,23.79,37.60,57.02,63.33
24.80,24.80,39.40,56.86,64.53
25.45,25.45,37.93,56.48,63.72
28.31,28.31,38.79,56.36,63.67
28.06,28.06,40.81,55.34,63.67
29.02,29.02,42.25,54.04,65.01
32.06,32.06,42.60,49.69,64.63
35.13,35.13,48.09,43.63,63.31
36.58,36.58,41.17,25.58,58.39
36.10,36.10,40.35,28.50,56.96
31.52,31.52,39.83,36.09,58.54
25.18,25.18,36.09,34.38,58.48
25.44,25.44,50.85,43.27,71.31
18.31,18.31,51.73,50.90,71.26
16.07,16.07,50.11,55.78,73.18
13.86,13.86,48.49,55.78,73.01
13.49,13.49,46.19,55.13,71.05
19.89,19.89,46.30,56.15,70.33
22.33,22.33,38.33,54.73,64.75
24.04,24.04,37.28,55.19,65.50
27.01,27.01,40.09,52.94,64.28
29.53,29.53,42.01,51.62,65.71
27.96,27.96,43.86,46.31,63.26
31.35,31.35,39.71,34.16,58.50
32.41,32.41,39.73,27.17,58.83
27.94,27.94,37.26,31.16,59.19
20.62,20.62,37.51,39.63,59.52
19.52,19.52,50.79,45.14,71.38
13.98,13.98,51.38,52.02,72.98
13.60,13.60,51.39,55.49,72.91
14.15,14.15,50.29,55.72,72.70
14.63,14.63,49.39,54.36,72.56
16.55,16.55,48.66,53.98,71.00
20.79,20.79,48.22,52.46,64.51
23.76,23.76,49.12,54.39,65.03
25.27,25.27,50.89,53.28,64.92
25.04,25.04,51.02,51.33,64.25
28.33,28.33,51.20,46.54,63.16
31.42,31.42,48.76,33.93,58.39
32.23,32.23,47.32,27.53,59.74
27.08,27.08,45.09,30.70,60.28
21.36,21.36,44.52,37.09,61.50
18.19,18.19,51.79,46.90,70.05
15.09,15.09,52.94,50.73,72.30
10.92,10.92,52.19,52.91,72.33
8.89,8.89,52.50,49.49,72.00
11.63,11.63,50.07,49.69,72.53
14.01,14.01,48.51,53.38,71.52
17.35,17.35,49.34,51.67,70.47
18.28,18.28,48.34,46.15,70.54
19.19,19.19,46.70,42.26,69.94
21.10,21.10,45.34,47.09,72.22
23.64,23.64,46.17,49.13,72.42
22.06,22.06,46.38,47.04,72.58
21.88,21.88,47.13,46.65,73.58
17.06,17.06,45.96,46.44,67.33
13.43,13.43,45.29,49.64,61.85
15.36,15.36,57.38,48.24,70.87
14.31,14.31,62.06,54.22,72.01
19.23,19.23,62.56,56.71,72.45
15.96,15.96,61.89,53.36,73.62
14.09,14.09,62.06,51.90,72.31
11.38,11.38,61.05,54.69,69.95
16.17,16.17,59.63,54.90,67.21
12.68,12.68,59.61,49.98,67.23
10.65,10.65,61.68,49.19,72.70
11.35,11.35,62.41,55.72,71.60
7.17,7.17,63.06,58.31,72.57
8.43,8.43,61.11,55.62,71.90
10.56,10.56,59.50,55.31,71.06
12.98,12.98,58.90,54.85,66.99
11.03,11.03,56.00,55.82,65.79
13.59,13.59,57.47,55.90,71.02
14.01,14.01,58.07,54.33,71.45
12.22,12.22,57.39,52.11,72.07
10.43,10.43,56.81,45.84,70.25
11.46,11.46,55.40,39.46,70.82
11.21,11.21,53.87,33.99,68.08
10.13,10.13,50.54,43.99,59.88
11.02,11.02,60.52,58.74,68.35
13.16,13.16,78.65,70.66,76.51
9.78,9.78,71.83,70.71,78.97
6.58,6.58,65.78,72.29,79.11
5.88,5.88,64.43,72.29,79.63
6.78,6.78,67.88,73.61,79.13
11.46,11.46,72.17,74.49,77.69
8.79,8.79,74.93,67.77,76.26
15.78,15.78,70.72,75.05,76.84
13.78,13.78,63.48,74.09,77.55
11.97,11.97,63.35,65.70,77.01
15.72,15.72,62.51,65.68,77.61
14.12,14.12,61.10,58.27,78.93
13.08,13.08,60.28,53.30,79.32
9.39,9.39,61.92,51.86,76.62
6.95,6.95,66.24,52.21,75.80
2.78,2.78,72.11,69.72,77.48
1.47,1.47,69.96,69.40,76.85
4.11,4.11,65.89,71.46,77.82
12.96,12.96,61.49,71.60,78.80
14.96,14.96,61.34,71.22,80.08
14.15,14.15,59.07,74.86,77.26
7.14,7.14,57.38,72.60,76.97
2.38,2.38,55.53,76.26,75.57
2.57,2.57,54.52,74.72,74.90
1.54,1.54,54.47,68.41,74.93
1.66,1.66,55.23,64.94,73.03
3.14,3.14,55.02,57.66,74.11
4.78,4.78,54.72,44.83,72.89
2.10,2.10,56.09,51.32,74.13
1.70,1.70,59.72,57.37,74.21
7.48,7.48,78.18,72.89,77.76
6.96,6.96,70.25,69.72,78.31
6.32,6.32,72.10,73.80,76.56
9.34,9.34,66.28,75.40,78.12
6.11,6.11,69.75,71.49,79.26
3.18,3.18,74.06,76.69,78.81
2.30,2.30,76.21,66.16,76.98
4.98,4.98,70.54,71.84,75.93
11.62,11.62,61.94,66.52,75.98
9.10,9.10,61.23,74.91,76.86
4.41,4.41,61.82,67.96,76.79
5.34,5.34,59.55,73.88,74.70
9.57,9.57,57.88,70.16,74.79
4.66,4.66,59.98,69.58,73.06
2.08,2.08,68.56,75.78,73.12
0.77,0.77,73.02,70.40,73.19
9.36,9.36,69.10,73.94,73.56
10.79,10.79,67.11,67.85,73.18
18.42,18.42,67.13,58.34,74.20
19.18,19.18,64.43,52.62,74.04
12.86,12.86,61.19,51.28,70.38
4.67,4.67,57.74,58.62,70.40
4.09,4.09,59.42,65.32,76.70
7.38,7.38,56.92,67.93,76.99
10.98,10.98,55.42,75.20,76.45
8.19,8.19,54.70,62.15,76.72
9.25,9.25,54.01,76.05,79.77
10.03,10.03,53.46,70.96,77.33
9.15,9.15,55.16,67.68,74.49
13.09,13.09,65.88,72.29,76.25
9.01,9.01,74.76,73.34,75.98
8.79,8.79,73.88,71.32,74.38
10.97,10.97,71.64,65.80,74.43
6.82,6.82,64.48,64.79,72.23
10.06,10.06,69.39,57.43,72.31
12.82,12.82,71.07,53.02,71.95
11.53,11.53,75.45,58.47,71.54
13.30,13.30,72.85,69.91,76.83
12.37,12.37,64.78,66.11,78.37
7.75,7.75,59.41,75.05,76.35
12.40,12.40,57.76,66.20,78.24
7.79,7.79,57.02,72.30,79.77
11.25,11.25,56.34,69.49,78.64
8.24,8.24,57.96,69.08,74.95
4.94,4.94,66.65,76.57,75.41
6.92,6.92,70.27,70.27,76.79
13.41,13.41,66.42,74.80,77.08
16.84,16.84,65.65,69.92,75.80
15.16,15.16,66.35,52.16,74.48
13.60,13.60,63.56,53.72,73.40
13.45,13.45,62.65,49.58,72.20
12.58,12.58,62.35,55.04,72.29
7.34,7.34,70.81,66.20,76.03
6.16,6.16,72.67,70.30,76.39
9.41,9.41,70.03,69.11,77.37
14.15,14.15,69.66,67.64,75.85
10.62,10.62,63.70,75.31,77.30
4.68,4.68,71.61,74.35,76.97
2.06,2.06,76.45,67.12,77.20
7.94,7.94,75.46,71.84,77.20
7.34,7.34,67.09,70.72,76.37
2.74,2.74,62.60,65.59,78.49
1.78,1.78,59.24,69.54,77.40
0.81,0.81,61.74,72.08,78.64
0.33,0.33,58.85,66.08,77.98
2.00,2.00,60.33,67.45,77.83
8.40,8.40,63.47,63.47,76.37
11.75,11.75,71.04,69.40,77.55
6.75,6.75,70.89,70.42,77.01
3.31,3.31,70.16,70.66,75.50
4.57,4.57,71.01,68.09,75.88
5.37,5.37,64.09,75.70,76.93
7.13,7.13,72.80,72.19,77.17
7.41,7.41,76.84,69.48,74.72
8.95,8.95,72.52,67.12,75.28
5.97,5.97,74.24,71.71,77.58
18.56,18.56,72.13,68.11,78.56
10.03,10.03,65.80,71.38,78.69
8.00,8.00,65.03,72.61,79.52
2.13,2.13,63.85,70.13,78.41
3.13,3.13,62.07,74.44,78.19
3.56,3.56,60.18,74.31,76.62
3.94,3.94,57.73,74.49,77.93
7.48,7.48,56.77,74.72,77.21
13.36,13.36,55.65,67.79,77.09
16.38,16.38,53.57,66.12,78.81
18.46,18.46,53.01,49.26,78.88
16.93,16.93,52.99,47.36,77.77
9.94,9.94,55.46,51.37,77.16
7.96,7.96,64.25,56.73,75.95
12.23,12.23,78.85,73.63,77.37
12.94,12.94,67.94,70.36,77.34
6.19,6.19,65.93,75.15,75.83
7.56,7.56,68.91,67.38,76.11
11.54,11.54,70.09,69.30,77.63
9.51,9.51,73.49,71.48,77.38
6.93,6.93,77.44,71.94,74.81
10.41,10.41,69.89,74.50,77.43
13.81,13.81,58.53,68.55,77.11
10.80,10.80,59.94,72.32,78.78
9.31,9.31,59.97,58.68,77.60
9.93,9.93,58.92,58.20,78.78
12.54,12.54,56.41,53.93,77.45
10.63,10.63,61.67,54.43,73.99
3.34,3.34,64.80,56.53,75.26
1.44,1.44,72.84,71.45,76.42
8.76,8.76,69.44,67.00,78.86
11.41,11.41,66.91,77.22,79.13
17.37,17.37,64.79,68.27,79.89
13.33,13.33,63.43,74.11,78.73
5.49,5.49,61.04,65.12,76.96
2.37,2.37,59.24,70.19,75.60
6.42,6.42,58.27,72.05,76.48
9.33,9.33,57.65,68.23,74.75
13.88,13.88,55.84,74.37,74.12
17.77,17.77,54.01,56.60,73.51
18.80,18.80,53.08,58.10,72.42
16.61,16.61,51.30,44.34,73.14
12.83,12.83,53.08,47.33,71.94
8.43,8.43,58.83,50.93,72.79
16.75,16.75,74.72,65.13,77.92
14.95,14.95,69.05,67.32,77.19
14.06,14.06,73.33,76.53,78.62
8.95,8.95,65.81,68.79,80.01
7.47,7.47,68.31,71.79,79.77
6.96,6.96,73.06,68.93,79.18
6.55,6.55,76.53,72.30,74.00
7.16,7.16,72.99,71.98,77.16
16.12,16.12,65.94,69.28,76.67
15.30,15.30,62.76,74.20,76.72
13.45,13.45,59.97,70.87,75.55
11.57,11.57,59.94,77.08,74.75
11.77,11.77,58.69,66.66,74.46
12.82,12.82,60.89,77.85,74.80
15.01,15.01,65.81,66.96,74.71
8.00,8.00,73.64,75.32,75.86
2.89,2.89,72.17,71.08,74.23
7.95,7.95,66.68,71.27,74.21
6.55,6.55,66.73,61.12,73.86
4.89,4.89,65.87,58.13,73.67
5.20,5.20,62.96,51.73,73.80
12.55,12.55,60.09,54.20,71.71
7.70,7.70,59.12,60.59,77.07
8.65,8.65,59.57,72.16,76.59
13.16,13.16,57.17,71.41,76.37
14.94,14.94,54.40,70.80,77.77
15.47,15.47,55.70,75.43,78.30
12.87,12.87,55.14,64.16,77.34
12.07,12.07,57.82,76.34,75.80
13.59,13.59,61.32,65.78,74.78
14.52,14.52,78.88,77.37,74.46
7.48,7.48,71.96,68.42,73.35
6.39,6.39,70.74,67.31,72.08
4.64,4.64,66.83,60.85,71.44
9.61,9.61,68.22,58.75,70.67
13.48,13.48,73.95,54.42,72.35
11.83,11.83,77.16,54.66,69.44
10.96,10.96,70.90,63.56,76.74
14.78,14.78,63.53,71.85,76.51
14.68,14.68,63.63,74.63,77.71
10.23,10.23,59.97,72.42,77.41
6.12,6.12,60.82,77.17,77.95
6.33,6.33,58.26,65.01,78.17
3.85,3.85,62.50,77.70,75.39
5.09,5.09,66.34,66.44,75.72
4.41,4.41,71.79,74.93,76.57
5.96,5.96,70.06,66.99,75.92
8.93,8.93,65.64,65.96,75.28
9.01,9.01,64.61,55.67,74.20
13.07,13.07,63.95,54.70,73.29
5.76,5.76,61.43,48.96,72.86
8.61,8.61,60.22,55.73,71.88
8.97,8.97,72.01,64.05,77.42
3.18,3.18,72.20,67.62,76.86
2.99,2.99,70.79,74.90,78.44
5.43,5.43,66.34,69.74,77.45
5.77,5.77,70.08,78.05,77.77
4.79,4.79,69.07,72.71,76.97
4.23,4.23,75.90,74.82,75.87
2.59,2.59,74.36,72.80,77.79
2.10,2.10,64.97,73.13,78.82
0.36,0.36,59.24,71.00,78.51
1.06,1.06,59.42,77.52,78.27
2.12,2.12,58.29,67.62,77.04
2.00,2.00,58.20,74.69,77.14
0.45,0.45,59.96,72.74,75.66
5.12,5.12,62.41,72.56,73.72
7.38,7.38,73.48,70.86,75.83
13.55,13.55,70.97,69.49,76.67
16.08,16.08,69.47,73.42,74.24
13.42,13.42,66.06,66.94,75.71
11.14,11.14,68.76,74.56,76.65
10.11,10.11,69.19,69.48,75.10
9.20,9.20,76.70,68.35,74.36
9.95,9.95,73.39,74.21,73.44
8.39,8.39,75.02,74.93,75.07
11.09,11.09,71.70,66.74,76.27
16.10,16.10,66.86,77.57,77.62
17.10,17.10,67.00,69.00,76.31
11.17,11.17,66.40,75.17,76.56
15.08,15.08,64.41,73.33,76.28
14.22,14.22,63.15,74.72,74.80
10.06,10.06,60.76,73.13,77.24
8.83,8.83,60.48,69.37,78.22
11.64,11.64,58.09,73.32,77.53
14.03,14.03,58.30,62.54,77.95
15.69,15.69,56.02,61.71,77.96
15.08,15.08,54.81,52.44,78.75
10.38,10.38,55.91,47.10,76.18
8.41,8.41,60.15,55.92,76.35
10.62,10.62,76.39,70.45,77.15
11.27,11.27,68.05,62.86,77.36
9.30,9.30,68.90,73.71,77.64
9.25,9.25,68.96,69.39,80.87
7.77,7.77,71.69,77.41,79.50
8.52,8.52,72.31,68.66,76.96
8.46,8.46,75.70,73.74,75.99
11.55,11.55,70.78,69.70,77.26
10.72,10.72,64.20,71.99,76.40
9.95,9.95,58.77,66.83,76.30
11.48,11.48,58.50,62.35,76.97
13.64,13.64,58.02,52.14,79.35
8.87,8.87,57.60,51.15,76.78
9.66,9.66,60.89,53.63,75.96
8.93,8.93,68.80,56.34,75.32
13.94,13.94,72.77,73.31,76.25
8.24,8.24,69.90,66.85,77.43
10.72,10.72,66.81,79.70,78.89
15.86,15.86,63.82,66.47,79.68
10.00,10.00,61.07,78.96,77.98
7.20,7.20,59.28,68.50,76.83
9.77,9.77,59.41,77.83,75.81
9.36,9.36,58.70,67.31,73.72
10.48,10.48,56.75,77.20,76.29
11.94,11.94,54.21,68.65,74.18
14.73,14.73,51.53,70.18,73.00
13.76,13.76,50.58,53.66,72.66
14.35,14.35,50.01,55.18,72.96
10.72,10.72,54.18,46.56,72.56
8.22,8.22,60.47,56.34,72.83
12.46,12.46,75.30,73.32,76.96
5.18,5.18,67.96,67.41,77.45
6.01,6.01,72.31,78.38,78.68
5.24,5.24,64.91,66.35,78.93
5.83,5.83,70.43,79.57,78.79
12.75,12.75,71.04,72.88,77.42
12.35,12.35,74.63,75.97,73.83
4.43,4.43,71.70,70.36,75.15
1.71,1.71,65.70,70.42,76.45
6.75,6.75,63.00,72.56,74.79
10.22,10.22,62.27,71.80,73.29
11.60,11.60,60.10,73.99,75.07
6.64,6.64,56.83,70.71,72.85
6.77,6.77,57.82,74.49,74.06
2.45,2.45,65.94,68.24,73.52
14.11,14.11,73.53,72.47,75.63
6.96,6.96,68.54,67.63,73.08
9.34,9.34,66.23,69.39,74.01
3.67,3.67,67.17,56.82,72.06
8.55,8.55,64.32,56.52,72.40
12.03,12.03,62.87,52.88,73.59
9.36,9.36,60.17,56.55,68.97
6.75,6.75,59.12,67.82,75.88
3.47,3.47,57.78,71.30,77.44
3.59,3.59,57.17,72.09,76.74
4.26,4.26,55.50,72.84,77.81
9.74,9.74,53.58,73.17,79.39
14.09,14.09,52.44,71.06,78.15
12.12,12.12,55.82,75.12,74.94
10.39,10.39,61.39,70.72,75.29
10.34,10.34,77.24,76.30,75.53
14.44,14.44,66.47,68.81,73.89
11.48,11.48,72.28,66.39,73.01
9.67,9.67,64.43,60.73,72.87
12.60,12.60,67.95,56.13,73.47
8.71,8.71,73.55,51.59,73.06
8.66,8.66,77.28,59.83,72.04
15.07,15.07,70.86,70.20,77.87
16.55,16.55,62.20,72.75,77.36
10.91,10.91,62.00,75.48,77.20
10.63,10.63,59.30,76.33,77.53
12.50,12.50,58.75,77.56,78.12
8.10,8.10,58.72,75.33,76.47
5.66,5.66,59.42,78.18,76.04
3.48,3.48,67.53,72.09,74.53
8.88,8.88,71.90,77.50,76.86
17.55,17.55,69.85,75.00,75.36
9.69,9.69,64.51,72.32,75.57
14.63,14.63,64.07,56.29,73.56
10.90,10.90,62.86,57.30,72.20
13.77,13.77,60.33,49.67,71.93
13.81,13.81,60.42,54.45,72.31
3.76,3.76,71.54,67.71,76.54
7.64,7.64,70.27,67.78,78.43
12.05,12.05,69.38,72.15,77.78
9.21,9.21,67.44,73.07,76.77
11.36,11.36,69.34,74.43,77.75
10.64,10.64,71.89,70.93,75.25
10.16,10.16,75.35,67.92,75.71
17.21,17.21,73.52,67.48,75.12
6.39,6.39,68.15,76.41,76.86
5.30,5.30,59.72,62.86,79.43
9.88,9.88,61.61,76.51,79.00
14.33,14.33,58.00,69.73,77.37
7.14,7.14,57.48,73.21,76.19
3.17,3.17,58.23,66.21,74.01
6.95,6.95,62.17,62.34,72.22
8.84,8.84,71.18,71.99,75.69
8.35,8.35,67.94,68.35,76.61
8.52,8.52,64.76,68.15,75.79
10.83,10.83,68.95,67.84,77.74
9.34,9.34,72.04,73.39,77.60
9.11,9.11,70.95,71.72,76.08
6.95,6.95,75.55,71.53,75.09
7.99,7.99,71.64,59.72,75.84
4.72,4.72,74.38,73.68,77.55
11.47,11.47,73.05,65.46,76.38
16.55,16.55,70.62,78.62,76.97
15.73,15.73,66.48,64.52,77.76
16.45,16.45,63.19,78.01,77.45
14.49,14.49,62.98,68.43,75.31
9.31,9.31,61.44,77.02,75.35
10.30,10.30,59.79,68.39,76.19
7.74,7.74,58.72,76.07,76.79
6.43,6.43,57.67,67.17,76.04
11.52,11.52,56.73,67.21,76.90
14.23,14.23,54.64,55.04,76.79
13.83,13.83,53.63,53.24,78.34
12.44,12.44,56.09,47.21,73.41
12.10,12.10,61.22,51.74,75.91
12.59,12.59,75.21,72.65,78.81
11.36,11.36,72.05,68.46,77.35
17.73,17.73,74.48,76.11,78.70
10.30,10.30,67.24,73.36,80.62
1.88,1.88,69.29,76.24,80.11
2.54,2.54,72.84,72.26,76.64
3.62,3.62,76.39,73.70,74.91
4.87,4.87,72.55,69.16,77.77
4.88,4.88,63.95,78.33,77.62
8.69,8.69,58.32,70.15,77.58
11.23,11.23,56.10,65.82,77.94
5.96,5.96,56.16,56.45,78.84
3.75,3.75,58.81,57.15,81.02
13.59,13.59,60.38,50.17,77.34
10.19,10.19,64.99,56.11,75.70
8.97,8.97,73.04,72.37,79.09
18.14,18.14,71.12,68.62,77.99
7.03,7.03,67.23,77.72,78.00
17.61,17.61,66.90,69.46,77.80
16.46,16.46,63.71,75.94,78.48
11.57,11.57,61.54,66.50,76.75
6.56,6.56,61.30,74.76,75.97
13.22,13.22,60.48,70.62,73.65
15.10,15.10,58.11,72.19,73.75
13.80,13.80,55.37,69.30,75.45
11.03,11.03,53.51,64.06,73.51
11.71,11.71,52.10,58.55,72.60
10.28,10.28,52.30,52.93,72.44
6.88,6.88,56.25,55.15,71.46
7.13,7.13,65.47,55.73,71.53
12.47,12.47,75.15,70.96,77.64
4.50,4.50,72.00,69.77,77.13
3.40,3.40,72.87,73.32,76.44
8.50,8.50,63.63,73.24,76.69
11.70,11.70,69.32,77.82,79.23
10.55,10.55,74.66,72.51,75.44
7.89,7.89,77.66,70.57,72.22
16.22,16.22,71.94,70.35,74.35
13.87,13.87,63.04,70.00,74.33
8.84,8.84,60.00,71.74,74.92
10.63,10.63,62.47,72.52,76.65
3.14,3.14,58.89,70.60,75.23
15.80,15.80,59.82,75.28,75.57
11.81,11.81,60.51,71.07,72.49
4.24,4.24,67.47,76.81,73.07
2.07,2.07,75.00,68.40,72.33
0.36,0.36,72.45,77.06,74.89
1.06,1.06,67.40,68.28,72.66
13.01,13.01,67.48,63.48,73.35
11.66,11.66,64.32,57.30,73.00
2.42,2.42,62.36,47.43,71.50
1.78,1.78,60.24,58.77,70.68
1.34,1.34,61.67,63.52,76.70
2.82,2.82,61.20,71.77,75.93
5.47,5.47,58.69,69.96,76.51
3.46,3.46,55.24,66.29,77.51
2.80,2.80,54.75,76.99,80.00
1.53,1.53,56.65,65.65,77.43
2.08,2.08,58.34,77.02,75.07
5.55,5.55,64.72,65.54,74.67
7.26,7.26,74.69,74.18,76.63
9.39,9.39,70.37,66.06,74.07
7.56,7.56,67.87,69.43,74.05
5.26,5.26,66.05,60.20,73.29
5.12,5.12,61.64,51.67,73.02
8.72,8.72,61.07,53.21,74.01
5.34,5.34,58.27,55.87,73.59
6.48,6.48,64.81,64.77,76.98
7.45,7.45,67.04,70.02,76.47
6.38,6.38,65.23,77.83,76.61
3.57,3.57,68.68,69.24,77.43
2.62,2.62,72.90,77.99,79.34
3.66,3.66,68.49,65.09,77.63
4.99,4.99,71.66,77.94,77.34
5.94,5.94,65.92,68.18,75.02
7.30,7.30,72.63,75.25,76.36
8.74,8.74,69.33,65.50,76.72
6.96,6.96,64.35,68.22,75.64
4.35,4.35,64.78,60.51,74.07
3.34,3.34,62.31,54.91,74.14
3.02,3.02,58.74,50.45,73.25
1.82,1.82,60.12,52.67,71.39
1.14,1.14,68.77,59.90,76.27
0.66,0.66,68.16,65.81,77.35
1.48,1.48,66.17,73.56,77.55
2.00,2.00,64.25,66.32,77.83
2.57,2.57,63.08,69.48,78.14
3.21,3.21,63.08,69.08,78.18
3.01,3.01,62.04,70.42,76.43
2.02,2.02,60.53,70.16,77.31
1.88,1.88,58.80,73.19,77.71
2.56,2.56,59.36,66.93,78.27
2.11,2.11,57.70,76.53,77.96
4.00,4.00,57.25,69.39,77.47
5.54,5.54,56.88,70.66,79.28
7.78,7.78,58.15,71.52,78.19
5.51,5.51,60.90,71.01,74.78
4.51,4.51,71.92,69.78,77.33
3.37,3.37,67.86,69.87,77.16
3.81,3.81,65.94,68.86,76.71
4.00,4.00,64.41,71.61,76.72
4.72,4.72,64.12,72.15,78.24
8.97,8.97,64.46,62.16,76.55
12.64,12.64,62.42,65.03,74.99
11.46,11.46,62.69,66.56,75.66
9.70,9.70,66.24,69.63,79.56
7.90,7.90,63.90,69.03,79.28
5.30,5.30,63.45,77.95,78.30
1.25,1.25,65.40,67.89,78.37
0.55,0.55,64.34,72.69,77.27
0.12,0.12,63.16,69.04,78.17
0.78,0.78,62.19,70.66,75.67
2.23,2.23,64.85,70.86,76.31
6.54,6.54,64.02,69.05,77.26
9.70,9.70,62.87,72.34,77.62
9.15,9.15,61.46,61.16,76.72
7.04,7.04,58.78,54.15,77.37
3.68,3.68,58.10,48.42,78.61
1.32,1.32,56.71,55.57,75.05
2.53,2.53,62.77,61.08,74.19
3.75,3.75,75.32,74.23,76.62
9.90,9.90,71.81,71.08,78.26
19.12,19.12,67.79,71.11,80.00
14.80,14.80,66.22,66.99,80.28
12.14,12.14,69.32,67.90,78.16
4.22,4.22,72.67,73.94,77.36
1.14,1.14,76.02,68.31,76.94
4.81,4.81,70.36,75.47,78.48
4.44,4.44,63.64,73.13,77.14
11.13,11.13,65.54,61.21,78.24
17.17,17.17,64.08,65.64,77.69
16.27,16.27,63.11,54.94,77.98
11.50,11.50,61.97,55.40,78.91
5.52,5.52,63.72,51.62,76.76
2.72,2.72,66.53,53.37,75.43
2.80,2.80,72.67,70.28,78.31
3.25,3.25,72.49,68.39,78.43
2.77,2.77,67.26,72.63,78.66
7.92,7.92,65.88,71.43,80.50
13.21,13.21,62.73,69.86,79.05
18.10,18.10,60.47,74.85,76.56
8.74,8.74,59.90,71.15,77.80
3.55,3.55,58.67,75.22,76.07
5.03,5.03,59.10,71.92,75.10
7.23,7.23,57.81,69.09,74.52
6.80,6.80,58.38,65.41,73.99
4.18,4.18,58.65,48.80,72.77
2.59,2.59,57.62,51.53,72.51
7.89,7.89,57.78,49.07,72.33
13.93,13.93,64.19,58.40,75.09
13.69,13.69,77.31,73.21,77.51
16.19,16.19,71.11,70.19,76.56
8.59,8.59,72.20,75.11,76.35
4.53,4.53,67.33,71.61,78.18
3.21,3.21,71.04,75.33,78.81
9.22,9.22,74.24,71.86,77.59
4.68,4.68,76.30,72.34,75.32
11.47,11.47,70.37,69.86,75.49
10.98,10.98,60.95,65.81,76.07
14.64,14.64,61.03,75.58,77.00
8.54,8.54,60.32,69.59,75.51
4.05,4.05,59.58,73.67,76.66
10.12,10.12,59.90,70.98,74.41
7.67,7.67,61.58,70.91,72.73
1.98,1.98,68.36,76.53,74.94
1.44,1.44,72.27,71.84,74.99
0.34,0.34,70.30,74.80,72.65
0.83,0.83,69.23,68.98,73.79
3.22,3.22,68.27,59.27,74.33
2.17,2.17,64.68,51.87,72.99
0.67,0.67,62.55,50.28,71.95
3.78,3.78,58.74,55.85,71.77
9.94,9.94,60.09,65.70,77.06
8.04,8.04,58.89,67.06,77.62
8.51,8.51,57.15,75.77,77.46
5.67,5.67,54.92,63.33,78.38
4.15,4.15,54.15,76.91,80.03
1.63,1.63,54.19,68.75,78.13
0.90,0.90,55.25,67.90,76.17
2.86,2.86,67.32,73.65,76.76
3.94,3.94,74.11,72.94,75.35
5.19,5.19,72.51,73.66,74.43
10.64,10.64,70.46,69.84,74.00
14.14,14.14,64.22,63.46,72.93
15.30,15.30,69.79,62.28,72.62
12.00,12.00,71.90,56.83,71.15
9.43,9.43,75.65,61.44,71.09
16.14,16.14,71.87,70.33,76.57
12.43,12.43,65.46,66.35,76.87
14.86,14.86,59.52,74.07,76.24
9.76,9.76,57.07,65.32,78.77
9.73,9.73,58.63,72.32,78.88
11.58,11.58,55.72,70.00,77.61
12.85,12.85,60.24,66.01,76.08
11.06,11.06,65.44,76.59,75.18
12.77,12.77,69.95,67.53,76.84
14.47,14.47,66.62,73.27,77.85
14.70,14.70,66.51,66.93,75.42
11.33,11.33,66.48,56.30,74.73
10.46,10.46,64.03,56.39,73.76
14.07,14.07,61.73,51.31,72.23
7.56,7.56,61.78,55.93,71.37
3.21,3.21,71.48,66.13,77.05
2.31,2.31,72.40,70.17,76.53
3.05,3.05,70.39,71.25,77.82
13.56,13.56,69.69,66.89,76.83
6.58,6.58,66.97,74.33,76.69
2.03,2.03,73.22,72.33,75.77
1.27,1.27,75.87,68.30,76.71
1.14,1.14,73.88,68.11,76.89
1.43,1.43,67.23,69.60,77.52
3.30,3.30,59.74,69.81,79.35
10.92,10.92,57.89,71.40,78.23
10.90,10.90,59.04,71.83,79.09
12.03,12.03,58.29,62.15,78.49
14.77,14.77,60.18,71.26,77.38
5.30,5.30,60.55,61.64,74.64
4.07,4.07,70.57,69.33,77.85
6.36,6.36,71.29,68.83,76.50
6.19,6.19,69.78,71.90,77.65
6.19,6.19,68.57,65.07,76.81
7.74,7.74,64.22,76.97,76.84
8.23,8.23,72.78,71.45,77.15
5.53,5.53,76.85,66.09,77.97
6.85,6.85,74.00,71.55,77.39
6.67,6.67,71.60,70.69,77.89
5.30,5.30,70.92,70.86,77.24
4.70,4.70,66.89,69.60,76.89
8.65,8.65,65.32,72.41,75.79
14.81,14.81,63.19,70.57,76.95
12.07,12.07,61.37,74.70,76.86
4.99,4.99,60.24,72.36,77.35
7.32,7.32,60.41,74.31,78.68
10.97,10.97,58.86,73.49,78.84
14.44,14.44,56.72,66.35,80.06
19.08,19.08,54.13,63.85,79.32
21.10,21.10,53.45,51.47,77.64
21.03,21.03,52.96,44.79,78.29
14.61,14.61,52.43,48.29,76.17
12.36,12.36,60.60,55.03,75.14
12.97,12.97,78.28,72.54,76.75
10.61,10.61,69.11,68.65,78.48
12.75,12.75,69.86,75.76,79.25
11.49,11.49,66.97,69.63,78.55
7.77,7.77,71.09,69.00,77.95
10.07,10.07,74.41,71.06,77.49
9.85,9.85,77.20,71.47,76.23
11.58,11.58,70.60,73.94,77.01
16.51,16.51,60.31,65.55,78.12
16.85,16.85,59.85,72.14,77.92
13.31,13.31,58.13,60.69,76.51
14.40,14.40,56.95,60.76,76.31
9.55,9.55,57.95,53.61,76.68
7.77,7.77,60.44,52.96,73.59
14.07,14.07,65.33,59.68,75.38
13.85,13.85,75.37,75.48,77.70
14.52,14.52,72.99,64.15,78.36
7.04,7.04,67.76,77.08,78.22
11.65,11.65,65.97,67.07,79.76
14.39,14.39,63.56,75.26,77.82
16.62,16.62,60.43,71.29,77.11
7.75,7.75,60.60,73.34,76.27
12.02,12.02,58.56,73.45,76.49
10.20,10.20,57.35,69.99,75.36
14.94,14.94,54.72,74.17,75.42
14.36,14.36,53.24,59.71,73.06
14.28,14.28,51.41,60.79,72.33
16.79,16.79,51.50,47.03,73.42
12.89,12.89,55.08,44.37,71.53
12.63,12.63,61.44,48.15,73.69
13.48,13.48,73.85,65.08,76.78
18.92,18.92,71.21,69.92,77.59
8.91,8.91,73.45,74.45,77.45
7.75,7.75,65.17,66.51,79.03
8.30,8.30,66.47,70.86,78.27
4.27,4.27,72.07,71.17,77.35
4.32,4.32,76.73,72.13,73.56
8.64,8.64,72.54,74.18,74.89
10.93,10.93,64.46,67.32,76.10
8.37,8.37,62.59,75.53,77.63
9.17,9.17,59.43,70.97,77.20
7.77,7.77,60.57,75.84,75.18
6.04,6.04,59.71,66.80,72.99
4.67,4.67,61.84,77.07,73.62
0.18,0.18,66.94,66.82,73.27
0.93,0.93,74.97,74.19,74.69
4.22,4.22,73.19,69.11,73.84
8.07,8.07,69.53,66.04,74.65
16.44,16.44,66.70,64.04,71.81
14.33,14.33,64.73,58.95,73.68
11.67,11.67,62.08,52.31,72.96
7.61,7.61,59.39,57.40,72.86
9.68,9.68,59.28,62.98,76.87
16.13,16.13,58.69,72.07,77.15
16.70,16.70,56.33,73.71,77.95
12.81,12.81,54.38,66.33,77.63
12.16,12.16,53.39,75.50,78.37
10.57,10.57,52.56,66.00,77.31
7.48,7.48,59.95,76.08,75.97
9.99,9.99,63.11,62.26,75.59
13.76,13.76,77.28,75.94,75.28
14.05,14.05,70.72,69.18,74.65
14.49,14.49,69.90,67.10,72.75
10.20,10.20,65.82,62.79,72.69
19.26,19.26,68.28,57.45,72.07
12.68,12.68,73.40,47.30,71.87
14.99,14.99,76.71,60.61,71.14
16.64,16.64,71.05,65.77,76.22
16.93,16.93,60.23,70.60,78.14
17.98,17.98,60.29,74.26,78.34
15.60,15.60,56.00,71.14,77.91
11.33,11.33,54.90,75.34,78.52
10.43,10.43,55.55,66.53,76.52
5.32,5.32,60.26,76.72,76.38
6.46,6.46,65.91,62.42,74.23
8.47,8.47,71.92,75.67,74.49
12.15,12.15,70.08,66.15,75.77
15.20,15.20,68.18,67.48,75.79
14.36,14.36,67.18,57.52,74.82
15.75,15.75,64.41,53.26,73.75
8.44,8.44,62.45,44.41,72.86
5.23,5.23,59.62,54.41,71.90
1.40,1.40,71.98,64.55,77.12
3.22,3.22,71.39,68.45,77.48
9.05,9.05,69.11,75.03,78.57
7.13,7.13,66.71,70.02,77.33
5.47,5.47,67.87,76.18,77.47
6.82,6.82,70.00,71.23,76.35
6.31,6.31,75.94,73.76,76.76
6.02,6.02,73.82,73.07,76.99
6.88,6.88,66.80,71.46,77.61
6.36,6.36,61.45,66.31,78.50
5.16,5.16,61.79,76.39,78.87
6.75,6.75,60.14,68.78,77.65
10.25,10.25,61.11,73.43,78.24
8.63,8.63,58.98,65.76,74.77
6.27,6.27,59.39,67.69,71.96
7.58,7.58,73.18,69.21,76.97
11.49,11.49,69.25,67.03,76.97
12.27,12.27,68.97,70.98,76.57
10.67,10.67,67.35,65.32,76.93
12.63,12.63,69.45,75.22,76.37
10.59,10.59,69.92,65.03,74.36
5.79,5.79,77.04,76.04,75.04
9.01,9.01,73.31,69.59,74.74
9.40,9.40,73.23,74.33,75.56
13.96,13.96,71.78,67.30,76.71
19.83,19.83,68.75,77.58,76.76
12.19,12.19,66.80,70.20,76.80
6.61,6.61,64.67,74.28,76.34
5.25,5.25,63.15,71.41,75.71
3.25,3.25,62.42,70.65,74.40
3.80,3.80,60.45,72.47,77.72
4.29,4.29,58.47,62.74,75.60
6.48,6.48,58.54,73.27,76.38
6.38,6.38,56.64,62.99,76.95
10.15,10.15,53.22,61.37,77.32
14.53,14.53,53.38,51.33,79.49
9.68,9.68,53.26,55.99,76.29
5.26,5.26,61.77,59.05,75.33
4.89,4.89,75.67,72.94,78.18
7.33,7.33,68.12,66.91,77.70
14.26,14.26,68.79,75.07,78.03
7.43,7.43,68.84,70.83,79.81
12.57,12.57,71.85,77.76,78.85
13.27,13.27,73.21,69.20,77.39
10.22,10.22,76.69,73.17,76.15
12.58,12.58,69.52,68.80,77.40
14.68,14.68,64.22,72.47,78.21
19.05,19.05,60.17,65.50,77.10
13.11,13.11,61.50,67.88,78.16
13.46,13.46,58.20,60.66,78.60
10.71,10.71,57.59,52.77,77.02
6.92,6.92,60.22,55.57,76.36
8.07,8.07,66.46,58.59,76.22
6.75,6.75,74.85,74.43,78.39
6.63,6.63,73.34,65.88,77.69
7.86,7.86,69.53,79.17,79.00
10.68,10.68,67.35,61.31,78.61
12.32,12.32,64.08,78.22,78.49
3.81,3.81,61.65,67.16,77.79
2.37,2.37,59.64,77.35,76.70
5.29,5.29,57.20,63.79,74.75
5.99,5.99,57.36,76.79,73.15
9.94,9.94,56.53,61.48,73.18
14.94,14.94,54.41,66.36,73.20
14.11,14.11,52.72,50.93,73.54
11.94,11.94,52.15,52.62,73.55
10.79,10.79,58.16,52.49,72.34
7.64,7.64,61.99,58.59,72.38
10.83,10.83,76.00,73.18,76.88
6.92,6.92,69.70,64.51,77.99
14.73,14.73,72.33,77.30,78.79
11.04,11.04,64.31,67.18,79.10
10.23,10.23,72.09,75.49,77.15
7.57,7.57,72.03,69.73,75.56
8.47,8.47,74.82,67.89,73.04
11.43,11.43,71.74,72.34,75.31
20.61,20.61,65.30,71.31,75.51
15.87,15.87,61.07,73.49,76.07
4.68,4.68,60.58,73.49,77.18
4.73,4.73,59.78,71.20,75.32
0.82,0.82,58.28,71.33,72.07
2.69,2.69,59.77,73.28,74.10
1.72,1.72,66.28,71.05,74.28
0.33,0.33,74.40,72.64,76.09
1.26,1.26,72.57,70.93,75.39
3.98,3.98,67.80,66.98,75.10
6.43,6.43,66.71,51.76,73.35
9.05,9.05,64.86,55.81,74.12
6.72,6.72,62.71,49.22,72.93
2.60,2.60,59.15,54.49,70.76
5.92,5.92,61.07,64.63,75.51
8.93,8.93,61.03,70.80,76.99
11.02,11.02,58.44,73.61,77.33
14.58,14.58,54.78,73.50,77.94
8.05,8.05,53.34,72.16,79.13
3.73,3.73,53.10,69.29,78.04
4.14,4.14,57.10,71.83,76.03
11.27,11.27,61.80,67.28,75.82
16.77,16.77,76.86,75.50,76.73
6.41,6.41,66.36,65.20,74.75
3.15,3.15,72.35,67.77,73.45
3.43,3.43,64.93,59.92,72.50
6.02,6.02,69.12,63.03,72.08
7.61,7.61,73.18,53.73,72.82
9.40,9.40,76.89,58.05,71.58
12.57,12.57,71.36,68.50,74.62
15.63,15.63,65.39,70.19,76.26
18.51,18.51,63.82,72.92,76.26
14.13,14.13,61.48,74.53,76.33
12.46,12.46,60.48,77.02,77.43
10.82,10.82,58.25,74.25,76.22
4.31,4.31,59.53,76.96,75.31
1.99,1.99,66.24,73.25,75.42
1.97,1.97,72.58,76.56,75.76
1.78,1.78,69.97,71.48,74.74
2.35,2.35,66.96,68.37,76.19
1.30,1.30,65.25,53.38,74.22
1.97,1.97,63.57,53.45,73.65
0.51,0.51,61.69,50.06,73.40
2.64,2.64,60.47,54.26,72.33
2.86,2.86,72.16,67.91,76.18
2.83,2.83,70.21,72.09,75.99
1.79,1.79,66.82,73.53,79.14
2.31,2.31,64.48,73.39,76.87
6.07,6.07,69.28,75.67,77.31
7.55,7.55,71.80,72.24,77.52
5.59,5.59,74.90,72.71,74.79
8.34,8.34,73.42,67.41,76.84
6.93,6.93,66.43,74.31,77.70
13.61,13.61,60.43,64.50,78.27
12.16,12.16,63.44,79.44,78.12
3.57,3.57,61.10,68.32,76.59
0.75,0.75,59.31,76.48,77.42
3.31,3.31,59.06,68.01,74.08
6.56,6.56,60.48,65.69,72.27
8.53,8.53,70.59,70.01,77.90
6.93,6.93,70.20,67.97,76.53
7.64,7.64,67.64,74.05,75.86
10.49,10.49,70.75,68.91,78.38
12.33,12.33,71.51,78.02,78.09
12.00,12.00,71.52,70.57,77.43
7.76,7.76,76.88,73.30,75.04
12.31,12.31,73.28,61.39,75.19
11.63,11.63,72.57,74.48,75.59
5.48,5.48,70.41,63.31,76.41
4.31,4.31,69.73,78.65,77.09
7.91,7.91,66.26,64.74,76.42
13.24,13.24,62.96,77.63,76.09
5.33,5.33,62.03,66.35,75.47
4.26,4.26,60.95,77.82,75.34
5.23,5.23,59.21,66.74,77.35
9.76,9.76,58.22,77.36,75.17
13.01,13.01,58.34,66.75,75.64
16.04,16.04,56.37,68.88,76.31
15.41,15.41,56.25,57.38,76.88
11.54,11.54,54.19,50.50,75.11
9.72,9.72,57.80,52.13,74.65
7.88,7.88,64.15,61.88,75.34
4.37,4.37,73.61,74.01,79.04
9.91,9.91,72.07,71.35,77.78
9.15,9.15,74.13,74.62,77.56
2.07,2.07,64.80,72.71,78.63
2.60,2.60,70.34,77.52,80.23
8.10,8.10,74.04,74.23,79.36
7.98,7.98,76.18,74.07,77.39
4.77,4.77,72.48,67.78,77.23
4.71,4.71,64.38,78.06,77.56
9.73,9.73,58.48,72.71,78.32
8.51,8.51,59.49,66.08,78.72
12.12,12.12,59.11,57.78,80.82
6.34,6.34,60.28,56.31,78.80
8.31,8.31,61.05,50.26,76.35
9.92,9.92,65.94,52.69,73.55
3.40,3.40,74.34,72.75,76.73
6.04,6.04,72.05,63.10,76.29
17.14,17.14,67.56,76.76,76.66
19.41,19.41,67.05,65.43,78.24
8.95,8.95,63.11,77.16,79.75
11.11,11.11,60.79,67.57,75.97
7.11,7.11,56.79,74.53,74.40
6.54,6.54,56.66,68.72,74.31
7.75,7.75,54.79,73.61,73.17
8.38,8.38,54.09,69.90,73.24
13.27,13.27,52.40,63.97,72.67
12.30,12.30,52.14,57.07,72.49
13.18,13.18,52.25,52.01,71.51
10.55,10.55,53.24,50.48,72.73
5.98,5.98,61.15,52.49,73.14
15.46,15.46,73.88,71.64,76.07
13.31,13.31,71.30,65.72,77.17
0.74,0.74,74.08,74.15,77.11
1.59,1.59,64.23,72.77,77.09
5.94,5.94,68.71,77.31,79.28
9.77,9.77,74.46,71.12,75.43
7.03,7.03,77.26,71.03,73.81
8.43,8.43,72.21,68.24,72.67
6.11,6.11,63.62,68.33,73.20
10.43,10.43,61.81,71.70,73.23
16.50,16.50,62.87,73.48,74.27
9.40,9.40,61.20,71.24,75.13
4.09,4.09,60.36,76.22,74.15
1.35,1.35,61.63,72.11,71.92
1.30,1.30,69.09,78.47,73.22
5.33,5.33,75.96,73.34,74.10
6.20,6.20,73.85,77.70,73.25
5.84,5.84,69.67,67.79,72.80
15.20,15.20,68.75,62.99,72.88
16.94,16.94,64.92,52.29,71.85
9.31,9.31,63.59,51.79,71.46
6.56,6.56,60.24,50.74,68.17
11.91,11.91,62.00,63.93,76.36
9.08,9.08,60.63,72.18,76.07
13.67,13.67,59.51,74.10,76.30
12.60,12.60,56.35,69.52,76.47
10.85,10.85,55.62,75.87,79.03
6.51,6.51,56.85,64.33,75.98
2.22,2.22,60.85,76.40,75.83
3.70,3.70,66.53,64.03,74.02
6.01,6.01,71.88,74.22,77.21
7.93,7.93,70.82,61.96,75.33
7.97,7.97,65.97,70.53,76.11
5.93,5.93,65.83,57.11,73.98
5.40,5.40,63.30,54.35,74.38
3.81,3.81,60.37,45.61,73.53
5.23,5.23,57.51,55.03,73.38
5.47,5.47,64.97,66.29,76.77
6.86,6.86,68.85,70.02,77.27
6.88,6.88,64.79,75.21,76.95
7.10,7.10,67.36,67.76,75.90
6.55,6.55,72.56,75.94,78.03
11.16,11.16,68.20,66.03,78.75
6.49,6.49,69.17,76.99,75.62
7.08,7.08,67.59,68.19,76.15
7.44,7.44,71.78,76.57,77.27
8.02,8.02,69.06,66.95,77.50
7.87,7.87,62.51,67.89,76.40
7.26,7.26,64.80,57.12,76.79
9.12,9.12,64.04,52.29,74.19
8.65,8.65,62.19,50.28,72.41
5.26,5.26,60.89,54.14,72.63
6.50,6.50,68.01,60.89,77.86
5.48,5.48,66.13,67.97,77.51
5.03,5.03,64.10,73.12,78.61
5.48,5.48,63.74,64.97,76.43
5.13,5.13,65.87,75.68,77.49
3.33,3.33,64.54,63.69,76.21
1.69,1.69,64.17,71.17,77.59
0.09,0.09,63.31,61.96,77.83
0.00,0.00,62.63,71.01,78.30
0.75,0.75,59.97,62.08,79.24
3.89,3.89,60.18,75.78,79.67
1.96,1.96,59.65,70.19,78.35
2.81,2.81,61.65,72.41,78.59
0.60,0.60,62.40,71.63,77.81
1.40,1.40,63.81,67.75,75.99
5.61,5.61,73.37,65.07,78.34
3.10,3.10,74.41,73.32,77.93
0.26,0.26,68.57,72.43,77.23
0.69,0.69,65.39,65.87,77.05
4.37,4.37,66.88,72.79,79.09
7.29,7.29,66.72,62.41,78.05
5.19,5.19,63.14,70.37,76.11
2.56,2.56,65.05,64.37,75.15
1.12,1.12,71.18,69.36,76.49
4.87,4.87,69.24,69.97,78.57
7.64,7.64,67.02,77.16,77.11
5.70,5.70,66.46,70.88,77.01
3.24,3.24,65.73,73.95,78.42
3.05,3.05,65.09,69.82,78.29
11.21,11.21,63.66,73.99,75.94
8.63,8.63,67.48,70.62,76.36
5.17,5.17,69.02,68.22,78.25
4.93,4.93,65.62,73.14,76.44
5.05,5.05,62.96,58.98,77.73
7.37,7.37,61.38,54.29,80.35
11.79,11.79,60.01,43.56,77.87
7.74,7.74,59.48,51.88,77.01
4.31,4.31,63.95,60.60,77.40
5.43,5.43,76.77,73.34,76.38
12.17,12.17,71.26,70.21,78.38
18.95,18.95,69.69,72.62,77.98
17.89,17.89,66.00,71.72,77.16
18.40,18.40,69.08,71.49,75.55
12.80,12.80,71.93,71.89,76.99
16.91,16.91,74.71,68.74,74.69
19.83,19.83,69.51,74.22,76.49
15.07,15.07,63.08,75.38,77.16
6.08,6.08,64.72,66.27,77.93
6.40,6.40,64.10,66.30,80.74
7.48,7.48,61.71,58.09,75.60
6.73,6.73,62.62,51.48,72.90
2.92,2.92,61.89,52.86,71.96
9.91,9.91,64.13,52.05,72.94
8.39,8.39,72.13,70.15,78.02
2.00,2.00,70.55,71.41,78.14
0.61,0.61,65.69,73.79,75.05
2.49,2.49,64.01,74.29,75.24
5.32,5.32,62.58,69.86,74.10
7.32,7.32,60.90,73.43,73.78
11.91,11.91,60.47,73.05,71.56
13.34,13.34,60.70,75.38,76.94
16.26,16.26,62.84,72.99,78.62
13.50,13.50,60.59,68.14,77.35
10.68,10.68,61.31,67.11,78.38
12.59,12.59,58.37,60.12,75.97
4.58,4.58,58.17,48.30,76.49
3.81,3.81,57.10,48.50,72.59
8.44,8.44,61.79,57.54,69.99
13.64,13.64,77.85,70.86,74.43
3.68,3.68,69.61,69.83,72.56
6.46,6.46,71.29,71.47,71.86
7.86,7.86,67.20,72.24,72.74
5.35,5.35,70.48,69.49,72.38
9.14,9.14,74.07,71.76,77.89
16.28,16.28,76.93,68.75,76.46
15.71,15.71,70.74,72.01,79.36
11.03,11.03,59.10,64.92,79.64
6.78,6.78,57.25,73.29,78.43
8.26,8.26,59.24,67.39,77.65
7.08,7.08,52.05,74.29,72.97
7.13,7.13,53.27,72.15,72.67
6.41,6.41,58.26,71.34,71.80
8.80,8.80,66.40,76.25,71.30
7.51,7.51,73.52,71.18,72.61
1.82,1.82,70.15,71.75,72.77
10.48,10.48,65.33,67.79,71.48
7.72,7.72,66.42,55.66,72.17
5.92,5.92,63.55,46.60,72.16
6.22,6.22,61.36,47.07,72.04
8.05,8.05,60.55,52.82,69.69
22.58,22.58,61.36,64.04,76.88
22.38,22.38,60.75,69.20,77.52
16.75,16.75,59.21,75.26,76.60
4.18,4.18,57.17,65.89,74.53
5.50,5.50,55.30,76.12,76.97
6.59,6.59,54.39,70.25,79.97
4.03,4.03,57.78,67.30,78.02
6.31,6.31,65.86,71.73,76.67
11.22,11.22,74.59,71.31,79.10
14.15,14.15,73.37,71.86,75.58
15.47,15.47,72.58,66.04,79.82
15.51,15.51,64.86,61.98,82.06
14.23,14.23,70.84,57.37,76.87
11.12,11.12,71.25,55.94,75.19
9.02,9.02,76.15,60.18,74.82
13.71,13.71,72.43,69.62,76.71
11.77,11.77,64.62,65.43,78.72
10.42,10.42,57.25,72.90,76.48
13.48,13.48,56.42,65.33,75.84
13.11,13.11,51.74,71.62,76.12
16.15,16.15,52.13,70.57,75.35
15.58,15.58,60.47,67.12,72.44
9.86,9.86,68.49,75.27,74.13
6.85,6.85,72.81,69.26,74.14
5.15,5.15,72.07,72.47,72.11
3.44,3.44,68.43,66.85,73.17
5.03,5.03,66.73,54.34,70.99
6.32,6.32,61.56,49.50,71.88
5.09,5.09,58.24,48.74,71.56
7.61,7.61,59.21,52.95,68.37
11.36,11.36,71.86,67.63,77.62
12.05,12.05,71.79,70.71,76.56
17.76,17.76,71.00,72.82,77.92
10.00,10.00,69.00,68.27,77.44
10.95,10.95,63.62,77.32,75.83
16.24,16.24,72.96,71.79,76.93
16.93,16.93,75.63,66.04,77.24
12.86,12.86,74.00,72.26,77.79
18.20,18.20,67.54,68.89,77.19
14.91,14.91,62.54,69.76,76.47
19.24,19.24,58.84,69.60,77.73
12.77,12.77,57.63,72.21,78.01
11.79,11.79,54.49,62.84,78.80
14.54,14.54,56.44,72.23,77.68
15.51,15.51,63.72,61.05,76.03
13.01,13.01,70.66,69.37,77.97
8.60,8.60,70.03,69.40,77.27
11.50,11.50,70.61,71.07,78.52
12.57,12.57,70.06,68.19,79.40
17.11,17.11,65.39,74.80,80.62
15.80,15.80,72.56,71.72,77.03
14.37,14.37,76.28,68.97,74.44
13.10,13.10,73.53,68.79,74.27
9.60,9.60,73.50,69.90,76.07
7.15,7.15,71.13,68.31,77.22
9.38,9.38,67.16,69.41,78.27
6.39,6.39,64.42,72.05,79.17
8.49,8.49,60.89,70.62,76.56
14.76,14.76,58.80,74.18,75.17
14.91,14.91,60.47,71.31,77.98
11.25,11.25,60.03,73.79,76.24
14.75,14.75,60.99,73.37,77.62
14.65,14.65,59.08,64.56,75.11
11.19,11.19,56.52,66.94,71.98
11.41,11.41,53.33,54.92,73.46
12.01,12.01,50.45,40.01,73.25
11.93,11.93,51.88,45.67,72.07
12.63,12.63,64.42,53.67,75.07
16.62,16.62,77.96,73.82,78.42
15.91,15.91,69.92,71.98,78.04
10.63,10.63,69.53,76.28,75.84
15.89,15.89,67.55,70.86,75.59
19.30,19.30,70.45,68.01,75.82
17.22,17.22,74.57,73.67,75.48
14.11,14.11,77.26,70.31,73.77
22.74,22.74,69.48,73.98,75.38
17.52,17.52,59.32,69.49,76.38
17.56,17.56,58.28,72.66,78.81
14.52,14.52,59.14,58.61,80.33
14.71,14.71,55.61,57.55,72.91
12.17,12.17,52.41,51.19,70.33
9.92,9.92,59.27,54.17,69.33
10.68,10.68,66.63,58.11,72.54
10.87,10.87,75.59,74.31,77.56
6.69,6.69,72.05,68.67,77.38
7.24,7.24,68.31,75.75,76.04
5.56,5.56,65.45,66.84,73.78
6.00,6.00,63.33,73.76,74.57
4.62,4.62,61.58,67.48,71.85
7.92,7.92,59.87,71.78,71.28
17.22,17.22,61.38,71.61,78.60
19.75,19.75,61.62,64.99,79.92
14.69,14.69,60.83,72.72,77.94
12.12,12.12,59.84,54.23,77.35
7.74,7.74,56.39,59.03,76.52
11.56,11.56,52.45,45.92,76.80
7.28,7.28,52.83,44.46,73.51
3.43,3.43,60.52,56.12,68.24
3.02,3.02,74.27,67.95,71.81
6.43,6.43,67.57,68.91,72.55
9.79,9.79,73.75,72.23,73.97
14.87,14.87,66.79,67.19,75.90
16.45,16.45,68.91,68.03,73.85
14.74,14.74,72.97,74.12,74.79
17.53,17.53,76.07,70.97,73.95
17.67,17.67,72.47,72.30,77.75
15.57,15.57,65.49,67.98,77.79
14.67,14.67,61.25,74.50,77.29
15.76,15.76,54.44,69.95,74.68
12.86,12.86,54.17,76.81,72.76
14.37,14.37,52.91,65.26,70.07
16.43,16.43,60.58,76.64,72.60
15.61,15.61,65.62,63.19,70.22
12.28,12.28,75.76,73.97,72.03
8.95,8.95,74.81,69.79,70.75
15.54,15.54,70.08,68.54,71.90
12.92,12.92,67.63,57.67,71.21
10.82,10.82,64.65,55.64,71.98
11.30,11.30,62.35,49.75,70.95
7.60,7.60,59.09,55.23,68.39
15.06,15.06,57.25,66.35,76.44
12.83,12.83,57.87,69.29,76.14
15.50,15.50,57.95,74.54,76.93
10.20,10.20,56.29,68.44,77.55
9.35,9.35,55.12,73.18,77.86
14.00,14.00,54.44,66.50,80.15
9.66,9.66,60.09,75.37,77.00
12.04,12.04,63.72,65.43,78.09
13.17,13.17,78.54,76.14,78.84
11.02,11.02,70.17,70.19,75.00
8.90,8.90,70.86,67.76,71.75
7.85,7.85,64.74,64.90,70.94
15.37,15.37,68.58,57.20,74.16
20.55,20.55,74.17,54.14,73.76
17.48,17.48,76.91,54.90,70.92
17.60,17.60,71.22,64.06,74.32
16.36,16.36,63.83,68.82,73.51
14.66,14.66,62.95,74.22,77.99
13.07,13.07,56.12,72.10,75.20
10.67,10.67,55.48,77.61,77.80
11.47,11.47,55.51,64.27,79.28
9.81,9.81,61.61,76.52,74.81
6.77,6.77,69.47,65.93,76.73
6.71,6.71,75.38,74.69,78.38
5.64,5.64,71.42,69.05,75.89
9.81,9.81,67.87,63.38,73.90
11.90,11.90,67.62,54.87,73.22
7.04,7.04,64.78,51.29,71.68
6.33,6.33,59.67,50.20,69.52
5.59,5.59,60.18,51.43,68.88
8.64,8.64,74.38,68.08,75.78
11.86,11.86,71.33,68.49,76.18
11.29,11.29,70.34,71.94,73.50
4.84,4.84,64.68,66.58,72.34
8.82,8.82,68.18,76.46,73.99
14.25,14.25,69.86,64.81,72.07
12.48,12.48,75.44,73.25,74.27
13.09,13.09,73.96,67.96,73.02
14.17,14.17,68.03,70.20,78.62
13.19,13.19,62.83,60.67,77.78
8.03,8.03,61.04,76.37,77.34
8.84,8.84,59.26,66.94,76.91
8.10,8.10,57.76,74.64,78.45
5.09,5.09,57.88,71.16,78.49
3.88,3.88,58.88,69.75,76.65
7.48,7.48,70.27,72.94,78.04
11.07,11.07,70.83,68.16,79.23
14.10,14.10,68.90,74.72,76.78
13.23,13.23,67.82,65.54,75.40
11.40,11.40,70.13,73.79,73.12
13.90,13.90,69.83,64.58,72.26
13.85,13.85,76.59,71.11,73.51
17.06,17.06,74.86,73.10,74.14
14.16,14.16,74.55,72.81,73.45
11.76,11.76,70.57,67.19,72.20
11.57,11.57,68.00,76.44,72.74
9.89,9.89,67.22,65.65,72.33
11.83,11.83,65.09,73.83,72.24
13.19,13.19,62.87,66.42,71.91
9.38,9.38,62.06,72.75,70.69
14.44,14.44,60.94,71.61,72.09
13.67,13.67,62.18,66.75,72.70
12.48,12.48,60.62,70.02,73.59
13.03,13.03,57.30,53.81,70.54
11.21,11.21,55.02,59.10,72.28
9.71,9.71,51.88,48.90,70.83
7.56,7.56,55.52,48.11,71.28
8.11,8.11,63.83,55.66,74.51
14.71,14.71,76.05,69.08,78.42
13.23,13.23,69.12,68.86,77.75
17.47,17.47,69.38,75.10,77.31
14.60,14.60,67.16,72.42,77.24
10.71,10.71,71.36,77.51,75.44
14.31,14.31,72.59,66.66,73.06
13.91,13.91,76.54,73.18,72.26
11.13,11.13,71.80,69.15,73.66
10.77,10.77,61.21,73.74,74.12
9.32,9.32,57.75,65.92,72.20
12.95,12.95,60.35,69.09,72.29
18.20,18.20,57.41,62.30,72.52
18.67,18.67,54.04,53.18,71.42
13.78,13.78,59.17,55.62,67.79
10.06,10.06,66.80,59.32,71.40
4.67,4.67,73.83,75.26,77.97
5.10,5.10,70.68,61.58,77.50
9.25,9.25,65.76,77.01,74.80
9.61,9.61,65.45,63.53,73.65
6.31,6.31,61.97,77.72,73.80
2.40,2.40,61.98,67.46,69.76
5.94,5.94,60.56,76.77,72.80
10.63,10.63,62.47,63.55,79.06
13.43,13.43,63.40,76.42,80.46
13.70,13.70,62.17,67.42,77.93
13.61,13.61,58.77,63.14,73.11
13.23,13.23,53.94,53.43,74.95
11.83,11.83,53.33,53.59,75.82
7.93,7.93,53.83,49.92,70.12
10.40,10.40,63.04,58.66,65.66
9.23,9.23,75.03,74.25,72.83
4.06,4.06,69.43,66.74,70.33
2.42,2.42,70.81,76.29,72.95
3.79,3.79,64.33,66.89,72.38
6.11,6.11,71.48,78.02,76.26
7.82,7.82,72.08,66.59,74.71
8.80,8.80,75.06,75.91,73.85
12.10,12.10,71.76,67.01,75.71
10.96,10.96,66.52,68.22,76.19
12.78,12.78,59.15,72.56,78.02
11.33,11.33,58.06,73.84,72.58
9.17,9.17,52.34,71.19,71.54
9.72,9.72,52.22,71.71,71.44
11.02,11.02,54.65,72.10,71.68
11.17,11.17,64.74,71.24,71.80
6.07,6.07,78.10,71.66,74.04
3.85,3.85,74.64,66.00,71.64
3.53,3.53,68.34,65.29,70.97
2.85,2.85,69.19,51.28,71.73
7.64,7.64,64.18,54.88,71.12
10.30,10.30,60.20,51.23,69.80
9.81,9.81,59.11,57.34,65.97
12.05,12.05,58.57,62.22,75.92
10.79,10.79,60.04,70.67,76.25
6.65,6.65,59.11,67.73,76.88
6.39,6.39,55.82,72.43,72.73
6.15,6.15,52.79,68.79,73.80
5.46,5.46,51.67,67.18,71.49
2.81,2.81,55.54,70.22,71.24
10.33,10.33,63.67,66.44,69.89
14.48,14.48,76.74,73.50,73.15
7.49,7.49,68.37,65.80,71.08
5.57,5.57,72.55,68.68,70.84
4.97,4.97,65.97,64.64,70.22
7.09,7.09,68.90,55.02,69.78
9.18,9.18,73.53,53.65,69.89
7.54,7.54,77.17,58.65,64.33
12.94,12.94,71.94,71.01,76.59
9.43,9.43,62.42,72.73,75.35
7.99,7.99,63.32,75.18,76.40
9.10,9.10,60.60,73.85,77.12
11.12,11.12,54.02,76.12,77.16
14.45,14.45,56.12,73.41,76.38
9.46,9.46,60.11,76.94,74.31
5.46,5.46,68.21,69.31,70.32
4.22,4.22,75.86,75.30,72.19
0.46,0.46,74.68,72.46,73.97
-0.00,-0.00,69.50,70.36,73.09
0.28,0.28,68.48,59.83,70.89
0.57,0.57,66.11,51.85,71.91
1.32,1.32,61.23,48.70,70.82
0.39,0.39,61.39,51.44,66.99
3.14,3.14,73.98,68.46,77.21
1.87,1.87,70.81,71.36,77.10
11.06,11.06,67.01,78.26,76.19
15.41,15.41,64.57,70.28,75.72
18.92,18.92,69.49,76.12,75.51
17.30,17.30,71.65,67.69,74.25
14.83,14.83,75.73,74.12,72.90
9.09,9.09,73.35,67.81,72.90
5.94,5.94,68.18,76.73,72.50
3.77,3.77,62.42,64.90,72.21
7.64,7.64,62.27,78.76,72.40
10.03,10.03,58.20,70.74,70.58
12.16,12.16,56.82,79.47,72.97
10.35,10.35,51.54,72.15,70.40
9.19,9.19,59.87,76.90,70.84
11.07,11.07,67.56,73.21,75.60
7.99,7.99,72.14,66.97,76.07
7.03,7.03,65.99,73.35,76.86
14.12,14.12,68.30,68.75,75.33
11.20,11.20,71.46,77.07,76.35
15.59,15.59,69.88,68.61,76.60
13.68,13.68,76.83,74.23,74.54
9.56,9.56,73.74,69.82,72.16
8.41,8.41,76.16,76.27,73.12
6.99,6.99,74.37,63.15,73.19
3.69,3.69,70.57,77.76,73.32
5.08,5.08,67.84,63.21,74.25
3.82,3.82,65.62,76.91,75.14
4.70,4.70,62.94,66.95,72.87
5.78,5.78,61.12,77.07,72.20
6.96,6.96,61.80,64.97,71.97
10.30,10.30,61.13,75.96,75.67
12.95,12.95,61.05,67.91,72.72
13.31,13.31,58.53,64.68,72.41
10.90,10.90,55.21,55.17,73.02
11.68,11.68,53.65,51.09,73.22
10.02,10.02,51.20,47.60,75.69
15.89,15.89,64.20,56.95,77.63
23.42,23.42,74.42,73.69,76.41
19.83,19.83,72.73,67.97,75.51
14.93,14.93,75.14,76.41,77.85
16.68,16.68,65.55,73.85,76.52
8.26,8.26,68.12,76.54,76.14
9.39,9.39,72.20,73.18,72.56
5.28,5.28,75.54,73.56,72.38
6.07,6.07,71.85,64.27,71.88
13.22,13.22,65.09,76.70,72.60
6.33,6.33,61.06,68.21,71.62
8.49,8.49,61.10,64.59,70.48
16.44,16.44,61.01,58.02,69.90
14.54,14.54,60.85,47.99,69.53
8.70,8.70,59.94,52.01,69.96
18.60,18.60,65.47,53.72,71.90
18.03,18.03,76.49,72.51,75.89
20.70,20.70,73.17,65.99,75.56
21.67,21.67,69.48,78.04,77.28
20.97,20.97,70.51,62.05,74.47
18.69,18.69,66.44,76.79,74.10
14.07,14.07,67.27,67.78,72.54
12.13,12.13,64.29,75.01,72.01
9.75,9.75,62.26,64.83,70.57
13.99,13.99,60.23,71.30,71.01
11.30,11.30,57.66,67.85,70.65
8.72,8.72,53.80,60.08,69.60
13.97,13.97,52.43,57.63,69.70
11.69,11.69,51.38,43.62,68.30
11.64,11.64,55.06,51.34,69.69
18.98,18.98,61.98,50.69,70.04
19.24,19.24,73.86,66.93,76.06
18.17,18.17,72.01,67.61,73.71
18.46,18.46,74.69,75.42,76.77
20.37,20.37,63.02,70.11,78.17
22.56,22.56,70.43,76.30,78.06
21.16,21.16,75.05,69.03,74.55
24.27,24.27,77.44,70.44,73.77
18.81,18.81,72.46,69.23,75.47
12.74,12.74,63.56,74.07,76.80
14.25,14.25,60.86,72.75,77.87
13.58,13.58,62.98,75.93,75.88
15.49,15.49,58.92,70.39,77.20
15.43,15.43,58.25,77.74,76.02
15.58,15.58,60.59,72.79,74.75
17.26,17.26,68.86,78.00,73.55
17.88,17.88,76.33,68.87,75.26
16.53,16.53,75.32,76.83,75.43
18.63,18.63,71.39,68.73,75.86
19.79,19.79,70.50,67.79,76.74
25.35,25.35,67.69,58.83,73.02
21.44,21.44,63.84,50.43,72.91
23.15,23.15,62.91,56.25,72.10
15.13,15.13,63.19,65.70,74.34
16.55,16.55,61.69,66.40,73.68
16.05,16.05,59.00,75.88,75.93
16.02,16.02,55.73,66.78,74.35
17.55,17.55,55.17,77.59,72.78
13.21,13.21,55.20,61.86,73.02
17.50,17.50,58.49,75.87,74.38
12.42,12.42,67.93,63.89,73.83
9.48,9.48,74.82,71.78,73.42
7.86,7.86,72.91,65.95,72.11
13.39,13.39,70.40,69.14,72.70
16.25,16.25,70.20,57.72,72.77
21.09,21.09,67.07,51.14,73.45
23.66,23.66,66.19,50.72,74.81
20.81,20.81,64.28,57.10,73.12
18.38,18.38,65.18,62.25,72.46
24.55,24.55,66.43,70.24,73.40
37.45,37.45,64.24,78.70,73.56
40.65,40.65,66.09,68.37,75.37
39.52,39.52,72.90,76.64,74.74
38.03,38.03,69.66,66.71,73.89
42.03,42.03,69.91,77.45,76.25
37.73,37.73,70.02,67.18,74.07
37.52,37.52,73.91,75.38,74.85
37.71,37.71,72.38,69.72,75.42
48.36,48.36,67.22,69.77,76.96
54.33,54.33,68.92,59.22,75.85
50.92,50.92,69.53,53.14,73.03
49.10,49.10,66.57,48.56,73.59
49.40,49.40,64.30,50.88,73.50
45.41,45.41,71.75,65.76,76.08
45.84,45.84,69.85,63.89,77.06
46.37,46.37,67.37,73.98,76.16
56.57,56.57,66.14,67.48,77.22
56.28,56.28,66.57,74.56,76.12
55.94,55.94,64.18,65.06,74.33
53.70,53.70,62.42,73.99,76.24
49.35,49.35,63.15,68.78,75.65
54.83,54.83,65.14,74.51,76.01
55.49,55.49,60.77,67.23,75.25
54.92,54.92,59.98,77.74,74.94
57.80,57.80,59.74,73.07,76.22
54.65,54.65,59.69,74.27,74.76
53.61,53.61,59.88,73.25,74.80
54.25,54.25,61.87,72.48,75.79
55.18,55.18,73.19,70.17,78.51
55.35,55.35,74.30,72.87,75.16
57.24,57.24,67.78,70.05,76.09
58.56,58.56,65.20,68.37,73.71
59.64,59.64,65.00,72.77,76.94
55.74,55.74,64.71,63.42,77.64
54.21,54.21,62.13,66.73,76.41
52.94,52.94,67.75,68.95,75.60
53.98,53.98,73.26,71.78,75.30
55.33,55.33,69.96,66.55,74.95
54.21,54.21,68.15,76.40,76.04
58.18,58.18,66.59,68.16,77.03
55.35,55.35,66.03,73.16,74.28
48.68,48.68,64.87,72.47,73.65
51.27,51.27,65.34,70.82,75.51
51.87,51.87,66.35,72.47,75.29
53.41,53.41,68.00,67.80,76.49
51.87,51.87,64.21,73.47,76.20
49.14,49.14,61.43,57.82,74.53
53.37,53.37,60.83,60.84,76.78
49.84,49.84,59.58,52.88,71.91
45.11,45.11,58.40,52.11,70.84
47.00,47.00,63.56,61.69,72.61
43.89,43.89,77.34,72.72,76.55
39.96,39.96,71.59,69.37,78.88
39.22,39.22,70.24,70.00,77.42
43.75,43.75,68.13,68.99,79.25
38.18,38.18,69.70,69.71,76.46
40.35,40.35,71.49,74.00,77.13
35.27,35.27,74.53,68.54,76.56
43.14,43.14,71.05,75.30,76.37
40.02,40.02,66.95,76.29,76.58
42.93,42.93,67.09,65.27,76.54
39.02,39.02,67.65,65.25,77.47
37.38,37.38,67.58,58.02,75.77
33.33,33.33,66.72,55.05,73.31
34.20,34.20,66.15,49.16,71.95
31.96,31.96,66.81,52.99,74.76
21.14,21.14,73.55,71.73,79.96
22.99,22.99,71.19,69.28,79.72
30.55,30.55,67.78,71.94,78.21
23.82,23.82,68.09,72.61,77.29
26.55,26.55,67.66,69.31,77.61
30.58,30.58,65.32,73.46,75.18
31.49,31.49,63.70,71.95,75.45
28.37,28.37,62.96,74.79,74.98
22.97,22.97,61.15,73.12,76.73
19.30,19.30,61.71,68.16,77.08
23.21,23.21,61.45,64.45,76.09
23.89,23.89,59.54,50.22,73.83
25.93,25.93,58.16,47.90,73.13
26.85,26.85,59.18,52.15,74.93
21.82,21.82,64.35,59.10,73.63
19.11,19.11,77.79,72.90,76.39
15.92,15.92,69.85,73.04,74.94
23.40,23.40,71.04,73.75,75.05
22.83,22.83,67.47,72.08,73.39
21.66,21.66,70.87,74.23,73.67
14.54,14.54,74.27,72.06,73.68
12.56,12.56,76.58,73.59,74.44
15.55,15.55,69.23,70.71,78.32
19.64,19.64,60.09,66.01,79.44
19.61,19.61,60.75,75.56,78.46
16.37,16.37,62.71,68.19,78.26
16.63,16.63,59.87,72.79,74.97
10.66,10.66,60.93,69.72,74.46
1.47,1.47,61.90,68.22,72.86
4.60,4.60,69.04,77.35,73.82
12.47,12.47,72.87,71.03,73.05
10.77,10.77,67.65,73.89,74.24
10.84,10.84,66.18,65.88,74.01
18.52,18.52,65.63,56.16,73.10
19.82,19.82,63.84,47.62,74.86
14.15,14.15,62.10,51.71,73.29
12.28,12.28,61.75,56.60,71.33
16.38,16.38,63.52,65.76,76.05
14.07,14.07,63.65,72.28,77.22
15.48,15.48,63.19,77.15,77.50
9.97,9.97,60.63,63.12,76.65
7.52,7.52,59.27,75.98,77.49
5.85,5.85,57.78,71.86,77.67
7.80,7.80,59.83,70.23,74.66
6.71,6.71,68.42,72.88,74.86
8.26,8.26,75.28,73.59,77.48
5.90,5.90,71.58,73.61,75.77
17.71,17.71,71.42,68.19,76.57
9.24,9.24,65.04,65.84,78.52
19.48,19.48,70.00,62.52,76.84
13.84,13.84,71.00,61.53,73.80
14.98,14.98,75.88,62.25,73.62
10.87,10.87,72.29,69.95,78.86
2.47,2.47,66.34,69.18,78.26
3.02,3.02,62.18,76.34,76.91
1.14,1.14,62.64,68.18,77.35
0.05,0.05,60.70,74.19,76.11
0.07,0.07,61.23,71.05,77.38
0.14,0.14,62.23,69.90,73.17
-0.00,-0.00,68.61,76.78,74.35
0.01,0.01,74.49,72.29,75.34
0.10,0.10,72.06,74.91,74.35
4.91,4.91,69.68,70.27,73.80
14.17,14.17,69.91,55.87,72.86
14.76,14.76,65.84,55.83,74.08
12.94,12.94,61.69,51.85,72.38
10.42,10.42,62.00,52.60,70.76
4.51,4.51,74.07,66.31,78.00
2.53,2.53,72.49,69.64,76.84
0.24,0.24,71.61,71.48,78.76
0.06,0.06,69.42,69.29,77.00
1.01,1.01,66.33,77.62,77.34
3.83,3.83,72.29,74.55,77.61
10.78,10.78,75.84,70.67,76.67
7.22,7.22,74.69,69.96,77.55
13.93,13.93,67.74,70.76,79.17
12.92,12.92,62.58,70.18,78.36
11.06,11.06,60.86,71.65,77.02
12.08,12.08,62.29,71.76,77.41
3.67,3.67,60.93,67.75,77.57
5.46,5.46,60.75,72.25,78.09
5.04,5.04,62.49,65.32,77.84
4.22,4.22,71.40,68.99,78.79
3.91,3.91,71.55,70.85,78.20
6.34,6.34,70.24,68.48,78.13
13.66,13.66,68.43,68.02,78.01
13.11,13.11,63.95,76.91,77.90
11.62,11.62,72.77,74.50,76.50
8.04,8.04,75.92,68.06,78.44
4.87,4.87,73.29,72.98,77.56
11.90,11.90,73.34,66.05,77.54
18.72,18.72,71.31,67.81,78.58
8.91,8.91,69.00,73.74,77.87
11.89,11.89,66.27,71.41,76.04
9.69,9.69,64.32,71.55,77.77
16.21,16.21,63.05,74.23,74.80
14.02,14.02,62.68,71.49,79.00
4.57,4.57,61.44,74.71,78.01
4.12,4.12,60.79,73.17,76.88
11.76,11.76,59.33,69.45,77.82
12.16,12.16,59.21,63.14,75.57
6.59,6.59,57.85,54.59,76.47
3.92,3.92,56.94,48.39,75.38
2.67,2.67,53.59,47.80,73.98
1.11,1.11,61.18,54.08,75.83
3.70,3.70,79.55,73.94,77.17
6.72,6.72,68.19,71.57,78.53
8.93,8.93,67.60,73.75,76.50
2.97,2.97,66.42,67.49,78.25
0.16,0.16,72.29,69.03,76.86
0.32,0.32,74.08,71.24,76.98
3.35,3.35,76.65,71.82,73.94
5.29,5.29,69.05,75.30,76.20
5.27,5.27,63.15,70.61,76.87
6.93,6.93,60.33,71.06,76.23
13.13,13.13,62.12,59.90,78.57
12.42,12.42,60.55,60.75,74.88
6.78,6.78,59.10,51.95,73.96
0.45,0.45,61.87,57.12,72.45
6.69,6.69,65.65,58.92,72.87
5.22,5.22,73.84,73.76,77.98
8.79,8.79,70.36,67.37,78.35
10.02,10.02,67.28,79.50,76.92
8.02,8.02,68.09,69.34,77.44
2.20,2.20,66.45,75.70,76.40
0.74,0.74,64.08,66.54,74.95
1.59,1.59,62.83,71.86,72.87
1.10,1.10,62.74,74.16,76.93
1.76,1.76,60.73,71.30,76.99
1.91,1.91,59.44,72.53,76.20
1.43,1.43,59.57,58.48,77.07
0.34,0.34,57.47,58.80,74.12
2.22,2.22,56.56,50.36,74.02
6.79,6.79,56.90,47.79,72.80
5.82,5.82,60.38,52.49,73.33
7.33,7.33,75.19,64.92,76.43
0.93,0.93,69.35,68.03,76.23
8.88,8.88,73.10,70.36,76.37
12.31,12.31,68.56,67.54,76.22
3.70,3.70,68.34,71.10,74.96
3.35,3.35,72.12,72.81,75.86
2.51,2.51,75.93,72.35,74.46
2.83,2.83,70.90,72.47,77.07
3.45,3.45,64.11,72.04,78.44
6.41,6.41,62.14,76.21,78.29
7.83,7.83,61.47,70.72,77.35
5.53,5.53,59.11,74.87,75.90
13.05,13.05,57.81,66.23,74.32
7.83,7.83,62.36,75.83,74.11
10.15,10.15,67.63,68.82,73.47
3.95,3.95,70.88,74.83,73.94
1.57,1.57,70.85,68.93,74.11
3.07,3.07,65.55,68.02,72.57
1.25,1.25,65.85,59.66,74.22
1.34,1.34,63.54,61.88,74.42
11.12,11.12,60.99,56.44,73.97
11.66,11.66,59.69,59.01,72.20
2.28,2.28,60.16,65.89,77.24
17.45,17.45,61.18,72.58,78.35
4.70,4.70,61.03,74.57,78.02
0.91,0.91,57.81,71.36,76.33
3.39,3.39,57.39,77.34,75.45
8.62,8.62,55.49,69.46,74.19
8.49,8.49,58.49,77.64,75.21
12.41,12.41,63.52,66.33,74.74
12.33,12.33,77.51,78.26,73.58
12.51,12.51,69.69,69.84,73.20
15.80,15.80,70.32,67.27,72.66
14.00,14.00,66.16,61.99,72.03
8.87,8.87,68.54,62.58,71.92
8.43,8.43,73.83,52.85,72.31
10.99,10.99,77.57,57.14,70.45
6.51,6.51,71.26,70.60,77.01
7.21,7.21,64.19,69.78,78.67
14.19,14.19,62.45,75.19,77.35
18.76,18.76,62.05,72.66,78.92
12.99,12.99,60.78,77.14,77.57
8.51,8.51,58.56,62.92,75.34
5.12,5.12,62.36,78.19,75.73
2.77,2.77,68.20,66.12,73.94
0.61,0.61,73.58,76.45,74.49
10.74,10.74,73.69,67.08,73.12
15.53,15.53,69.20,69.47,74.75
13.42,13.42,67.54,58.15,72.43
3.14,3.14,66.22,56.96,73.02
2.73,2.73,62.96,46.04,72.00
11.13,11.13,62.53,55.45,70.68
20.39,20.39,72.85,66.39,77.85
19.40,19.40,71.32,68.40,77.48
18.23,18.23,70.51,74.01,77.64
14.88,14.88,66.72,69.31,77.41
14.72,14.72,67.42,76.20,76.81
9.05,9.05,69.39,71.85,75.46
5.48,5.48,76.48,75.96,75.93
4.96,4.96,73.53,73.37,76.41
7.62,7.62,67.35,71.19,76.47
9.95,9.95,62.73,68.79,75.58
3.01,3.01,61.89,77.26,76.55
8.83,8.83,61.11,66.00,75.70
10.32,10.32,59.67,72.41,75.11
12.40,12.40,59.73,67.31,73.50
8.11,8.11,58.29,66.12,72.08
7.87,7.87,72.64,69.14,77.02
11.50,11.50,71.23,70.74,77.18
8.69,8.69,70.49,73.94,78.30
11.83,11.83,66.55,65.07,77.89
12.54,12.54,70.23,74.93,75.69
12.41,12.41,70.12,69.59,74.24
11.04,11.04,76.61,69.87,74.19
12.80,12.80,74.15,72.68,74.70
13.14,13.14,74.60,74.77,77.61
15.46,15.46,73.18,68.59,77.56
9.10,9.10,68.17,78.16,78.51
5.76,5.76,66.58,71.07,78.18
4.69,4.69,64.69,75.07,77.61
14.58,14.58,63.51,73.36,77.03
14.54,14.54,61.43,71.77,77.76
11.54,11.54,60.65,74.37,77.45
16.53,16.53,59.88,71.26,77.20
16.13,16.13,59.79,75.70,77.89
14.87,14.87,58.43,63.66,77.38
5.65,5.65,55.24,62.81,77.09
11.06,11.06,53.48,51.84,76.64
10.48,10.48,53.09,48.21,73.05
9.61,9.61,60.59,56.76,75.68
13.46,13.46,75.97,71.56,77.40
14.95,14.95,67.24,64.30,77.55
13.68,13.68,69.98,73.80,77.98
16.21,16.21,70.18,70.34,78.10
24.86,24.86,71.06,77.98,76.77
19.50,19.50,72.99,69.23,75.82
20.04,20.04,75.71,73.35,73.60
13.31,13.31,69.54,69.11,75.30
14.59,14.59,65.32,72.68,77.81
16.02,16.02,61.56,65.67,78.61
20.13,20.13,61.50,65.19,78.79
17.65,17.65,60.39,57.10,76.42
9.78,9.78,58.93,50.90,74.15
6.50,6.50,60.35,54.95,72.15
10.87,10.87,62.67,60.14,73.51
13.32,13.32,73.97,73.09,81.34
16.61,16.61,70.05,66.96,77.28
12.54,12.54,66.75,79.69,79.14
22.69,22.69,66.09,67.53,77.79
21.29,21.29,64.89,79.42,78.47
10.53,10.53,63.40,68.92,76.37
4.29,4.29,62.28,78.71,76.48
7.59,7.59,59.53,68.99,76.50
8.59,8.59,57.93,76.03,75.80
18.68,18.68,58.36,68.13,75.74
10.18,10.18,56.60,65.82,76.57
6.82,6.82,53.90,53.66,73.44
8.87,8.87,53.87,51.05,74.46
7.15,7.15,53.25,50.71,73.65
8.25,8.25,60.82,57.16,72.24
3.38,3.38,75.50,73.03,79.51
3.42,3.42,69.86,64.09,78.17
1.53,1.53,72.11,77.95,78.11
4.52,4.52,64.92,68.35,77.12
5.52,5.52,71.39,79.42,78.64
10.13,10.13,71.85,67.03,74.78
8.07,8.07,74.52,76.40,75.77
4.67,4.67,70.39,69.49,77.68
2.31,2.31,64.57,72.17,76.33
7.89,7.89,60.76,72.80,76.23
6.67,6.67,60.62,72.90,75.27
8.23,8.23,59.27,70.83,73.95
8.61,8.61,59.97,72.24,75.33
14.17,14.17,62.01,75.53,74.29
13.28,13.28,70.48,69.69,73.64
16.70,16.70,75.33,74.26,78.52
21.68,21.68,70.24,70.86,77.69
21.43,21.43,68.20,69.64,76.53
10.30,10.30,67.96,60.62,75.73
2.16,2.16,66.38,54.75,75.99
0.04,0.04,63.33,51.12,75.73
0.01,0.01,62.48,54.91,72.66
1.05,1.05,62.74,63.19,76.54
2.34,2.34,62.97,72.08,75.44
3.27,3.27,62.90,73.18,78.97
1.78,1.78,59.19,73.19,76.61
1.03,1.03,56.07,68.62,75.26
2.78,2.78,55.86,70.61,74.60
3.88,3.88,57.48,74.06,76.29
2.76,2.76,59.26,68.30,76.85
0.42,0.42,76.62,76.17,78.67
0.11,0.11,66.36,67.86,75.62
0.71,0.71,72.30,67.29,74.74
2.32,2.32,64.34,61.66,74.83
3.40,3.40,68.64,61.41,76.18
3.46,3.46,73.68,53.94,74.83
3.36,3.36,77.22,62.05,74.81
9.32,9.32,70.83,71.69,78.57
16.61,16.61,65.63,71.33,78.47
5.61,5.61,63.16,73.77,77.18
2.83,2.83,62.00,75.38,76.44
4.77,4.77,60.50,74.36,75.82
6.21,6.21,59.58,73.36,74.69
4.27,4.27,61.59,78.01,73.89
1.06,1.06,69.71,74.43,73.80
5.11,5.11,77.26,77.87,76.40
11.58,11.58,72.66,72.76,74.11
9.93,9.93,70.00,71.18,73.94
15.52,15.52,68.20,63.12,73.06
12.89,12.89,64.48,55.10,73.65
14.00,14.00,62.73,50.94,75.07
9.92,9.92,62.00,60.10,75.75
14.07,14.07,72.45,70.19,77.67
16.74,16.74,70.66,69.79,77.67
14.41,14.41,69.01,71.41,79.34
7.41,7.41,66.00,73.27,77.15
1.29,1.29,68.13,75.66,77.29
1.37,1.37,71.89,72.35,75.55
1.29,1.29,75.86,70.06,76.89
5.47,5.47,73.93,68.79,76.65
13.36,13.36,68.03,74.94,78.52
17.73,17.73,61.00,65.75,76.65
20.75,20.75,62.72,79.23,75.96
15.90,15.90,60.94,69.34,78.88
9.51,9.51,60.44,77.11,78.31
10.67,10.67,59.40,71.67,76.91
10.23,10.23,60.97,69.35,76.44
8.45,8.45,73.21,73.62,78.32
12.42,12.42,70.13,71.65,77.75
11.06,11.06,64.83,72.02,78.56
13.02,13.02,69.26,71.07,78.37
9.82,9.82,70.42,77.20,74.36
7.79,7.79,71.48,69.49,73.54
5.28,5.28,76.38,73.40,70.62
6.06,6.06,74.77,66.40,74.22
14.29,14.29,73.38,75.39,77.38
13.32,13.32,72.63,67.42,77.34
11.37,11.37,69.33,79.96,75.72
2.54,2.54,68.42,68.61,77.31
2.02,2.02,66.15,79.37,76.47
9.11,9.11,62.94,68.81,75.73
14.86,14.86,64.30,78.86,75.33
16.63,16.63,63.10,69.64,77.57
14.75,14.75,59.67,77.40,78.97
15.46,15.46,58.76,66.71,77.67
18.02,18.02,58.80,62.55,78.29
14.33,14.33,58.32,52.01,75.57
7.22,7.22,56.59,48.57,73.97
7.87,7.87,53.74,52.59,71.19
7.67,7.67,65.37,57.54,74.31
13.58,13.58,75.00,73.68,76.50
10.02,10.02,72.05,70.21,76.86
3.87,3.87,75.62,75.93,77.17
5.99,5.99,66.12,74.12,76.95
10.05,10.05,69.62,74.32,77.46
13.79,13.79,73.51,72.97,77.34
12.29,12.29,76.19,73.25,76.94
11.43,11.43,71.15,65.98,77.41
13.74,13.74,64.23,78.70,78.36
15.62,15.62,62.62,71.81,78.11
10.96,10.96,61.53,69.46,78.29
9.35,9.35,60.27,59.89,77.07
7.03,7.03,59.59,57.83,76.95
7.55,7.55,60.27,56.05,74.25
10.59,10.59,68.53,57.83,73.82
9.36,9.36,73.68,72.84,76.72
8.02,8.02,71.27,62.77,76.49
13.25,13.25,67.83,78.82,77.09
11.39,11.39,68.24,62.04,75.81
10.57,10.57,65.48,78.36,74.69
11.95,11.95,63.31,64.80,73.21
10.04,10.04,62.36,76.06,74.42
16.23,16.23,62.24,64.68,75.75
14.40,14.40,59.77,75.17,77.14
8.01,8.01,59.63,67.18,77.06
7.03,7.03,59.36,65.03,77.97
7.69,7.69,57.05,60.53,72.94
8.01,8.01,57.73,48.37,75.05
9.29,9.29,56.62,46.36,71.43
7.52,7.52,61.88,47.79,72.00
12.42,12.42,73.99,67.71,75.86
9.37,9.37,70.39,56.72,75.71
3.44,3.44,72.93,72.60,75.74
11.83,11.83,66.02,68.18,74.94
12.47,12.47,69.23,73.19,77.14
4.12,4.12,73.82,69.19,74.46
8.90,8.90,76.61,66.42,74.84
4.70,4.70,70.46,72.06,76.31
5.63,5.63,64.30,73.34,77.55
12.16,12.16,61.71,71.13,79.40
12.92,12.92,61.04,75.65,76.72
12.29,12.29,59.38,67.37,73.32
12.75,12.75,59.44,75.20,74.94
2.94,2.94,60.00,72.42,73.86
2.36,2.36,67.74,77.66,72.76
5.56,5.56,73.02,71.31,72.99
8.78,8.78,70.68,77.95,74.90
14.24,14.24,67.53,65.92,73.20
10.96,10.96,66.78,62.36,73.18
7.78,7.78,66.02,55.31,71.56
8.63,8.63,64.67,55.68,71.96
12.52,12.52,62.80,59.14,69.40
10.01,10.01,65.23,63.99,77.39
10.18,10.18,64.28,71.84,77.77
6.72,6.72,62.26,70.58,77.79
5.84,5.84,59.58,67.54,79.79
4.89,4.89,59.91,76.67,78.01
3.65,3.65,60.54,65.97,77.10
8.05,8.05,59.77,75.69,77.83
16.19,16.19,65.55,67.08,77.54
18.48,18.48,76.15,73.76,77.97
16.07,16.07,73.39,68.50,77.06
14.56,14.56,69.32,68.05,77.55
8.67,8.67,67.19,60.52,77.31
7.33,7.33,64.55,53.14,77.25
11.82,11.82,61.99,51.64,78.08
9.95,9.95,61.11,58.49,77.57
14.90,14.90,65.63,63.17,77.55
12.47,12.47,67.94,69.35,77.97
15.79,15.79,65.88,78.05,79.40
17.89,17.89,66.90,67.58,79.48
13.87,13.87,71.68,77.53,79.11
13.24,13.24,68.87,65.13,78.80
5.35,5.35,70.80,77.33,79.48
8.82,8.82,68.23,70.29,77.83
14.06,14.06,72.67,75.36,77.50
9.71,9.71,70.33,69.76,77.03
13.35,13.35,67.86,70.16,78.94
18.32,18.32,67.69,57.33,80.19
15.45,15.45,65.52,52.68,78.33
15.62,15.62,64.49,42.77,78.15
11.34,11.34,63.89,48.68,75.62
16.78,16.78,70.01,64.36,79.44
13.33,13.33,69.94,69.68,78.11
14.59,14.59,67.95,75.50,79.26
19.94,19.94,67.50,64.48,81.40
22.33,22.33,66.64,77.01,80.20
20.19,20.19,65.29,58.96,80.02
19.72,19.72,65.16,73.89,79.59
19.86,19.86,64.71,66.65,79.12
21.14,21.14,63.36,72.87,80.89
22.38,22.38,63.47,64.32,80.68
22.20,22.20,61.86,72.72,80.45
25.40,25.40,59.05,71.28,81.23
27.79,27.79,59.70,73.01,79.91
27.48,27.48,61.46,71.19,79.94
30.56,30.56,62.98,67.36,78.13
34.96,34.96,73.48,69.42,81.26
26.76,26.76,73.89,70.45,76.42
24.16,24.16,65.81,72.34,80.12
25.94,25.94,67.32,69.69,79.89
31.81,31.81,65.27,74.89,81.76
31.57,31.57,62.13,70.18,81.46
32.13,32.13,60.76,72.13,81.18
29.66,29.66,64.82,67.27,79.48
32.20,32.20,72.31,73.15,81.66
32.68,32.68,71.73,69.75,79.31
31.59,31.59,67.37,77.50,78.50
35.20,35.20,67.01,71.82,79.73
37.22,37.22,66.23,74.11,77.65
32.46,32.46,64.96,70.59,81.43
29.74,29.74,64.98,72.46,79.28
23.55,23.55,66.18,70.99,78.06
21.23,21.23,65.55,68.05,79.76
19.94,19.94,64.80,73.34,80.24
17.40,17.40,63.81,59.18,78.97
19.35,19.35,62.71,55.92,78.53
22.40,22.40,62.87,52.38,75.39
22.49,22.49,60.88,49.60,74.51
10.55,10.55,64.41,53.61,72.55
11.05,11.05,71.74,70.99,75.20
15.23,15.23,70.19,69.99,74.71
19.06,19.06,72.86,73.20,74.59
16.23,16.23,66.43,72.39,75.93
16.64,16.64,69.61,76.08,76.25
25.07,25.07,71.33,72.09,74.51
26.19,26.19,75.01,76.00,74.63
20.65,20.65,69.24,69.41,73.68
10.12,10.12,64.71,76.61,73.27
2.84,2.84,64.53,71.67,72.85
11.98,11.98,64.68,69.07,72.04
15.60,15.60,63.12,58.14,72.83
12.62,12.62,62.30,56.17,71.91
6.50,6.50,64.08,58.50,71.67
1.54,1.54,67.77,64.30,72.03
0.33,0.33,74.60,69.48,75.15
0.12,0.12,70.70,70.58,73.12
10.08,10.08,67.87,75.64,72.78
14.52,14.52,66.49,72.42,73.32
8.92,8.92,66.74,72.95,73.53
6.15,6.15,65.80,72.66,73.37
7.08,7.08,65.49,74.27,72.81
3.47,3.47,64.31,74.41,71.63
1.11,1.11,63.59,75.09,71.71
0.71,0.71,61.38,71.06,72.58
2.67,2.67,58.60,61.09,72.26
7.88,7.88,57.71,60.15,72.05
7.35,7.35,58.25,53.95,72.51
9.48,9.48,58.21,55.00,72.13
8.60,8.60,62.52,59.65,70.43
12.05,12.05,75.46,73.77,74.19
18.77,18.77,70.59,66.11,73.24
12.53,12.53,71.90,77.34,74.02
7.82,7.82,67.30,66.06,72.79
7.10,7.10,71.71,74.63,72.09
9.90,9.90,74.30,70.87,70.61
12.27,12.27,76.80,77.26,71.91
2.61,2.61,68.76,74.44,72.06
0.15,0.15,60.80,74.70,74.83
2.10,2.10,58.37,69.92,74.18
6.14,6.14,61.65,73.99,74.41
7.66,7.66,57.26,70.13,72.77
12.07,12.07,57.33,76.48,72.95
10.16,10.16,58.95,68.21,71.25
2.74,2.74,67.36,76.01,72.75
5.01,5.01,74.34,66.05,74.98
13.60,13.60,71.28,76.31,72.75
15.09,15.09,68.89,66.32,73.42
18.75,18.75,68.88,59.19,71.58
22.01,22.01,66.15,54.73,72.38
22.91,22.91,63.68,56.44,71.94
19.53,19.53,61.38,56.52,70.65
9.16,9.16,61.38,65.54,72.20
7.50,7.50,58.81,71.63,74.47
12.88,12.88,57.02,72.18,74.61
7.92,7.92,55.34,70.25,74.66
6.94,6.94,54.15,70.25,73.91
1.78,1.78,54.61,70.56,72.76
0.35,0.35,61.84,69.38,72.17
9.46,9.46,73.46,73.49,75.44
10.83,10.83,76.73,75.48,77.88
17.03,17.03,78.63,72.94,77.54
20.38,20.38,79.54,67.71,77.25
19.06,19.06,67.39,69.15,75.58
6.67,6.67,68.91,60.53,76.40
3.29,3.29,70.87,62.41,74.50
9.94,9.94,75.78,63.45,71.78
9.14,9.14,74.34,73.93,77.28
15.10,15.10,78.90,73.01,78.28
12.81,12.81,79.29,72.07,77.65
11.24,11.24,77.29,75.46,76.67
9.61,9.61,64.98,71.93,75.69
9.36,9.36,65.13,75.97,75.28
2.58,2.58,66.94,70.10,72.91
3.70,3.70,72.71,76.16,75.29
7.92,7.92,78.13,69.84,78.94
9.58,9.58,76.23,77.45,77.92
9.78,9.78,77.81,62.21,78.26
5.21,5.21,72.03,58.30,78.22
12.42,12.42,65.09,53.20,74.46
4.91,4.91,63.19,48.99,75.04
12.37,12.37,66.58,51.98,75.40
6.94,6.94,78.56,60.76,75.97
3.53,3.53,78.78,71.39,79.33
6.38,6.38,75.70,71.10,76.71
13.08,13.08,80.64,78.04,77.13
11.86,11.86,66.65,76.70,74.37
5.13,5.13,71.96,80.20,73.71
1.99,1.99,74.98,74.13,74.01
6.60,6.60,77.89,73.43,73.53
5.52,5.52,81.54,72.38,77.23
3.90,3.90,79.90,72.25,77.31
3.80,3.80,81.21,72.52,79.57
2.00,2.00,73.42,72.23,76.57
2.64,2.64,69.75,74.10,75.55
1.41,1.41,67.74,69.85,73.08
-0.00,-0.00,68.92,66.64,72.83
-0.00,-0.00,80.18,74.39,76.60
-0.00,-0.00,81.06,70.02,76.37
-0.00,-0.00,75.48,66.45,77.82
-0.00,-0.00,80.68,76.86,77.51
0.00,0.00,67.59,72.01,74.86
2.27,2.27,72.15,73.50,74.81
6.42,6.42,74.99,72.99,74.26
14.75,14.75,77.63,75.39,75.24
16.58,16.58,78.83,77.76,77.28
16.11,16.11,80.17,69.45,77.31
15.71,15.71,79.08,76.95,77.20
10.10,10.10,74.83,69.97,76.13
7.48,7.48,70.58,76.47,76.14
0.97,0.97,70.59,70.15,74.10
-0.00,-0.00,69.91,73.52,75.69
2.64,2.64,80.42,70.81,78.87
10.97,10.97,78.81,75.89,78.86
4.05,4.05,78.97,73.15,78.21
0.22,0.22,78.85,66.06,77.49
2.92,2.92,69.65,59.93,76.03
10.99,10.99,69.72,52.04,77.05
3.14,3.14,68.78,55.92,74.46
6.77,6.77,72.68,60.15,74.27
10.99,10.99,79.95,73.74,79.13
11.86,11.86,79.04,69.80,77.63
20.58,20.58,76.97,75.98,78.21
14.16,14.16,77.84,70.46,79.26
12.35,12.35,78.08,70.21,80.05
9.76,9.76,77.27,71.25,79.51
0.65,0.65,75.24,71.81,79.56
0.00,0.00,78.33,77.09,78.53
0.10,0.10,80.88,67.45,78.39
0.77,0.77,78.84,73.69,78.07
6.41,6.41,80.29,65.44,76.77
8.96,8.96,80.85,59.61,79.43
12.40,12.40,80.32,52.83,79.03
12.49,12.49,80.23,54.82,79.50
10.71,10.71,79.94,64.88,78.78
11.68,11.68,77.90,69.56,79.26
11.46,11.46,78.51,64.70,80.25
14.79,14.79,79.67,78.70,79.73
13.23,13.23,78.32,71.08,80.16
8.64,8.64,75.39,74.69,79.75
10.46,10.46,76.19,69.33,78.02
14.96,14.96,78.65,73.35,79.10
8.45,8.45,79.57,75.37,78.62
10.68,10.68,78.80,69.51,77.85
13.59,13.59,79.56,73.81,78.05
12.21,12.21,79.82,60.46,78.23
8.45,8.45,71.46,61.41,75.27
9.19,9.19,70.98,43.25,74.15
6.99,6.99,70.12,51.47,73.13
3.44,3.44,76.91,56.49,74.52
7.31,7.31,80.23,69.59,78.05
14.28,14.28,76.02,68.14,80.48
12.73,12.73,73.21,77.74,79.97
17.14,17.14,66.83,71.18,81.09
17.64,17.64,78.94,74.81,80.54
15.39,15.39,79.98,74.78,79.97
12.64,12.64,77.74,73.63,79.82
0.32,0.32,76.40,73.66,80.78
0.02,0.02,78.90,71.24,79.56
1.79,1.79,77.56,76.52,78.54
10.21,10.21,76.53,67.88,78.58
17.04,17.04,78.62,79.30,79.99
9.55,9.55,77.09,69.36,78.63
8.63,8.63,77.22,78.72,79.66
14.17,14.17,76.69,65.51,79.15
18.61,18.61,75.82,74.26,77.98
12.34,12.34,75.63,71.81,78.26
9.65,9.65,76.95,70.21,79.46
17.32,17.32,76.31,59.79,79.69
27.93,27.93,75.79,59.31,78.76
33.50,33.50,75.57,48.12,78.39
25.71,25.71,75.88,55.53,77.57
14.11,14.11,77.35,62.99,79.29
16.51,16.51,75.64,74.22,80.25
14.79,14.79,75.93,73.59,79.41
11.33,11.33,74.85,71.89,79.66
9.68,9.68,75.77,73.85,80.67
8.17,8.17,74.98,67.52,79.56
10.58,10.58,72.50,76.59,79.97
11.76,11.76,68.23,65.02,80.96
19.40,19.40,78.16,77.96,80.81
13.47,13.47,73.65,70.02,80.48
21.03,21.03,70.67,66.53,79.20
21.41,21.41,68.21,63.19,79.05
29.38,29.38,75.75,59.62,78.67
33.10,33.10,75.90,50.48,78.66
28.48,28.48,74.58,57.62,78.99
15.69,15.69,71.50,68.90,79.45
19.03,19.03,78.28,73.37,78.62
22.74,22.74,77.33,75.37,78.28
9.75,9.75,75.86,71.82,78.51
13.40,13.40,75.18,77.52,77.31
24.99,24.99,74.70,66.64,79.01
29.16,29.16,76.02,78.28,79.42
24.89,24.89,72.88,64.49,79.27
19.30,19.30,73.88,76.26,79.69
16.08,16.08,72.49,65.99,81.27
19.16,19.16,71.80,65.49,79.00
15.73,15.73,71.57,57.64,78.96
5.23,5.23,71.45,55.42,79.88
16.48,16.48,69.36,46.49,80.00
18.82,18.82,65.52,53.02,79.62
11.46,11.46,73.36,65.23,81.78
5.90,5.90,74.41,66.58,79.65
12.00,12.00,71.02,75.64,80.16
15.51,15.51,74.84,69.41,79.90
11.51,11.51,72.99,77.17,79.26
16.77,16.77,69.27,72.74,80.12
25.75,25.75,74.24,72.87,78.88
23.25,23.25,77.53,74.84,78.46
11.66,11.66,71.30,75.90,78.24
1.67,1.67,69.26,72.11,77.20
3.41,3.41,70.04,79.05,75.15
18.75,18.75,66.82,72.14,72.98
22.96,22.96,66.63,76.54,73.33
15.64,15.64,65.97,74.77,71.79
6.37,6.37,63.60,73.47,75.18
1.54,1.54,76.73,73.99,78.54
0.00,0.00,76.38,68.86,78.44
0.05,0.05,71.46,77.13,79.36
0.11,0.11,74.70,65.17,76.75
1.88,1.88,66.11,75.09,79.21
3.86,3.86,69.58,62.18,78.24
2.47,2.47,75.50,69.98,76.17
5.98,5.98,77.83,73.40,75.41
12.80,12.80,76.88,71.84,76.87
8.50,8.50,74.70,69.48,77.17
2.56,2.56,70.60,77.86,77.19
1.51,1.51,71.69,68.35,77.02
0.07,0.07,71.22,74.23,76.89
1.00,1.00,74.12,73.30,76.28
0.24,0.24,75.87,73.63,75.47
-0.00,-0.00,76.16,72.61,78.08
-0.00,-0.00,70.29,69.02,77.62
0.16,0.16,71.30,71.77,77.81
0.19,0.19,72.35,58.89,79.40
0.97,0.97,71.96,55.72,79.57
0.24,0.24,69.26,45.15,78.51
1.16,1.16,67.29,56.37,77.59
0.46,0.46,70.54,61.03,78.89
2.02,2.02,78.36,74.47,80.19
3.18,3.18,72.84,72.38,79.55
2.55,2.55,74.81,69.97,78.55
7.91,7.91,69.46,75.22,77.28
9.54,9.54,73.17,68.43,74.16
0.97,0.97,74.40,73.87,75.73
0.02,0.02,74.81,67.08,74.87
0.00,0.00,70.89,70.92,74.48
0.19,0.19,70.51,76.01,73.97
1.33,1.33,64.41,65.47,72.28
4.05,4.05,67.05,62.19,71.71
6.17,6.17,67.69,57.31,73.90
7.10,7.10,62.02,50.18,72.25
4.43,4.43,61.07,48.41,72.82
10.36,10.36,67.22,62.17,74.60
13.57,13.57,74.85,72.84,77.55
9.28,9.28,72.50,68.79,78.15
18.34,18.34,69.57,71.24,78.06
13.65,13.65,68.49,75.03,77.27
9.37,9.37,66.08,63.14,73.75
14.98,14.98,63.31,75.76,74.81
9.52,9.52,63.44,68.63,74.62
1.46,1.46,71.40,70.55,77.50
0.14,0.14,67.45,74.30,76.61
0.75,0.75,70.50,64.77,77.78
3.73,3.73,69.46,59.82,77.09
6.51,6.51,55.94,51.70,74.93
6.98,6.98,55.57,44.97,73.30
7.33,7.33,55.87,50.09,73.85
1.52,1.52,63.15,58.21,74.89
0.05,0.05,80.79,70.36,78.27
0.00,0.00,75.58,70.70,77.84
-0.00,-0.00,73.39,73.16,76.51
0.07,0.07,64.91,72.11,75.27
1.07,1.07,70.26,72.24,74.47
2.20,2.20,73.02,73.17,73.85
4.06,4.06,74.60,75.43,73.77
8.04,8.04,71.92,73.45,77.84
5.29,5.29,74.54,71.46,78.74
2.17,2.17,74.55,71.38,75.54
0.94,0.94,73.87,63.78,77.11
1.71,1.71,58.61,72.30,74.10
2.70,2.70,59.92,67.02,74.89
2.82,2.82,63.46,67.44,72.69
6.31,6.31,70.58,73.57,73.45
7.82,7.82,74.74,69.43,76.13
16.02,16.02,72.41,67.71,76.93
12.21,12.21,69.69,66.79,76.38
14.24,14.24,68.52,54.81,75.04
14.94,14.94,65.68,53.79,74.60
12.79,12.79,62.40,51.38,74.34
12.05,12.05,59.71,58.72,73.46
12.52,12.52,64.84,65.37,76.50
15.66,15.66,63.63,71.78,79.05
6.84,6.84,65.92,76.17,78.16
1.67,1.67,69.62,62.96,77.94
1.68,1.68,59.90,75.59,74.73
1.44,1.44,59.46,70.98,75.33
0.30,0.30,57.97,69.25,75.06
0.55,0.55,66.68,72.70,76.17
0.12,0.12,73.59,70.04,78.84
-0.00,-0.00,74.53,70.86,78.48
0.69,0.69,71.17,67.93,77.71
11.59,11.59,64.91,60.89,77.54
16.61,16.61,71.14,55.51,77.43
14.32,14.32,75.48,54.97,76.39
15.95,15.95,74.21,54.31,77.25
9.67,9.67,71.68,68.92,78.17
9.79,9.79,75.38,68.86,77.01
13.95,13.95,68.87,73.13,78.35
3.34,3.34,74.08,68.51,78.24
8.19,8.19,69.33,74.66,74.39
6.68,6.68,61.96,74.42,75.13
4.16,4.16,61.07,72.88,73.45
7.08,7.08,69.03,74.79,75.50
6.01,6.01,74.83,70.45,77.54
14.34,14.34,71.41,71.69,79.51
19.08,19.08,69.98,69.05,78.47
7.76,7.76,69.74,62.49,78.37
13.76,13.76,68.08,46.90,78.53
8.96,8.96,64.42,55.57,78.96
2.40,2.40,62.33,56.54,79.51
1.37,1.37,74.60,68.08,78.34
0.47,0.47,76.61,70.19,77.76
2.46,2.46,71.39,75.06,75.79
2.28,2.28,71.79,70.19,75.73
4.62,4.62,62.95,77.88,75.68
7.60,7.60,70.70,75.68,75.79
8.04,8.04,75.52,71.16,74.26
13.53,13.53,72.07,69.41,75.75
17.13,17.13,73.26,73.52,77.04
19.39,19.39,65.58,71.23,79.33
14.93,14.93,72.73,73.03,78.50
20.19,20.19,69.50,77.49,77.93
7.58,7.58,67.13,69.70,77.94
2.67,2.67,65.72,80.48,80.18
2.71,2.71,67.47,73.97,76.96
3.30,3.30,74.59,79.27,78.39
0.63,0.63,74.97,72.06,76.70
0.34,0.34,70.93,75.03,78.35
0.31,0.31,72.05,68.37,76.27
0.06,0.06,61.18,77.59,73.54
1.43,1.43,71.50,76.27,75.32
1.57,1.57,77.02,75.40,75.02
4.03,4.03,71.84,73.68,76.83
2.31,2.31,77.40,70.36,77.83
0.34,0.34,75.36,72.54,77.89
6.17,6.17,71.33,72.78,77.45
10.59,10.59,71.36,76.43,78.08
13.43,13.43,72.63,69.27,79.43
14.84,14.84,69.58,74.31,78.24
3.39,3.39,70.62,72.65,76.96
0.15,0.15,73.49,70.23,77.07
0.97,0.97,72.44,74.65,77.83
2.40,2.40,71.74,70.26,79.08
13.02,13.02,70.98,64.36,77.64
7.91,7.91,67.22,60.31,72.81
7.04,7.04,64.25,48.39,72.18
6.84,6.84,63.45,53.42,72.56
6.90,6.90,63.74,56.75,74.15
2.06,2.06,79.30,74.62,79.35
7.78,7.78,71.82,70.24,78.30
6.91,6.91,71.42,77.59,78.40
9.29,9.29,66.54,70.00,79.21
13.50,13.50,73.63,73.03,77.99
10.62,10.62,74.49,77.76,78.42
5.56,5.56,73.90,71.61,77.02
0.46,0.46,70.43,77.05,76.74
0.00,0.00,75.04,69.75,78.74
0.41,0.41,72.89,71.89,78.78
2.07,2.07,70.50,64.56,79.98
3.82,3.82,75.22,59.98,78.00
9.54,9.54,75.21,57.70,78.66
7.00,7.00,74.61,52.48,77.81
1.35,1.35,73.62,60.38,79.58
0.01,0.01,75.58,71.95,79.75
0.69,0.69,71.84,69.29,78.41
0.60,0.60,70.77,73.37,79.49
1.72,1.72,70.81,71.37,77.91
2.04,2.04,66.71,69.76,77.65
15.08,15.08,65.29,77.47,76.49
12.45,12.45,61.97,66.61,75.19
8.41,8.41,64.13,75.54,77.08
3.11,3.11,63.80,67.45,74.81
0.06,0.06,63.87,66.72,76.07
1.27,1.27,64.32,61.87,74.23
6.22,6.22,63.94,55.96,75.70
9.44,9.44,60.77,53.80,75.31
4.03,4.03,58.95,50.06,73.29
8.42,8.42,64.76,56.16,74.88
12.89,12.89,78.59,73.76,76.56
6.49,6.49,74.54,72.19,77.11
1.54,1.54,70.71,75.58,77.30
1.89,1.89,66.30,75.74,79.92
4.18,4.18,73.76,77.81,78.75
2.88,2.88,74.10,79.79,78.77
1.61,1.61,76.11,77.00,77.47
3.84,3.84,71.68,77.13,78.02
9.97,9.97,74.09,73.22,78.58
15.84,15.84,71.05,76.03,77.38
15.84,15.84,72.15,71.16,79.06
8.79,8.79,75.44,77.90,77.30
7.93,7.93,74.55,72.72,77.72
9.70,9.70,74.39,74.63,76.53
7.52,7.52,72.33,76.34,77.44
1.68,1.68,76.74,69.87,78.41
4.68,4.68,74.32,76.56,78.85
10.80,10.80,70.21,67.04,79.42
4.43,4.43,69.53,67.69,78.16
1.03,1.03,67.65,58.95,78.18
0.70,0.70,65.22,58.71,77.65
-0.00,-0.00,65.43,65.82,76.37
-0.00,-0.00,69.10,66.95,78.73
-0.00,-0.00,66.69,69.56,79.37
-0.00,-0.00,68.29,75.46,79.65
-0.00,-0.00,69.50,68.27,78.79
-0.00,-0.00,70.47,68.34,78.02
-0.00,-0.00,70.99,72.45,79.58
-0.00,-0.00,71.34,67.01,77.06
-0.00,-0.00,74.94,70.09,77.82
-0.00,-0.00,75.33,73.71,78.40
-0.00,-0.00,75.87,67.16,78.97
-0.00,-0.00,71.50,67.97,78.10
0.50,0.50,70.66,57.09,77.56
1.71,1.71,67.87,48.80,77.44
1.70,1.70,66.94,46.41,79.27
0.44,0.44,65.04,58.06,77.89
0.85,0.85,70.46,69.11,77.99
1.70,1.70,69.04,69.20,78.72
1.27,1.27,68.75,76.16,79.56
1.11,1.11,68.62,73.32,78.36
0.36,0.36,65.44,71.30,78.39
2.46,2.46,67.58,77.54,78.87
4.60,4.60,71.29,74.07,77.55
2.61,2.61,69.38,75.69,79.64
6.29,6.29,71.25,76.58,80.07
15.57,15.57,73.98,69.63,81.87
15.36,15.36,68.99,68.23,77.54
11.63,11.63,69.65,60.33,78.88
17.80,17.80,68.99,49.71,80.03
16.54,16.54,67.34,52.25,78.51
6.41,6.41,67.01,55.72,77.55
2.72,2.72,73.59,64.35,79.23
16.77,16.77,72.47,68.65,78.26
22.84,22.84,68.49,77.54,77.42
14.16,14.16,68.90,66.17,77.74
9.85,9.85,68.14,74.20,78.61
23.74,23.74,69.99,74.32,77.17
32.09,32.09,68.05,72.36,77.00
35.53,35.53,68.67,69.64,77.65
39.82,39.82,67.09,73.59,79.54
42.19,42.19,65.19,72.93,79.02
31.32,31.32,64.72,72.54,77.54
20.94,20.94,65.67,79.20,79.07
17.68,17.68,65.28,75.51,78.87
13.96,13.96,65.72,74.54,76.51
8.02,8.02,65.28,76.88,77.44
12.91,12.91,72.58,73.12,78.92
5.25,5.25,72.08,67.72,77.57
9.41,9.41,72.44,77.24,77.75
11.22,11.22,69.14,69.42,76.57
4.71,4.71,69.56,74.97,76.92
0.92,0.92,69.09,75.22,77.31
3.59,3.59,70.14,72.06,76.63
1.45,1.45,74.08,72.51,73.94
1.70,1.70,75.66,69.86,76.89
0.02,0.02,69.59,74.52,76.67
-0.00,-0.00,70.59,73.47,77.55
0.05,0.05,69.79,75.22,78.12
0.09,0.09,68.11,70.07,77.14
0.93,0.93,66.84,68.27,77.86
1.16,1.16,69.14,70.93,77.18
1.51,1.51,67.83,67.47,75.09
3.55,3.55,67.79,71.83,73.96
3.83,3.83,64.14,71.29,74.35
2.80,2.80,63.58,57.24,73.51
3.37,3.37,60.53,54.25,73.31
3.52,3.52,61.76,42.29,73.90
2.62,2.62,60.42,52.70,72.18
6.67,6.67,67.66,57.54,73.94
4.78,4.78,77.60,71.06,78.68
0.20,0.20,77.41,64.08,76.88
0.52,0.52,74.94,71.70,78.53
0.41,0.41,66.52,72.28,78.51
5.33,5.33,73.42,75.78,78.34
10.18,10.18,77.67,70.46,77.82
5.94,5.94,75.14,72.65,76.61
1.00,1.00,72.94,67.45,79.00
-0.00,-0.00,74.25,74.19,78.95
-0.00,-0.00,73.81,66.42,78.42
1.03,1.03,75.92,59.40,79.58
4.33,4.33,66.87,60.50,75.11
8.57,8.57,67.32,62.41,73.37
10.61,10.61,67.75,57.68,74.19
6.69,6.69,71.81,64.27,74.90
9.45,9.45,76.04,72.91,78.48
11.06,11.06,76.63,69.47,79.33
6.99,6.99,71.78,78.62,80.19
13.22,13.22,69.71,72.08,80.08
13.56,13.56,70.73,76.78,79.74
7.66,7.66,70.75,72.88,79.76
7.90,7.90,73.59,76.83,80.64
2.79,2.79,71.95,71.28,80.94
0.58,0.58,72.27,76.98,79.55
2.77,2.77,74.05,71.54,78.58
7.25,7.25,74.10,66.21,78.94
12.10,12.10,59.90,61.69,75.27
16.13,16.13,63.73,51.96,75.72
10.07,10.07,58.35,50.55,73.75
13.50,13.50,71.45,57.19,75.96
13.81,13.81,77.32,73.26,79.97
15.32,15.32,78.22,67.07,78.57
10.87,10.87,74.73,77.37,79.79
11.15,11.15,67.09,74.85,79.87
14.56,14.56,74.84,76.19,79.91
14.73,14.73,77.49,72.51,78.89
7.79,7.79,74.30,70.70,77.16
6.10,6.10,70.50,69.36,77.24
11.87,11.87,75.68,72.52,80.01
6.94,6.94,74.94,69.48,79.35
7.99,7.99,75.13,74.58,78.18
9.40,9.40,66.18,70.35,76.26
5.32,5.32,60.22,78.01,74.58
5.70,5.70,65.45,71.15,74.97
3.16,3.16,73.25,76.18,75.60
15.13,15.13,78.44,70.79,77.73
14.16,14.16,73.70,77.72,79.04
15.18,15.18,70.36,63.08,80.07
9.84,9.84,71.60,57.20,81.70
4.89,4.89,67.81,52.99,80.98
19.57,19.57,68.26,50.41,81.42
9.57,9.57,69.84,48.93,79.83
7.24,7.24,68.75,63.96,80.36
6.03,6.03,68.25,70.75,80.08
5.23,5.23,71.00,74.82,81.80
6.95,6.95,72.97,74.39,78.99
5.04,5.04,65.12,70.44,77.50
5.32,5.32,66.76,72.58,73.97
1.65,1.65,66.06,68.03,74.67
3.35,3.35,71.19,74.28,76.86
4.97,4.97,72.61,75.40,79.64
0.72,0.72,75.74,74.09,81.33
3.16,3.16,70.82,68.57,81.72
16.28,16.28,65.06,69.66,81.36
19.48,19.48,72.89,66.30,80.81
12.08,12.08,74.48,59.98,81.26
4.35,4.35,73.21,64.99,80.53
2.53,2.53,72.18,72.25,79.94
7.40,7.40,69.26,68.71,80.42
15.34,15.34,68.23,71.60,80.95
16.57,16.57,70.98,72.17,80.79
9.20,9.20,75.94,70.50,81.16
0.43,0.43,74.74,75.53,79.97
1.45,1.45,73.65,69.88,81.03
8.89,8.89,73.66,75.68,78.63
14.37,14.37,75.55,67.25,78.10
18.18,18.18,71.14,78.41,79.31
16.44,16.44,66.84,68.53,80.08
8.41,8.41,68.67,66.67,81.15
1.76,1.76,66.06,59.87,80.66
0.72,0.72,66.26,54.68,81.04
0.34,0.34,68.12,57.70,79.79
0.33,0.33,72.76,66.53,81.41
1.61,1.61,74.82,69.02,81.26
6.46,6.46,70.28,69.29,78.35
4.01,4.01,77.95,78.30,78.48
1.14,1.14,67.57,73.16,75.13
2.35,2.35,72.07,76.68,76.94
1.56,1.56,76.18,71.66,72.94
7.79,7.79,73.22,72.59,76.19
16.71,16.71,73.56,76.71,79.16
14.14,14.14,66.93,71.64,80.49
13.22,13.22,68.49,77.96,81.21
9.89,9.89,64.06,70.78,82.75
5.69,5.69,67.85,80.27,81.44
14.62,14.62,70.31,74.07,80.34
10.76,10.76,69.08,75.91,79.77
5.18,5.18,69.08,68.36,80.43
3.63,3.63,72.91,63.88,80.79
4.18,4.18,74.60,62.47,81.50
9.56,9.56,70.27,73.11,81.94
20.77,20.77,69.87,68.95,81.62
13.80,13.80,72.18,71.39,80.44
9.91,9.91,74.64,69.75,79.15
11.14,11.14,77.69,72.44,78.40
10.98,10.98,76.76,77.95,79.00
5.37,5.37,73.09,73.11,80.15
8.48,8.48,70.96,79.77,79.83
10.15,10.15,68.99,67.89,81.17
15.25,15.25,68.85,76.33,80.13
9.75,9.75,71.71,73.59,78.50
13.25,13.25,68.55,76.68,80.20
14.48,14.48,70.72,72.42,79.10
10.01,10.01,71.15,76.69,79.84
13.73,13.73,73.38,74.83,80.49
12.98,12.98,76.24,67.96,78.65
8.11,8.11,60.48,55.23,75.44
6.50,6.50,68.16,47.43,76.39
12.44,12.44,60.66,44.16,74.61
2.84,2.84,67.72,53.44,78.48
2.54,2.54,78.83,70.87,80.10
1.73,1.73,71.17,70.22,80.93
0.02,0.02,67.85,75.94,82.00
-0.00,-0.00,64.58,67.73,82.46
-0.00,-0.00,73.16,68.74,82.69
0.16,0.16,75.52,73.27,82.63
4.02,4.02,74.49,70.58,81.21
11.69,11.69,69.54,74.24,81.28
11.54,11.54,72.91,71.48,81.55
11.73,11.73,70.67,74.10,79.36
9.40,9.40,74.54,65.83,80.18
9.10,9.10,76.96,58.69,81.27
9.58,9.58,71.69,49.95,80.56
11.21,11.21,73.07,55.10,81.51
8.07,8.07,71.11,59.30,79.29
5.59,5.59,78.67,74.55,80.00
6.58,6.58,74.52,67.75,80.58
15.58,15.58,72.03,78.23,79.88
15.28,15.28,69.21,68.56,81.08
15.11,15.11,68.42,75.06,80.61
4.19,4.19,68.02,70.18,79.09
7.20,7.20,68.80,72.59,80.21
6.36,6.36,70.98,72.38,80.59
9.11,9.11,70.62,69.77,81.22
11.41,11.41,72.49,75.66,80.33
6.34,6.34,73.52,64.62,79.81
2.69,2.69,58.93,60.10,77.30
1.79,1.79,62.99,49.10,76.41
3.16,3.16,60.31,45.42,74.73
8.32,8.32,67.45,52.78,78.77
10.04,10.04,75.34,66.60,81.74
5.17,5.17,70.98,69.72,81.86
2.90,2.90,74.38,75.01,80.69
7.73,7.73,63.88,65.60,81.98
18.21,18.21,71.58,71.79,80.35
10.41,10.41,73.38,71.22,81.59
8.01,8.01,74.72,73.77,78.95
0.99,0.99,70.40,75.75,79.24
0.03,0.03,70.92,67.24,79.20
0.02,0.02,69.84,75.37,79.99
1.48,1.48,71.85,68.88,79.24
7.45,7.45,76.21,75.77,80.08
13.79,13.79,74.51,68.54,80.08
10.90,10.90,72.64,78.29,80.04
3.21,3.21,70.70,68.55,79.85
7.52,7.52,74.75,71.62,80.88
5.77,5.77,73.80,68.74,80.79
1.59,1.59,72.93,67.94,81.36
2.80,2.80,73.09,64.61,80.37
4.70,4.70,67.97,55.27,81.00
7.46,7.46,67.09,50.63,80.10
9.46,9.46,64.53,59.20,80.47
12.36,12.36,67.44,63.88,80.29
11.85,11.85,66.43,74.03,81.04
9.83,9.83,71.87,75.77,81.04
6.02,6.02,75.18,72.23,76.73
2.74,2.74,59.04,77.36,76.85
2.40,2.40,62.60,66.42,76.90
2.65,2.65,61.67,76.08,75.90
9.60,9.60,64.79,66.11,78.13
7.82,7.82,77.03,76.65,80.62
18.30,18.30,72.66,71.65,81.49
12.30,12.30,70.45,63.93,82.80
14.76,14.76,63.85,58.73,81.62
11.81,11.81,70.85,52.12,80.51
13.01,13.01,75.31,51.48,81.32
14.09,14.09,75.74,54.60,81.61
5.11,5.11,70.51,68.30,80.94
0.01,0.01,73.89,72.76,79.37
0.29,0.29,72.47,74.74,79.07
7.60,7.60,73.55,71.69,78.56
17.13,17.13,75.68,75.66,80.23
17.18,17.18,72.77,67.35,80.76
7.98,7.98,72.93,78.47,80.16
13.73,13.73,70.38,61.89,81.17
10.71,10.71,73.71,74.04,80.17
12.47,12.47,70.96,68.77,80.40
12.04,12.04,68.79,69.52,80.66
17.36,17.36,68.55,59.91,80.66
15.21,15.21,65.56,58.78,80.88
10.11,10.11,65.14,49.70,80.65
2.03,2.03,61.16,56.54,82.33
2.31,2.31,72.82,64.57,82.83
11.66,11.66,71.60,67.30,82.68
16.46,16.46,71.91,74.39,81.29
13.52,13.52,76.09,69.36,78.17
6.37,6.37,66.83,74.04,78.26
4.92,4.92,69.54,69.27,76.74
4.00,4.00,76.28,69.77,77.09
5.54,5.54,70.96,74.01,78.75
12.65,12.65,69.22,72.11,81.21
22.36,22.36,60.65,67.32,81.12
19.89,19.89,69.06,76.45,83.32
12.29,12.29,65.89,62.91,83.44
0.04,0.04,65.10,73.11,81.73
0.57,0.57,65.36,64.92,83.35
3.89,3.89,67.17,66.91,83.52
3.15,3.15,73.43,72.55,82.98
0.87,0.87,74.77,67.64,81.56
15.47,15.47,66.89,70.64,82.45
11.56,11.56,66.59,69.48,81.33
3.93,3.93,69.78,75.33,82.08
4.79,4.79,68.91,67.77,81.98
2.67,2.67,75.26,75.31,81.26
1.06,1.06,76.35,66.87,79.58
0.05,0.05,75.29,76.43,80.25
0.63,0.63,72.46,66.62,82.41
10.02,10.02,69.33,77.90,80.77
19.68,19.68,68.81,70.49,79.70
29.26,29.26,67.75,75.50,79.93
31.46,31.46,67.05,71.45,78.52
24.92,24.92,68.24,72.76,80.36
11.09,11.09,70.32,71.84,81.19
0.58,0.58,68.96,68.51,80.35
12.27,12.27,71.85,73.73,81.90
14.68,14.68,72.34,61.07,78.90
8.36,8.36,55.77,61.15,77.14
2.24,2.24,62.73,45.88,77.40
6.35,6.35,56.80,54.39,76.27
7.12,7.12,66.26,59.32,77.72
15.05,15.05,76.94,70.77,80.76
12.27,12.27,70.86,71.42,80.49
8.47,8.47,71.91,71.51,81.06
8.79,8.79,65.99,75.66,81.03
10.70,10.70,72.09,69.72,81.77
18.73,18.73,75.93,73.30,82.10
17.22,17.22,74.93,71.04,81.11
6.37,6.37,70.64,71.82,80.93
2.70,2.70,70.57,76.04,80.02
1.62,1.62,64.60,66.86,81.33
4.79,4.79,58.79,64.22,80.13
12.77,12.77,70.44,56.51,80.08
11.50,11.50,65.45,49.90,80.68
8.67,8.67,62.78,57.66,80.29
3.87,3.87,66.87,66.42,82.11
4.85,4.85,76.32,74.00,82.15
12.52,12.52,73.61,72.43,82.28
14.53,14.53,69.20,73.68,81.23
3.27,3.27,68.71,75.80,80.91
2.23,2.23,66.06,64.63,81.48
2.46,2.46,63.58,76.07,80.91
2.91,2.91,63.58,70.62,80.75
2.79,2.79,63.04,70.66,81.37
3.68,3.68,63.51,75.99,80.71
3.06,3.06,61.12,66.07,81.65
5.65,5.65,59.04,62.32,80.90
6.29,6.29,58.87,48.95,82.08
8.62,8.62,55.48,50.83,81.42
17.61,17.61,58.85,51.20,81.87
23.75,23.75,62.38,62.13,80.64
21.93,21.93,79.32,73.40,81.59
21.64,21.64,71.42,70.42,81.79
17.36,17.36,71.15,72.87,81.24
24.82,24.82,63.62,72.78,80.18
25.63,25.63,70.74,68.23,81.79
16.27,16.27,73.34,75.31,81.33
4.38,4.38,74.43,66.42,79.39
2.65,2.65,71.37,69.44,81.51
5.93,5.93,65.16,68.76,79.67
14.99,14.99,67.99,72.31,80.52
21.95,21.95,68.18,63.60,79.86
21.63,21.63,68.73,70.83,79.80
21.88,21.88,70.06,68.38,80.58
17.67,17.67,72.16,70.96,77.88
13.96,13.96,71.23,73.66,78.90
8.75,8.75,74.17,66.57,79.33
14.15,14.15,71.51,70.11,80.29
16.76,16.76,70.82,67.77,80.85
18.52,18.52,69.71,53.61,80.67
21.22,21.22,65.77,53.66,81.56
30.31,30.31,63.90,52.92,80.00
38.40,38.40,67.88,56.99,79.48
37.03,37.03,60.64,65.45,76.20
29.14,29.14,59.30,70.65,75.58
19.96,19.96,58.82,75.33,75.45
14.52,14.52,55.12,62.68,75.43
16.17,16.17,54.85,74.72,76.60
19.92,19.92,61.07,71.32,76.71
15.73,15.73,58.59,66.50,75.41
12.99,12.99,66.62,69.56,77.31
8.64,8.64,73.46,71.11,80.32
9.10,9.10,75.65,69.39,78.74
10.91,10.91,72.64,66.64,81.22
15.82,15.82,71.41,58.48,77.60
12.59,12.59,68.86,53.25,74.83
12.09,12.09,73.09,46.16,74.49
20.18,20.18,76.50,55.38,74.54
16.71,16.71,71.02,67.61,79.47
9.14,9.14,66.39,71.70,80.04
12.21,12.21,65.40,74.47,79.92
16.65,16.65,70.18,68.10,80.01
14.97,14.97,52.46,74.41,77.17
11.73,11.73,53.28,73.94,75.23
8.34,8.34,61.37,70.62,74.60
3.66,3.66,68.72,76.12,75.73
2.29,2.29,73.55,70.58,78.93
7.55,7.55,69.80,72.70,80.40
16.48,16.48,68.35,66.90,79.25
20.50,20.50,66.79,59.43,77.78
18.00,18.00,62.47,49.53,74.48
17.69,17.69,60.81,51.46,75.41
16.79,16.79,62.50,58.38,75.42
22.78,22.78,74.04,68.14,80.26
20.60,20.60,74.29,72.05,79.10
11.93,11.93,68.72,73.16,79.60
6.52,6.52,71.61,67.73,77.27
11.20,11.20,66.13,77.82,76.72
11.11,11.11,71.15,74.03,78.12
11.40,11.40,76.83,66.31,78.86
17.06,17.06,70.11,72.22,80.18
17.11,17.11,66.73,70.39,80.56
9.18,9.18,63.83,71.22,80.42
7.86,7.86,65.51,71.25,80.01
12.97,12.97,64.59,77.86,77.86
16.19,16.19,63.39,70.06,77.36
8.74,8.74,62.58,74.85,78.47
7.70,7.70,65.94,67.78,76.88
5.24,5.24,75.31,74.50,80.71
4.17,4.17,71.30,72.75,80.56
6.95,6.95,68.83,72.84,78.70
3.84,3.84,70.76,71.50,79.46
1.81,1.81,68.35,78.90,75.90
3.11,3.11,72.55,71.12,75.02
6.33,6.33,77.45,72.21,75.78
10.71,10.71,74.56,63.91,78.62
14.85,14.85,73.72,70.31,79.84
15.61,15.61,72.83,70.85,80.02
16.67,16.67,71.02,71.66,80.87
16.65,16.65,69.22,76.39,76.53
7.94,7.94,66.17,70.22,73.02
6.38,6.38,65.08,75.07,76.07
5.04,5.04,62.47,72.91,75.60
6.78,6.78,69.66,72.61,79.86
14.25,14.25,61.87,75.48,81.77
13.59,13.59,64.90,69.85,78.45
15.41,15.41,68.53,63.55,78.29
9.26,9.26,54.83,56.46,74.44
7.43,7.43,57.29,50.16,76.10
5.48,5.48,57.19,51.88,72.38
9.03,9.03,67.57,62.09,76.98
11.89,11.89,78.24,73.95,78.48
15.96,15.96,73.52,69.83,80.19
15.83,15.83,68.34,76.61,80.58
14.26,14.26,63.19,66.72,80.74
8.38,8.38,69.70,72.64,81.23
7.07,7.07,73.99,77.64,81.39
9.58,9.58,75.59,71.28,81.05
7.19,7.19,69.81,77.79,81.41
9.85,9.85,65.48,69.38,80.28
7.21,7.21,62.02,71.24,81.00
9.33,9.33,57.72,65.93,79.46
11.26,11.26,66.23,62.29,80.81
10.30,10.30,65.78,59.32,80.84
8.72,8.72,62.34,58.23,80.86
4.25,4.25,66.70,59.06,80.61
1.53,1.53,77.19,71.99,79.89
5.20,5.20,72.45,65.07,81.16
10.82,10.82,66.82,72.84,80.29
12.71,12.71,67.87,71.44,80.52
17.16,17.16,65.26,70.01,79.93
13.69,13.69,65.36,76.02,80.00
3.62,3.62,63.32,63.37,79.52
5.47,5.47,62.27,74.57,81.05
13.71,13.71,60.53,70.53,80.72
17.83,17.83,58.21,69.38,81.20
23.73,23.73,56.26,61.12,81.51
25.23,25.23,54.43,45.48,82.39
19.30,19.30,54.20,47.03,82.15
13.00,13.00,57.21,48.57,81.22
11.35,11.35,61.09,59.07,81.55
16.11,16.11,79.10,72.21,82.57
13.86,13.86,70.27,69.72,81.01
12.62,12.62,67.89,71.26,79.68
15.97,15.97,65.89,69.72,80.91
17.10,17.10,70.25,71.76,81.06
8.46,8.46,74.18,74.07,80.88
8.03,8.03,76.11,73.71,80.02
14.12,14.12,71.57,69.94,79.48
16.03,16.03,65.83,70.70,80.31
13.45,13.45,61.28,76.06,80.87
12.52,12.52,63.42,72.66,80.23
6.85,6.85,64.63,79.22,80.65
11.87,11.87,64.55,74.45,81.80
16.93,16.93,68.27,76.50,81.04
7.36,7.36,66.61,76.14,79.86
0.23,0.23,73.65,73.50,80.63
1.02,1.02,73.04,77.09,81.67
5.25,5.25,69.39,68.78,79.39
16.98,16.98,67.99,67.40,80.39
5.77,5.77,63.76,59.99,80.70
7.72,7.72,61.00,60.25,80.51
11.19,11.19,58.88,65.03,80.48
10.55,10.55,57.95,65.94,81.15
6.42,6.42,59.78,67.69,80.57
8.43,8.43,67.30,77.28,79.94
5.63,5.63,69.86,66.05,79.64
8.52,8.52,54.02,66.74,76.14
15.17,15.17,62.52,75.38,75.79
13.75,13.75,59.79,66.27,74.82
11.01,11.01,66.11,70.98,78.29
7.52,7.52,73.54,69.90,81.48
11.13,11.13,71.89,69.22,82.26
10.85,10.85,68.62,70.71,83.03
7.93,7.93,67.96,57.00,82.18
9.88,9.88,65.96,49.56,81.67
12.89,12.89,63.60,52.60,81.07
12.48,12.48,62.15,57.69,81.41
5.84,5.84,67.52,68.47,80.80
6.24,6.24,70.92,70.33,80.86
11.16,11.16,66.51,74.49,82.34
10.67,10.67,67.60,69.80,81.46
8.16,8.16,66.28,71.64,82.54
11.46,11.46,69.72,76.19,84.02
12.15,12.15,68.83,73.00,82.14
9.30,9.30,66.79,75.73,81.41
5.09,5.09,71.56,75.08,80.80
10.34,10.34,70.28,65.65,82.37
18.52,18.52,63.73,70.70,81.94
18.48,18.48,64.72,56.51,81.73
12.34,12.34,65.38,54.11,80.89
4.05,4.05,61.65,53.04,80.89
4.36,4.36,62.80,52.84,80.81
0.10,0.10,71.94,68.03,81.48
2.86,2.86,71.38,71.27,81.35
19.54,19.54,65.76,77.03,82.45
7.86,7.86,62.90,71.33,81.77
7.18,7.18,63.06,74.20,82.05
9.85,9.85,62.26,75.57,81.81
16.47,16.47,61.04,67.78,81.31
12.67,12.67,60.95,71.59,80.33
7.24,7.24,59.64,76.09,81.52
11.38,11.38,60.60,73.67,80.93
15.66,15.66,58.38,70.61,81.77
7.15,7.15,58.65,79.27,81.58
10.70,10.70,58.81,76.05,82.97
10.55,10.55,59.83,73.73,81.96
13.40,13.40,61.16,77.85,80.59
2.04,2.04,73.32,74.28,80.64
6.51,6.51,76.04,67.62,79.38
16.54,16.54,71.43,76.22,79.72
15.23,15.23,65.26,67.32,79.23
7.85,7.85,64.76,73.24,80.25
14.95,14.95,68.38,74.23,79.83
20.80,20.80,64.84,73.14,79.14
17.06,17.06,69.56,73.24,80.32
10.48,10.48,73.69,74.18,82.28
2.01,2.01,69.02,75.45,80.93
0.00,0.00,67.19,72.36,81.12
2.05,2.05,69.09,71.32,80.98
2.91,2.91,64.05,71.96,81.24
0.12,0.12,60.44,71.69,81.39
-0.00,-0.00,61.83,72.72,82.37
0.09,0.09,63.42,69.89,81.15
4.64,4.64,63.71,72.78,80.55
15.63,15.63,61.90,67.99,80.24
6.33,6.33,68.23,63.25,78.76
5.28,5.28,58.88,59.20,77.86
9.62,9.62,60.24,47.10,75.44
10.86,10.86,59.94,42.74,74.13
8.84,8.84,66.06,53.68,75.32
12.17,12.17,75.57,67.28,76.52
10.53,10.53,73.46,70.28,75.38
2.86,2.86,71.92,73.30,74.23
1.69,1.69,63.93,73.84,74.55
0.30,0.30,71.23,78.91,73.70
0.29,0.29,74.02,71.71,72.30
5.24,5.24,74.95,77.17,74.30
7.46,7.46,68.52,69.58,75.57
2.26,2.26,63.92,78.17,73.92
0.81,0.81,62.98,69.62,72.41
1.93,1.93,60.29,67.50,73.23
3.67,3.67,61.26,57.50,72.02
5.13,5.13,57.76,57.64,72.50
6.75,6.75,61.14,58.86,73.10
8.86,8.86,67.48,62.50,72.00
9.15,9.15,75.49,70.21,74.30
11.14,11.14,70.70,70.76,73.06
12.82,12.82,67.62,76.27,72.63
7.88,7.88,66.97,71.98,72.83
15.98,15.98,66.60,75.15,73.65
16.50,16.50,64.90,73.87,71.67
10.37,10.37,63.44,75.58,71.58
14.47,14.47,62.36,74.85,72.92
11.40,11.40,60.20,76.81,72.78
4.17,4.17,59.42,71.87,73.67
3.42,3.42,58.78,61.52,71.94
8.68,8.68,57.25,56.05,72.60
8.53,8.53,56.99,50.98,72.51
6.71,6.71,57.97,47.31,71.53
5.37,5.37,63.60,57.59,69.88
8.41,8.41,79.05,68.31,72.80
8.59,8.59,71.53,66.36,71.42
0.82,0.82,71.92,75.98,71.58
0.33,0.33,66.89,72.50,72.59
3.45,3.45,72.21,71.27,72.03
11.63,11.63,75.36,69.55,71.53
19.63,19.63,77.10,63.80,71.12
13.85,13.85,70.18,68.50,71.32
6.18,6.18,60.71,74.20,73.65
9.31,9.31,57.37,71.90,73.93
10.98,10.98,61.05,74.87,72.55
14.04,14.04,54.29,68.83,72.20
12.48,12.48,57.80,77.14,73.00
10.62,10.62,59.33,67.03,71.38
8.10,8.10,67.43,75.63,71.84
13.72,13.72,73.58,70.01,73.05
15.36,15.36,71.53,76.03,73.75
7.70,7.70,68.87,67.03,75.73
13.57,13.57,67.01,62.10,73.00
10.43,10.43,67.00,57.35,74.09
6.16,6.16,64.42,48.67,71.74
9.01,9.01,61.36,60.05,68.62
3.15,3.15,62.27,66.47,71.19
3.16,3.16,63.25,72.18,71.88
5.62,5.62,59.62,73.93,72.09
4.90,4.90,57.76,72.12,72.69
4.04,4.04,56.00,73.40,72.47
12.38,12.38,54.76,73.49,72.23
8.64,8.64,64.38,71.00,71.01
15.17,15.17,71.80,72.71,75.08
15.92,15.92,73.03,74.00,77.61
17.79,17.79,75.12,71.90,77.37
3.07,3.07,74.33,68.73,77.33
2.07,2.07,70.26,69.86,74.40
11.46,11.46,68.16,62.00,72.86
7.34,7.34,71.52,63.23,74.03
1.00,1.00,75.69,62.82,72.57
1.92,1.92,71.01,74.12,78.43
9.14,9.14,73.27,71.13,78.84
10.68,10.68,74.02,71.02,78.59
7.10,7.10,73.31,74.40,77.96
7.07,7.07,52.00,63.09,75.05
6.24,6.24,59.00,74.19,75.31
5.83,5.83,64.63,68.83,73.02
10.16,10.16,68.18,75.47,75.33
12.84,12.84,76.44,66.22,77.33
7.82,7.82,75.52,77.27,79.32
14.43,14.43,72.76,63.31,78.30
17.69,17.69,70.74,64.65,75.60
7.54,7.54,66.22,49.68,74.22
13.44,13.44,62.87,45.20,73.76
5.28,5.28,62.40,51.32,74.74
4.00,4.00,75.81,61.79,77.71
0.52,0.52,75.27,68.59,78.78
5.74,5.74,73.42,66.74,79.35
6.32,6.32,72.03,76.57,78.36
1.95,1.95,68.38,71.37,74.77
3.95,3.95,71.55,73.10,74.05
4.21,4.21,76.17,67.42,73.80
10.24,10.24,73.53,71.59,75.38
16.61,16.61,72.61,78.89,78.45
19.68,19.68,68.42,68.69,78.46
18.67,18.67,75.03,72.65,79.03
10.82,10.82,68.07,72.92,76.11
12.99,12.99,64.02,73.66,74.50
13.07,13.07,63.97,68.51,73.34
1.04,1.04,64.53,67.02,71.99
2.32,2.32,74.97,74.53,77.70
15.68,15.68,76.09,75.87,79.66
17.07,17.07,70.52,70.28,78.50
5.86,5.86,72.74,76.35,78.24
8.00,8.00,67.71,74.42,74.87
8.10,8.10,71.66,78.35,74.92
5.43,5.43,76.73,75.40,73.36
12.69,12.69,74.85,72.16,74.94
13.54,13.54,76.32,75.99,79.12
6.39,6.39,73.67,64.31,79.86
10.20,10.20,74.56,77.56,78.98
14.47,14.47,70.22,71.06,77.40
13.96,13.96,64.78,76.60,76.93
6.89,6.89,61.40,68.87,75.83
16.80,16.80,62.22,74.65,76.70
18.38,18.38,74.93,67.03,79.48
18.47,18.47,70.04,75.89,80.55
9.05,9.05,72.37,70.00,78.29
17.20,17.20,74.85,61.93,77.92
12.18,12.18,59.00,62.36,77.90
6.20,6.20,63.41,45.60,75.66
7.05,7.05,58.34,49.36,76.40
4.55,4.55,66.49,56.90,76.98
3.55,3.55,80.17,68.41,79.20
4.36,4.36,74.03,69.64,80.52
7.33,7.33,69.36,76.90,79.09
8.06,8.06,66.73,72.59,79.73
0.95,0.95,72.81,69.27,81.23
5.25,5.25,74.68,70.55,80.76
13.03,13.03,76.63,70.32,81.64
10.86,10.86,70.88,75.70,81.23
14.63,14.63,72.08,68.27,80.91
11.04,11.04,69.22,74.97,80.16
5.52,5.52,74.11,66.72,79.98
6.45,6.45,75.14,61.20,81.25
9.14,9.14,74.25,51.36,80.25
9.71,9.71,72.27,58.48,80.68
7.36,7.36,68.42,66.51,81.87
12.15,12.15,73.73,75.45,81.84
12.01,12.01,72.07,67.15,81.52
11.97,11.97,73.08,77.39,80.73
14.94,14.94,67.46,69.77,82.59
22.00,22.00,62.02,75.04,82.09
18.23,18.23,64.03,67.87,80.22
18.32,18.32,69.04,74.19,79.19
10.48,10.48,72.03,75.52,80.75
5.63,5.63,69.17,66.33,80.27
0.78,0.78,71.86,73.70,81.27
5.41,5.41,74.54,63.77,79.51
11.40,11.40,55.46,59.62,75.27
9.43,9.43,63.61,47.67,74.45
6.07,6.07,58.28,42.57,73.74
15.24,15.24,66.84,58.71,77.61
14.88,14.88,75.40,68.07,80.32
15.53,15.53,72.76,71.58,80.52
7.68,7.68,75.12,72.90,82.43
15.01,15.01,64.06,68.73,82.44
4.84,4.84,70.31,69.31,82.03
11.57,11.57,71.57,75.73,83.00
13.28,13.28,76.17,73.49,81.93
7.82,7.82,72.01,74.08,80.32
0.87,0.87,69.77,72.91,81.84
8.27,8.27,68.33,77.22,80.27
15.07,15.07,65.16,70.32,81.75
11.73,11.73,71.99,79.87,80.62
14.20,14.20,72.30,68.06,80.59
8.59,8.59,72.70,78.75,80.17
0.59,0.59,70.78,66.12,80.69
9.92,9.92,75.22,73.97,80.56
13.23,13.23,71.65,72.12,81.73
5.24,5.24,65.97,65.88,80.47
6.30,6.30,67.17,62.62,80.46
19.46,19.46,68.53,55.88,79.75
23.42,23.42,66.98,52.54,80.22
16.11,16.11,63.83,57.70,79.92
15.99,15.99,63.68,69.28,81.32
11.98,11.98,60.49,73.26,82.20
13.82,13.82,64.61,78.22,81.37
12.96,12.96,63.44,73.24,80.85
5.14,5.14,68.60,76.54,80.85
0.05,0.05,68.77,69.24,81.56
3.39,3.39,65.32,75.77,81.28
10.27,10.27,66.33,67.41,80.76
7.38,7.38,77.31,77.44,80.87
14.39,14.39,72.73,69.60,81.08
14.27,14.27,70.47,67.54,79.88
2.07,2.07,65.76,61.50,81.00
0.84,0.84,71.29,54.07,80.02
2.70,2.70,74.88,48.78,80.18
6.98,6.98,75.94,55.76,80.71
6.63,6.63,70.96,67.00,81.79
16.51,16.51,69.70,70.57,81.60
20.33,20.33,67.76,74.26,80.18
13.66,13.66,71.21,73.65,80.47
5.51,5.51,73.54,78.09,77.82
3.91,3.91,72.44,64.08,79.96
9.22,9.22,69.14,77.60,78.68
7.97,7.97,69.81,66.80,80.01
8.54,8.54,74.96,75.16,81.77
17.30,17.30,73.91,67.99,80.79
17.07,17.07,69.99,66.71,80.30
19.83,19.83,70.23,57.48,79.66
18.97,18.97,66.98,53.16,80.04
16.41,16.41,66.99,47.90,81.01
19.25,19.25,63.37,53.33,78.99
9.03,9.03,74.21,66.43,80.20
7.90,7.90,73.01,67.06,80.71
17.49,17.49,70.00,67.18,80.37
14.60,14.60,68.67,63.63,79.76
15.14,15.14,68.02,78.59,78.31
12.18,12.18,69.00,65.41,77.17
13.53,13.53,74.80,77.38,79.24
17.75,17.75,78.57,68.62,78.66
15.34,15.34,70.50,71.45,77.49
17.96,17.96,64.93,68.10,75.89
16.06,16.06,65.97,79.63,77.69
18.82,18.82,64.62,71.91,76.02
18.89,18.89,66.57,76.08,78.80
11.41,11.41,64.98,71.49,80.39
8.15,8.15,62.78,68.33,77.31
4.65,4.65,77.65,73.20,79.54
2.25,2.25,74.10,68.75,77.97
0.12,0.12,68.34,76.97,78.80
0.02,0.02,70.74,72.60,79.44
0.11,0.11,69.48,74.55,80.30
0.23,0.23,69.19,62.26,78.07
2.87,2.87,76.89,73.80,76.84
6.50,6.50,78.33,73.43,76.53
11.96,11.96,73.80,74.38,77.08
16.11,16.11,72.39,64.90,78.57
12.33,12.33,67.75,78.24,77.46
4.47,4.47,68.85,69.04,77.61
4.48,4.48,68.90,75.47,77.91
5.77,5.77,70.42,73.16,77.66
7.48,7.48,68.52,74.68,77.06
2.49,2.49,69.90,70.88,78.92
0.26,0.26,62.85,70.96,78.30
0.00,0.00,66.65,73.95,78.71
-0.00,-0.00,66.11,63.63,79.48
0.02,0.02,65.46,54.08,80.15
0.29,0.29,60.30,49.02,79.12
0.05,0.05,59.77,50.80,79.05
4.66,4.66,70.23,61.40,79.07
17.36,17.36,79.48,71.27,80.06
20.36,20.36,74.23,73.78,79.17
12.79,12.79,72.20,71.26,77.88
10.66,10.66,69.14,75.49,77.17
11.88,11.88,70.13,67.70,74.20
13.14,13.14,75.51,75.88,74.62
3.17,3.17,74.87,66.78,73.96
0.60,0.60,71.23,69.91,74.90
2.89,2.89,61.04,75.99,75.76
4.58,4.58,61.07,67.12,72.76
6.92,6.92,61.10,66.94,72.11
13.02,13.02,66.59,61.89,72.28
9.02,9.02,61.22,56.41,74.19
8.13,8.13,61.16,61.27,72.24
3.27,3.27,67.97,64.37,73.26
1.10,1.10,73.59,72.27,79.19
0.56,0.56,70.93,73.59,79.64
0.14,0.14,69.23,73.41,79.81
3.00,3.00,67.31,74.48,77.12
4.62,4.62,64.56,67.42,74.26
4.04,4.04,61.57,76.94,74.72
5.08,5.08,58.55,74.01,74.73
4.95,4.95,70.53,73.16,77.06
3.56,3.56,64.73,76.64,78.27
3.96,3.96,67.12,68.03,78.34
3.62,3.62,65.28,61.52,76.93
4.08,4.08,55.12,53.12,73.81
2.92,2.92,55.37,52.18,73.83
5.55,5.55,55.59,48.77,73.49
12.33,12.33,64.96,54.89,74.09
14.81,14.81,80.60,70.27,76.06
2.39,2.39,74.04,69.12,76.93
1.06,1.06,73.11,73.58,77.74
1.46,1.46,65.19,75.12,74.94
1.15,1.15,70.08,74.45,74.05
0.16,0.16,70.88,73.60,74.44
0.22,0.22,75.80,76.60,75.39
3.22,3.22,72.73,72.65,77.68
3.26,3.26,72.15,70.23,79.63
3.05,3.05,70.72,74.53,77.86
1.30,1.30,71.57,65.99,77.33
1.33,1.33,51.51,72.35,75.39
3.17,3.17,55.54,68.21,75.04
2.31,2.31,61.88,67.65,73.55
7.33,7.33,68.46,77.34,74.03
14.11,14.11,72.95,71.09,77.12
17.67,17.67,70.39,70.24,78.58
21.01,21.01,67.25,67.95,79.15
10.39,10.39,67.48,55.57,77.38
10.48,10.48,65.04,55.62,74.98
16.65,16.65,62.21,54.51,74.41
13.70,13.70,60.71,59.02,74.40
7.68,7.68,67.09,68.38,77.44
5.86,5.86,63.79,69.53,78.52
7.22,7.22,64.82,77.00,77.79
5.92,5.92,67.28,65.97,77.01
16.23,16.23,55.42,75.95,74.92
7.70,7.70,56.19,70.60,74.70
5.42,5.42,59.62,64.12,73.72
11.28,11.28,67.02,72.64,75.35
5.98,5.98,74.42,71.63,78.99
1.73,1.73,73.80,71.13,78.77
1.61,1.61,70.49,69.17,79.78
6.60,6.60,63.67,60.95,79.58
11.25,11.25,67.14,56.36,78.17
16.92,16.92,75.23,56.76,77.35
8.75,8.75,75.67,61.40,76.26
3.17,3.17,71.77,68.50,78.85
4.18,4.18,67.26,71.05,76.97
14.00,14.00,64.00,73.33,77.55
9.09,9.09,70.41,67.26,76.85
10.02,10.02,58.64,75.74,74.54
4.88,4.88,55.82,75.66,74.00
3.09,3.09,62.50,71.59,73.57
7.58,7.58,70.77,75.15,72.23
10.75,10.75,74.32,70.37,78.11
9.06,9.06,74.58,70.52,79.04
2.68,2.68,69.36,67.36,79.72
0.67,0.67,69.24,58.14,78.26
10.91,10.91,66.67,47.52,78.11
17.64,17.64,64.15,51.88,79.08
13.78,13.78,62.11,54.81,79.75
14.05,14.05,75.18,69.29,80.45
5.58,5.58,75.04,72.44,78.62
3.98,3.98,69.46,74.82,77.28
8.16,8.16,69.09,69.83,76.96
11.85,11.85,62.60,79.15,75.73
14.33,14.33,71.83,73.55,75.51
10.72,10.72,76.74,71.31,72.73
10.34,10.34,73.77,71.10,75.10
7.37,7.37,69.60,77.83,78.97
13.02,13.02,62.32,73.11,79.70
8.02,8.02,61.13,70.39,80.99
4.44,4.44,62.81,73.98,79.70
4.16,4.16,62.89,71.16,80.33
2.24,2.24,62.10,71.84,80.40
3.17,3.17,60.87,73.86,80.53
3.86,3.86,71.35,72.03,78.45
0.71,0.71,73.58,72.17,78.93
0.97,0.97,69.73,76.56,78.24
2.67,2.67,71.12,70.16,75.87
3.90,3.90,69.36,78.01,75.80
4.67,4.67,71.23,74.79,76.18
2.80,2.80,76.33,75.18,73.67
1.54,1.54,75.46,77.22,75.84
4.67,4.67,75.94,62.24,78.67
8.59,8.59,74.21,71.34,78.42
0.90,0.90,70.47,73.64,78.18
0.47,0.47,68.87,77.13,79.61
2.61,2.61,67.24,69.96,80.41
9.17,9.17,67.10,77.67,78.37
9.65,9.65,63.83,73.98,77.44
8.57,8.57,65.12,71.32,78.14
13.72,13.72,67.77,74.76,79.58
16.85,16.85,69.97,70.83,78.96
11.53,11.53,69.19,65.35,77.84
9.24,9.24,55.35,62.79,73.42
4.91,4.91,57.41,54.19,73.14
3.70,3.70,56.02,53.31,72.78
1.02,1.02,64.70,57.31,74.90
0.02,0.02,79.42,74.13,77.96
0.35,0.35,73.85,70.54,78.22
0.42,0.42,70.90,76.79,78.78
0.02,0.02,66.57,69.73,77.83
0.00,0.00,73.65,72.44,79.52
0.01,0.01,75.27,76.26,78.80
0.97,0.97,74.40,71.05,79.28
4.71,4.71,70.31,78.27,78.29
6.69,6.69,68.30,71.84,78.72
5.66,5.66,65.08,68.81,80.32
10.17,10.17,64.21,66.18,80.00
12.49,12.49,69.74,59.97,79.88
13.41,13.41,67.36,55.29,80.84
12.58,12.58,65.57,56.83,78.93
13.41,13.41,69.83,61.22,80.41
16.60,16.60,76.24,72.38,79.78
20.22,20.22,71.92,70.23,78.80
17.15,17.15,69.08,75.38,78.30
18.36,18.36,68.63,74.60,76.86
11.58,11.58,66.63,67.98,75.04
5.66,5.66,65.38,77.46,76.64
1.68,1.68,64.13,66.02,75.40
2.46,2.46,63.33,76.68,75.82
2.98,2.98,62.02,70.52,74.15
10.97,10.97,57.18,70.28,75.26
7.58,7.58,56.51,63.44,74.28
10.49,10.49,57.56,57.28,74.34
12.35,12.35,54.48,54.21,74.32
6.57,6.57,56.46,58.81,73.75
4.73,4.73,63.70,58.01,76.49
5.61,5.61,78.41,73.79,78.84
3.76,3.76,72.29,67.83,78.73
2.89,2.89,67.78,74.31,77.94
4.10,4.10,65.45,75.65,79.69
5.44,5.44,69.81,78.14,78.94
3.82,3.82,73.87,81.89,78.95
4.96,4.96,76.14,79.42,77.56
2.52,2.52,72.03,74.65,78.21
1.33,1.33,63.53,73.71,78.40
1.87,1.87,62.99,76.96,77.71
7.10,7.10,68.42,70.67,77.51
5.31,5.31,72.44,79.07,76.83
3.71,3.71,65.35,72.99,77.95
11.74,11.74,66.31,75.63,78.31
11.80,11.80,68.09,76.48,77.99
8.76,8.76,75.30,74.09,78.77
6.02,6.02,73.88,76.51,78.10
11.02,11.02,68.21,66.99,78.92
12.88,12.88,68.07,66.22,77.70
17.95,17.95,66.49,60.36,78.22
13.87,13.87,65.60,59.29,78.45
15.09,15.09,65.32,63.16,77.86
12.88,12.88,65.89,67.29,79.18
16.69,16.69,63.05,68.69,79.97
16.38,16.38,61.21,75.06,79.58
10.16,10.16,62.10,67.69,77.87
16.77,16.77,65.90,68.16,78.10
11.10,11.10,66.73,74.74,79.20
4.57,4.57,66.23,67.91,78.59
2.75,2.75,70.73,70.90,79.24
1.04,1.04,75.62,72.35,78.38
0.42,0.42,76.24,67.73,77.05
0.09,0.09,73.24,67.20,78.39
0.94,0.94,69.21,57.31,78.40
3.28,3.28,66.91,55.24,78.99
2.82,2.82,62.21,49.98,78.73
3.46,3.46,61.84,56.85,77.80
2.47,2.47,70.48,69.28,79.69
2.09,2.09,69.26,68.40,79.24
3.26,3.26,68.61,75.52,78.62
2.69,2.69,65.95,71.03,79.48
1.68,1.68,71.26,70.37,79.73
1.73,1.73,68.86,78.01,77.86
1.60,1.60,69.44,74.86,79.13
2.67,2.67,68.15,75.81,80.84
10.87,10.87,74.45,77.14,80.45
17.67,17.67,72.89,71.05,79.87
13.49,13.49,70.34,68.69,79.35
6.17,6.17,70.59,62.03,80.13
1.77,1.77,68.19,51.78,81.02
4.95,4.95,67.49,44.10,79.36
4.77,4.77,68.85,52.94,79.00
0.88,0.88,72.18,62.49,78.91
6.83,6.83,71.94,69.98,79.16
13.13,13.13,66.64,77.24,78.83
14.28,14.28,67.51,67.64,78.15
17.45,17.45,65.85,73.03,78.56
19.50,19.50,65.12,73.29,78.33
18.18,18.18,62.65,73.32,78.12
27.94,27.94,61.45,70.95,78.70
33.51,33.51,60.72,75.78,79.70
28.00,28.00,61.11,74.68,79.73
15.29,15.29,60.07,73.80,79.38
8.87,8.87,62.16,78.74,77.63
0.76,0.76,61.46,73.73,77.65
4.17,4.17,62.62,73.71,76.71
10.37,10.37,63.51,74.48,77.34
11.48,11.48,73.53,71.57,78.68
5.38,5.38,72.13,63.59,77.50
0.30,0.30,70.53,76.62,78.17
0.60,0.60,67.78,72.55,77.60
0.35,0.35,68.85,77.63,78.24
2.36,2.36,67.69,78.36,78.06
5.43,5.43,66.90,75.81,77.75
4.07,4.07,71.77,71.49,75.92
2.58,2.58,75.45,70.32,78.10
3.03,3.03,72.92,74.16,77.25
3.43,3.43,71.24,71.56,76.19
0.90,0.90,71.39,75.93,77.71
0.18,0.18,69.43,71.44,77.71
6.06,6.06,67.35,70.85,77.07
8.93,8.93,68.03,72.79,78.25
7.22,7.22,69.13,65.49,75.13
2.93,2.93,68.59,71.88,74.90
2.41,2.41,66.50,71.46,74.49
3.67,3.67,63.85,59.79,74.02
9.66,9.66,61.83,55.56,73.76
10.56,10.56,61.91,51.25,72.95
4.24,4.24,60.64,55.89,73.72
0.99,0.99,66.75,58.87,74.61
0.57,0.57,74.32,72.41,78.57
0.90,0.90,75.57,70.44,79.01
5.24,5.24,73.83,75.14,79.78
15.60,15.60,61.31,73.62,79.33
17.11,17.11,72.26,72.73,78.91
13.65,13.65,74.80,72.16,78.43
4.79,4.79,72.82,72.73,79.14
0.36,0.36,71.15,68.20,79.40
0.58,0.58,66.94,74.99,79.99
1.56,1.56,64.59,70.83,79.54
1.24,1.24,70.72,65.66,79.93
0.50,0.50,59.68,57.72,75.10
0.44,0.44,60.20,54.03,73.38
1.87,1.87,63.79,53.91,72.66
8.36,8.36,71.38,59.32,75.37
15.28,15.28,76.60,72.16,78.96
12.06,12.06,72.62,70.77,80.13
9.86,9.86,68.62,79.03,79.88
7.14,7.14,67.64,70.38,80.52
3.43,3.43,66.77,78.21,79.67
0.60,0.60,65.89,75.61,81.57
0.33,0.33,64.00,77.78,79.52
3.38,3.38,64.82,73.43,80.61
8.76,8.76,64.16,77.67,80.29
19.02,19.02,65.47,73.32,78.29
12.39,12.39,70.82,67.28,78.71
13.36,13.36,57.24,64.59,76.11
15.13,15.13,57.26,54.29,74.07
12.88,12.88,59.80,61.11,75.37
11.43,11.43,68.74,63.26,77.49
5.32,5.32,76.69,75.25,81.50
6.61,6.61,73.87,65.27,80.11
15.52,15.52,72.55,78.29,80.48
17.57,17.57,63.95,72.33,80.91
16.19,16.19,72.39,78.87,81.08
9.75,9.75,75.51,73.60,80.74
8.48,8.48,75.91,76.41,79.52
2.56,2.56,69.64,74.30,79.03
3.62,3.62,69.21,74.33,80.20
10.57,10.57,65.63,72.42,79.81
10.82,10.82,70.97,76.32,78.18
1.94,1.94,56.96,68.53,75.32
1.42,1.42,59.42,76.41,74.36
3.71,3.71,61.16,69.73,73.97
4.37,4.37,70.15,76.20,77.52
6.20,6.20,75.75,62.97,81.82
5.54,5.54,72.60,77.85,82.05
0.92,0.92,66.30,59.22,82.13
10.16,10.16,69.04,63.39,82.19
17.72,17.72,66.38,53.94,81.92
12.12,12.12,62.75,53.09,81.27
10.83,10.83,60.86,59.95,81.07
12.20,12.20,62.44,67.72,81.46
11.78,11.78,64.62,69.77,81.24
10.78,10.78,65.50,73.77,80.54
10.79,10.79,65.50,69.95,80.64
14.96,14.96,59.80,71.32,78.11
5.82,5.82,59.87,70.47,74.14
2.20,2.20,60.38,68.89,74.13
0.84,0.84,71.11,73.08,78.25
0.93,0.93,71.04,73.21,81.36
1.46,1.46,75.34,71.44,81.92
2.45,2.45,72.31,66.07,82.09
3.93,3.93,63.60,70.75,83.11
6.88,6.88,70.58,62.34,82.73
17.81,17.81,74.17,68.11,81.89
9.89,9.89,75.77,64.46,82.46
5.45,5.45,72.76,72.70,82.98
4.58,4.58,67.54,72.78,82.36
11.36,11.36,67.78,69.83,81.05
14.61,14.61,68.69,74.42,80.49
3.84,3.84,63.21,71.94,82.02
2.27,2.27,59.24,75.58,81.62
5.35,5.35,68.36,70.80,80.93
13.33,13.33,69.97,75.16,80.37
15.88,15.88,73.42,67.04,81.70
3.58,3.58,70.75,76.87,82.01
3.65,3.65,66.03,67.82,82.31
8.43,8.43,66.46,62.82,81.14
9.33,9.33,65.20,55.31,82.34
12.51,12.51,64.27,52.06,80.80
9.48,9.48,65.10,60.24,80.50
6.94,6.94,71.80,62.53,81.35
1.34,1.34,74.86,71.63,80.53
0.87,0.87,72.92,71.41,80.86
5.66,5.66,69.52,78.03,80.49
5.10,5.10,70.33,74.69,77.70
8.29,8.29,71.97,79.60,77.56
4.82,4.82,76.98,76.03,74.40
10.18,10.18,72.21,71.51,78.18
9.89,9.89,68.99,72.83,81.05
6.19,6.19,62.52,63.83,82.29
10.48,10.48,64.66,78.42,81.59
11.87,11.87,63.03,67.02,83.38
1.29,1.29,62.53,78.87,82.42
1.19,1.19,62.35,75.92,82.23
3.44,3.44,61.68,74.43,81.06
13.25,13.25,65.25,74.06,81.73
14.53,14.53,70.26,70.20,81.61
9.71,9.71,73.50,72.40,80.87
13.41,13.41,64.66,76.05,81.81
19.63,19.63,64.32,76.30,82.39
5.34,5.34,72.66,80.07,81.56
4.08,4.08,76.69,73.87,81.13
6.09,6.09,74.16,73.57,81.90
18.21,18.21,76.57,70.02,82.20
16.61,16.61,73.01,69.62,83.26
16.14,16.14,69.10,78.05,80.65
18.82,18.82,67.59,71.27,80.30
9.75,9.75,67.31,77.24,81.60
6.60,6.60,64.59,73.92,79.84
5.24,5.24,63.39,75.69,80.98
4.33,4.33,64.34,72.48,80.08
7.84,7.84,59.49,77.14,81.16
6.46,6.46,68.69,68.00,80.30
6.53,6.53,72.23,58.41,79.55
6.95,6.95,53.43,53.82,78.25
6.03,6.03,62.39,49.78,76.99
3.51,3.51,59.81,47.06,76.93
1.28,1.28,69.17,54.09,78.95
3.75,3.75,79.23,72.43,81.10
10.19,10.19,71.08,72.44,81.92
10.22,10.22,67.46,75.31,82.07
12.55,12.55,63.75,69.53,83.12
1.47,1.47,70.54,67.46,82.90
0.50,0.50,73.91,71.90,82.56
0.37,0.37,77.34,70.51,82.19
0.11,0.11,69.84,74.89,83.19
0.18,0.18,63.15,65.14,82.92
10.71,10.71,59.25,71.77,80.70
15.67,15.67,61.44,62.15,79.92
14.56,14.56,69.18,53.43,80.53
8.88,8.88,63.19,54.90,80.56
6.90,6.90,67.38,56.80,80.50
10.71,10.71,69.37,58.01,80.46
12.59,12.59,75.28,72.87,80.57
9.37,9.37,68.26,63.27,82.40
0.36,0.36,67.20,78.34,81.34
0.38,0.38,68.11,70.26,81.19
1.88,1.88,67.03,72.42,80.87
2.24,2.24,66.26,70.13,79.60
0.78,0.78,64.55,71.67,80.65
1.25,1.25,64.88,75.19,80.88
11.67,11.67,59.97,69.20,80.43
15.89,15.89,65.85,74.37,80.18
12.25,12.25,71.12,58.92,80.32
8.22,8.22,55.59,59.46,77.21
4.55,4.55,55.60,45.01,77.16
6.60,6.60,58.72,46.79,76.87
12.10,12.10,66.59,56.79,78.33
5.60,5.60,74.97,68.78,81.61
4.10,4.10,69.41,72.58,81.19
7.82,7.82,72.12,69.92,82.34
13.73,13.73,63.74,68.76,83.39
15.23,15.23,69.31,72.20,81.56
2.45,2.45,71.94,75.76,81.40
0.04,0.04,75.21,76.15,82.14
0.11,0.11,73.31,74.18,81.41
0.12,0.12,65.68,71.17,81.39
1.40,1.40,60.96,74.26,80.61
4.26,4.26,64.68,69.97,80.08
14.17,14.17,70.31,77.25,81.67
15.44,15.44,66.19,66.10,81.28
2.77,2.77,61.52,77.38,80.96
0.00,0.00,69.78,68.22,81.70
0.90,0.90,75.50,73.74,81.43
2.36,2.36,74.02,69.22,81.65
10.90,10.90,68.76,68.79,81.40
17.88,17.88,68.15,59.99,82.11
16.82,16.82,67.64,56.27,81.43
9.07,9.07,64.45,55.20,80.36
1.92,1.92,62.54,62.66,80.23
1.74,1.74,62.83,66.37,80.86
4.51,4.51,61.79,73.54,81.62
9.11,9.11,64.48,73.30,81.85
11.08,11.08,69.52,73.60,80.39
12.10,12.10,56.33,77.04,79.40
6.82,6.82,56.18,67.02,76.42
6.13,6.13,63.26,78.16,77.33
2.39,2.39,65.95,68.98,78.80
0.56,0.56,77.13,77.28,79.87
0.98,0.98,72.86,69.03,81.64
0.10,0.10,71.44,66.70,81.30
1.52,1.52,66.41,59.93,81.53
8.61,8.61,69.06,57.13,82.15
4.19,4.19,74.44,49.82,82.55
0.38,0.38,76.37,59.46,81.94
0.00,0.00,72.59,70.69,81.75
0.02,0.02,67.38,71.98,81.82
0.41,0.41,60.47,74.54,80.55
4.13,4.13,57.90,71.86,80.10
9.98,9.98,67.06,75.92,81.57
8.81,8.81,57.48,68.37,81.01
10.75,10.75,64.86,78.55,82.46
12.46,12.46,69.60,66.78,81.72
10.52,10.52,74.01,75.27,81.43
12.64,12.64,72.57,72.39,81.15
9.39,9.39,68.32,68.80,81.17
14.63,14.63,68.48,53.53,79.92
11.54,11.54,66.09,52.27,80.75
1.48,1.48,64.41,50.15,80.29
1.95,1.95,64.45,55.65,80.95
12.36,12.36,74.05,66.10,81.21
13.01,13.01,73.44,68.07,81.70
16.83,16.83,71.74,74.79,81.02
23.50,23.50,71.81,71.52,79.13
18.96,18.96,71.74,77.18,77.11
15.45,15.45,68.76,73.35,74.68
7.80,7.80,77.05,75.58,75.68
14.54,14.54,72.64,75.38,80.03
21.26,21.26,67.11,67.16,80.65
18.27,18.27,63.14,66.78,82.62
15.85,15.85,63.16,78.54,83.08
14.75,14.75,60.23,66.33,83.03
19.55,19.55,61.06,72.00,82.54
14.18,14.18,61.90,65.06,82.58
2.55,2.55,64.44,67.03,81.97
2.90,2.90,74.78,71.96,82.09
1.28,1.28,71.34,67.70,81.81
3.32,3.32,67.25,74.67,80.07
7.11,7.11,67.72,68.99,80.11
9.70,9.70,68.60,77.04,81.25
13.48,13.48,69.25,70.53,80.48
13.82,13.82,76.78,71.68,81.91
13.46,13.46,72.91,74.58,81.86
15.48,15.48,77.89,75.18,79.95
7.19,7.19,72.86,67.86,81.07
9.27,9.27,66.59,77.89,82.13
12.66,12.66,64.57,69.03,80.54
18.95,18.95,63.88,75.43,80.41
20.12,20.12,63.66,73.45,80.08
14.40,14.40,63.56,74.66,81.52
3.00,3.00,64.20,73.99,81.38
2.36,2.36,57.15,71.92,81.39
6.51,6.51,65.24,75.44,81.17
6.26,6.26,66.34,64.90,80.92
3.06,3.06,54.46,59.76,78.07
2.14,2.14,57.55,46.12,76.87
2.47,2.47,57.53,53.91,76.83
4.16,4.16,70.63,60.35,79.74
9.29,9.29,78.66,72.74,82.21
11.96,11.96,70.99,70.69,82.65
15.80,15.80,71.61,70.90,83.05
10.83,10.83,63.81,73.70,82.54
1.67,1.67,69.65,64.62,82.11
1.02,1.02,74.10,73.93,82.22
5.49,5.49,74.83,69.08,80.96
7.74,7.74,71.17,69.88,79.70
7.06,7.06,62.09,76.10,80.49
7.60,7.60,54.61,67.30,81.04
9.85,9.85,55.29,65.01,81.53
15.91,15.91,65.97,62.90,81.88
4.82,4.82,60.55,58.06,81.51
4.63,4.63,61.08,61.05,81.50
2.23,2.23,66.78,64.14,82.24
11.34,11.34,73.94,74.12,81.66
11.07,11.07,72.82,71.78,82.20
9.32,9.32,68.96,72.99,81.04
12.39,12.39,65.79,75.82,81.09
17.10,17.10,63.87,65.30,82.34
14.07,14.07,61.92,76.69,81.26
15.83,15.83,60.56,70.88,80.58
13.52,13.52,60.33,73.55,81.25
15.56,15.56,58.25,77.00,81.09
15.25,15.25,57.27,66.95,81.75
17.09,17.09,54.73,62.78,81.12
28.55,28.55,54.64,58.51,82.60
33.75,33.75,55.07,53.45,81.44
31.26,31.26,55.64,56.78,81.59
30.13,30.13,61.04,60.51,80.95
26.44,26.44,79.79,74.44,81.64
23.64,23.64,70.48,69.27,81.08
25.02,25.02,70.55,71.86,81.89
20.85,20.85,63.80,75.31,82.31
30.35,30.35,69.39,70.66,82.16
27.38,27.38,72.50,76.19,81.56
32.96,32.96,74.79,74.79,80.42
33.48,33.48,71.76,73.87,81.81
30.26,30.26,63.47,68.09,81.54
32.05,32.05,58.19,73.59,80.76
27.18,27.18,60.68,66.19,79.44
17.98,17.98,62.23,74.39,80.44
17.33,17.33,63.14,69.63,79.83
16.54,16.54,63.62,65.10,79.28
13.09,13.09,68.40,71.99,78.97
21.48,21.48,73.57,66.98,79.18
26.97,26.97,72.29,68.53,79.32
31.29,31.29,69.43,69.39,80.50
29.80,29.80,68.14,60.49,81.34
28.35,28.35,64.34,57.22,80.63
36.72,36.72,61.64,55.50,80.92
37.08,37.08,61.44,60.43,79.97
32.93,32.93,61.51,68.66,77.28
27.62,27.62,58.59,70.68,75.71
29.03,29.03,57.81,77.06,75.91
21.21,21.21,54.56,64.75,74.76
15.64,15.64,57.07,75.02,75.19
19.16,19.16,58.24,71.27,75.96
17.40,17.40,59.01,65.69,75.01
29.70,29.70,66.29,71.61,77.53
37.27,37.27,75.41,69.32,81.13
27.10,27.10,75.42,68.25,81.55
33.51,33.51,71.83,66.09,82.21
24.88,24.88,70.54,55.77,76.27
17.90,17.90,68.39,57.58,74.29
23.56,23.56,73.33,55.39,74.73
19.11,19.11,75.88,60.83,75.00
13.57,13.57,70.83,69.00,79.51
3.63,3.63,63.29,71.02,80.22
2.67,2.67,62.90,74.90,80.04
6.06,6.06,63.73,67.79,79.92
11.17,11.17,55.39,74.26,76.77
12.83,12.83,57.71,73.89,76.39
10.14,10.14,62.85,69.60,74.98
8.25,8.25,71.33,77.05,75.71
12.71,12.71,75.18,72.44,78.54
16.10,16.10,70.71,72.37,81.63
22.20,22.20,68.34,69.24,78.69
20.84,20.84,67.35,55.53,77.33
11.87,11.87,64.81,51.78,74.80
7.48,7.48,62.57,52.44,73.94
19.00,19.00,63.19,58.39,73.18
26.11,26.11,74.56,67.46,80.12
25.54,25.54,74.45,72.24,80.14
20.45,20.45,69.28,75.81,79.75
13.75,13.75,71.86,67.07,79.12
8.01,8.01,69.04,77.12,78.15
5.65,5.65,72.29,74.62,78.35
5.62,5.62,77.04,67.06,79.12
9.24,9.24,73.29,74.92,79.13
17.38,17.38,67.31,71.99,80.28
7.41,7.41,64.52,73.26,79.81
12.52,12.52,65.34,72.78,80.46
17.93,17.93,62.90,76.77,76.49
10.49,10.49,62.23,72.23,76.02
11.65,11.65,61.33,72.53,76.01
8.31,8.31,67.23,71.77,76.23
1.34,1.34,72.79,69.20,79.06
4.38,4.38,72.02,71.76,80.80
13.20,13.20,69.07,71.57,81.74
9.43,9.43,71.51,71.39,79.01
4.07,4.07,68.92,77.11,74.54
5.32,5.32,72.68,75.16,72.45
5.09,5.09,76.34,71.83,74.91
9.29,9.29,71.88,70.70,76.99
7.93,7.93,76.57,73.28,78.96
5.56,5.56,73.06,72.38,80.80
10.10,10.10,70.59,72.78,78.97
16.22,16.22,68.75,77.22,77.62
9.41,9.41,66.38,67.28,74.05
12.41,12.41,63.75,74.98,72.59
7.06,7.06,63.17,72.47,74.77
15.26,15.26,66.90,73.36,78.00
16.18,16.18,58.27,76.39,79.16
16.77,16.77,59.24,71.91,82.08
15.21,15.21,61.12,67.19,79.79
11.93,11.93,55.85,61.30,74.81
10.17,10.17,53.41,54.99,76.33
9.86,9.86,57.97,54.54,75.55
17.40,17.40,69.09,59.17,75.85
23.37,23.37,77.14,76.06,80.92
22.79,22.79,70.43,72.95,81.02
18.57,18.57,67.27,77.52,81.22
16.99,16.99,63.25,70.49,80.98
15.09,15.09,67.19,75.56,81.85
11.29,11.29,72.95,78.66,81.18
14.04,14.04,76.55,71.73,81.61
18.83,18.83,71.59,78.67,80.30
26.54,26.54,62.29,71.00,79.74
23.72,23.72,60.15,70.86,79.67
21.26,21.26,53.92,67.11,80.26
10.15,10.15,61.63,58.10,80.91
11.22,11.22,60.86,56.71,80.23
16.58,16.58,61.66,53.34,80.57
25.42,25.42,68.18,60.10,81.55
31.98,31.98,75.26,74.40,80.62
43.09,43.09,71.10,66.32,81.49
41.71,41.71,68.15,71.52,80.55
42.97,42.97,69.09,72.18,81.17
44.86,44.86,67.07,70.22,79.90
45.27,45.27,65.96,77.24,80.55
43.82,43.82,63.12,65.60,79.62
42.11,42.11,59.01,77.06,81.52
38.37,38.37,57.75,69.32,81.64
39.63,39.63,55.70,71.81,81.49
41.42,41.42,53.31,63.65,81.74
46.19,46.19,53.20,52.27,82.14
44.94,44.94,54.09,50.26,81.10
44.92,44.92,54.78,51.39,80.47
40.36,40.36,61.70,56.27,81.70
38.68,38.68,79.10,74.79,82.34
42.86,42.86,70.98,70.46,80.61
46.11,46.11,67.84,71.78,80.22
47.08,47.08,62.98,68.30,82.05
45.83,45.83,71.34,70.06,80.80
45.21,45.21,73.12,71.81,81.25
48.70,48.70,75.36,70.88,80.28
47.07,47.07,72.36,72.76,80.78
46.26,46.26,61.27,72.83,81.73
48.98,48.98,61.64,77.08,81.53
46.75,46.75,59.81,72.95,81.52
48.16,48.16,62.77,79.35,81.18
49.63,49.63,60.44,74.97,82.36
49.59,49.59,65.33,76.66,81.22
49.22,49.22,68.47,76.73,80.47
51.84,51.84,72.07,73.61,82.34
50.51,50.51,69.80,76.99,81.14
47.30,47.30,68.20,67.88,79.85
49.70,49.70,66.38,69.19,81.11
49.91,49.91,64.61,60.62,80.81
48.12,48.12,62.38,57.01,80.16
48.54,48.54,62.44,64.19,81.45
45.64,45.64,63.03,67.01,82.38
41.35,41.35,66.01,68.95,80.83
39.85,39.85,61.14,78.00,80.65
39.10,39.10,65.81,67.67,79.71
35.56,35.56,55.71,69.39,76.61
37.67,37.67,59.85,77.17,73.65
41.54,41.54,60.69,70.09,74.52
50.43,50.43,68.44,74.07,77.99
52.65,52.65,74.51,72.45,79.91
57.19,57.19,74.29,67.60,82.02
58.17,58.17,70.49,70.35,82.27
57.16,57.16,66.45,59.46,83.06
58.05,58.05,63.52,51.77,81.68
61.16,61.16,62.80,56.05,81.36
60.95,60.95,62.73,59.32,81.85
61.40,61.40,67.15,70.02,79.72
60.46,60.46,67.44,70.36,80.76
60.31,60.31,67.68,76.02,80.59
60.25,60.25,64.14,71.44,80.91
62.45,62.45,69.37,70.39,81.68
65.12,65.12,70.74,76.40,82.15
63.84,63.84,68.61,73.60,81.10
61.44,61.44,66.35,75.99,81.06
58.99,58.99,73.12,75.39,81.29
59.91,59.91,70.32,67.40,81.62
64.12,64.12,66.72,68.68,81.99
64.75,64.75,65.53,61.36,80.92
63.45,63.45,65.09,57.65,80.52
63.02,63.02,64.38,54.39,79.53
60.98,60.98,64.31,58.25,79.81
65.29,65.29,72.81,65.23,80.63
65.51,65.51,71.77,68.58,80.63
64.14,64.14,68.29,76.80,81.23
64.18,64.18,64.71,73.10,81.98
65.69,65.69,64.40,74.69,81.60
63.15,63.15,63.46,77.10,81.15
66.83,66.83,62.90,71.75,81.23
61.98,61.98,61.95,73.09,81.52
58.26,58.26,61.21,74.74,80.96
57.31,57.31,60.64,73.54,81.29
62.41,62.41,58.69,73.39,80.94
64.20,64.20,59.10,78.20,80.89
64.95,64.95,57.67,73.73,80.96
62.95,62.95,60.12,70.92,80.80
66.67,66.67,62.37,68.51,80.66
64.41,64.41,71.88,76.42,81.28
61.76,61.76,71.04,68.29,80.84
64.07,64.07,67.51,76.23,80.13
63.39,63.39,68.33,65.31,80.69
62.50,62.50,67.91,73.01,80.59
68.38,68.38,66.90,73.51,80.39
66.04,66.04,62.82,72.27,79.67
64.94,64.94,66.51,72.27,79.26
67.42,67.42,70.55,74.37,80.24
66.27,66.27,68.44,74.71,80.70
59.86,59.86,66.73,70.35,80.80
62.40,62.40,66.78,70.33,80.78
61.05,61.05,65.70,70.09,80.79
61.80,61.80,63.83,72.10,80.49
62.40,62.40,63.12,73.34,81.75
62.02,62.02,64.38,69.00,80.47
62.21,62.21,63.84,72.42,80.97
62.67,62.67,62.30,69.49,80.02
59.69,59.69,62.76,61.63,79.01
58.75,58.75,62.26,61.24,77.75
52.70,52.70,61.99,48.78,75.66
48.30,48.30,61.93,47.80,74.83
42.74,42.74,63.34,54.83,71.93
45.38,45.38,72.15,71.75,73.47
45.75,45.75,70.01,69.44,73.31
44.95,44.95,71.59,73.94,72.45
44.38,44.38,68.56,65.90,70.49
45.03,45.03,70.58,73.57,71.60
44.45,44.45,73.07,70.10,71.53
44.29,44.29,74.22,73.92,72.73
45.78,45.78,70.77,71.23,70.82
41.91,41.91,67.90,71.60,71.49
41.41,41.41,67.12,71.05,69.96
40.32,40.32,66.79,70.35,69.80
43.74,43.74,66.57,66.18,70.05
43.14,43.14,66.65,65.60,71.42
40.71,40.71,66.56,62.73,68.72
43.34,43.34,66.99,60.41,71.64
41.51,41.51,69.73,72.25,71.01
40.84,40.84,68.96,66.21,70.61
40.46,40.46,69.50,78.95,70.85
42.63,42.63,66.36,71.91,69.26
45.28,45.28,68.09,78.67,70.82
49.18,49.18,69.26,70.59,69.10
51.46,51.46,64.89,78.56,72.24
51.52,51.52,64.49,72.63,69.24
52.04,52.04,65.56,78.62,72.04
47.31,47.31,66.49,71.46,70.96
46.79,46.79,66.26,70.43,71.18
48.13,48.13,65.92,59.06,71.03
52.99,52.99,65.09,55.40,71.42
56.88,56.88,64.96,46.56,72.42
54.13,54.13,68.09,59.29,71.99
52.54,52.54,76.74,75.75,75.24
46.41,46.41,71.59,76.15,70.95
45.10,45.10,68.57,73.88,72.13
49.61,49.61,66.92,73.34,70.68
49.60,49.60,65.04,70.41,71.25
54.66,54.66,64.68,73.08,70.60
57.70,57.70,63.25,68.84,71.72
56.29,56.29,65.00,68.60,72.37
52.82,52.82,64.72,67.75,69.99
43.49,43.49,66.61,72.81,70.79
39.36,39.36,71.93,76.66,70.50
48.41,48.41,66.63,71.87,69.68
57.83,57.83,76.14,79.38,71.62
62.96,62.96,74.21,69.26,72.75
63.91,63.91,72.12,71.04,73.72
62.92,62.92,72.23,66.44,73.37
56.77,56.77,71.40,77.22,72.03
49.08,49.08,67.75,66.03,71.73
51.59,51.59,66.57,69.55,72.59
55.32,55.32,68.80,59.34,69.88
59.65,59.65,66.32,52.19,69.78
60.59,60.59,66.96,44.20,70.39
59.72,59.72,65.70,63.56,71.78
53.82,53.82,71.91,69.93,72.05
44.51,44.51,76.19,71.34,71.41
36.93,36.93,73.87,69.02,71.25
47.72,47.72,70.60,73.85,71.25
53.55,53.55,71.48,69.35,70.65
55.49,55.49,66.65,71.77,72.92
55.79,55.79,69.44,72.31,73.44
53.99,53.99,71.19,75.16,74.45
46.54,46.54,70.08,72.68,72.83
41.10,41.10,70.41,66.36,72.18
41.41,41.41,66.87,61.23,71.33
49.00,49.00,68.90,51.89,71.48
54.77,54.77,76.10,58.88,73.60
52.10,52.10,74.15,61.47,72.33
47.44,47.44,73.00,73.61,73.59
36.39,36.39,72.13,74.66,72.10
33.89,33.89,71.02,72.44,71.20
32.00,32.00,64.63,69.89,70.59
36.41,36.41,66.23,72.89,68.98
47.66,47.66,69.18,76.55,70.40
51.28,51.28,68.07,71.61,71.66
52.27,52.27,70.24,78.15,71.38
50.35,50.35,69.17,67.71,71.73
44.29,44.29,72.65,78.36,69.82
43.37,43.37,69.35,68.67,70.11
41.48,41.48,69.57,68.56,69.71
48.45,48.45,69.09,61.13,70.58
54.77,54.77,67.46,57.59,73.89
53.28,53.28,63.87,56.39,74.62
47.30,47.30,64.35,65.89,73.43
37.31,37.31,72.76,72.41,70.17
38.06,38.06,70.45,70.26,71.67
36.28,36.28,71.72,72.78,70.17
38.44,38.44,68.97,64.85,71.60
46.00,46.00,69.78,76.43,71.18
43.94,43.94,67.08,66.14,71.71
42.95,42.95,67.68,67.15,71.02
34.96,34.96,68.48,66.66,70.00
36.02,36.02,70.13,66.62,69.04
40.59,40.59,73.02,74.95,68.85
43.50,43.50,71.58,65.91,68.91
54.87,54.87,69.79,72.61,70.43
57.84,57.84,75.72,66.56,71.97
55.42,55.42,73.98,67.11,70.27
54.25,54.25,67.97,69.50,71.45
55.56,55.56,70.30,72.37,71.52
60.15,60.15,67.01,69.03,71.75
63.29,63.29,68.86,72.95,72.87
62.33,62.33,65.84,65.10,73.63
60.09,60.09,65.50,72.62,72.75
58.53,58.53,65.03,65.38,69.91
62.13,62.13,70.12,68.12,69.95
63.75,63.75,76.25,73.17,71.52
60.87,60.87,71.87,69.39,69.82
59.82,59.82,70.61,73.42,70.10
62.21,62.21,71.96,74.82,70.03
65.91,65.91,76.39,79.73,71.64
65.29,65.29,74.88,76.26,72.81
58.96,58.96,74.50,78.84,70.10
61.61,61.61,71.63,75.89,68.73
64.68,64.68,75.51,75.39,71.00
62.49,62.49,72.71,71.16,70.10
61.71,61.71,68.75,60.11,72.29
63.47,63.47,70.08,54.39,71.65
62.78,62.78,71.11,55.44,70.01
61.38,61.38,77.46,53.21,69.20
59.41,59.41,73.24,56.65,68.61
58.08,58.08,74.72,74.73,69.21
55.92,55.92,67.76,71.12,70.29
54.91,54.91,67.12,76.52,68.35
59.11,59.11,67.58,71.36,69.22
57.62,57.62,69.67,73.93,70.91
54.71,54.71,73.44,72.38,69.39
59.75,59.75,76.01,71.43,68.76
59.10,59.10,70.26,77.33,71.56
61.79,61.79,60.52,70.09,71.37
66.27,66.27,59.08,76.63,72.74
66.95,66.95,58.45,64.97,70.52
69.54,69.54,60.41,66.52,72.14
65.18,65.18,59.79,61.39,70.56
64.31,64.31,59.46,59.12,69.70
64.60,64.60,61.44,61.44,70.38
64.82,64.82,65.30,73.17,72.13
63.74,63.74,68.86,70.67,70.21
64.24,64.24,68.70,78.89,72.17
65.65,65.65,68.23,67.82,70.97
63.28,63.28,62.15,76.30,71.47
64.79,64.79,63.21,71.07,72.59
72.43,72.43,60.81,75.08,71.46
73.29,73.29,60.21,74.12,72.20
67.36,67.36,61.02,72.31,71.03
68.56,68.56,60.91,71.88,70.34
68.94,68.94,60.91,63.30,71.50
66.58,66.58,60.95,54.87,71.49
63.27,63.27,62.02,45.52,70.90
68.01,68.01,60.45,47.24,68.98
70.62,70.62,65.05,59.06,70.46
67.61,67.61,74.65,72.63,71.65
65.60,65.60,70.40,72.19,71.13
71.09,71.09,66.09,70.98,71.71
73.37,73.37,68.56,75.21,71.23
70.31,70.31,68.95,71.81,71.51
71.56,71.56,68.81,77.61,72.53
71.72,71.72,63.45,65.78,70.62
70.75,70.75,66.92,74.52,72.03
64.50,64.50,70.61,75.44,70.81
67.58,67.58,64.70,74.96,71.79
68.22,68.22,71.79,68.37,72.56
66.10,66.10,65.58,80.19,72.50
65.01,65.01,72.84,70.35,71.94
71.58,71.58,75.30,78.28,72.39
74.13,74.13,71.94,74.28,70.60
72.61,72.61,69.01,76.29,72.67
70.07,70.07,64.88,73.06,71.66
72.93,72.93,65.50,72.67,71.05
72.10,72.10,64.50,63.36,71.97
65.48,65.48,65.58,61.70,70.00
67.93,67.93,63.33,57.06,70.04
70.99,70.99,65.49,52.56,68.98
68.94,68.94,68.61,63.62,71.70
63.72,63.72,77.41,76.69,71.61
70.19,70.19,77.44,72.93,72.03
73.47,73.47,74.84,73.30,72.09
71.49,71.49,71.74,75.65,72.94
69.73,69.73,64.08,71.58,70.53
75.15,75.15,65.78,71.18,71.98
73.06,73.06,71.94,62.38,70.56
62.11,62.11,80.49,76.96,69.42
59.79,59.79,69.73,69.85,69.14
62.13,62.13,70.01,71.92,70.10
62.81,62.81,67.29,67.31,70.57
54.61,54.61,68.35,56.22,68.26
58.16,58.16,74.43,62.95,66.65
65.40,65.40,75.28,60.15,68.88
66.09,66.09,73.00,68.88,71.87
66.06,66.06,71.95,75.44,70.48
66.94,66.94,71.08,76.72,71.27
66.55,66.55,65.91,74.35,72.64
67.77,67.77,62.98,78.04,72.57
68.14,68.14,63.33,72.59,71.86
68.78,68.78,65.11,74.39,72.97
66.23,66.23,65.83,68.42,72.87
65.39,65.39,64.64,75.63,73.83
64.52,64.52,63.75,72.53,71.99
67.12,67.12,64.43,69.66,72.93
66.18,66.18,65.82,68.02,72.48
65.65,65.65,67.26,62.36,71.13
65.38,65.38,66.27,61.92,70.28
68.25,68.25,64.05,65.52,69.64
69.73,69.73,60.01,69.02,71.58
65.09,65.09,69.68,76.92,72.19
68.88,68.88,67.59,79.58,72.29
69.92,69.92,60.02,71.09,71.52
70.57,70.57,57.22,76.62,73.77
65.83,65.83,57.32,66.46,72.10
68.86,68.86,62.41,71.82,72.60
70.42,70.42,61.91,60.80,72.00
67.92,67.92,75.10,74.12,73.38
67.09,67.09,68.10,68.47,73.22
65.85,65.85,71.37,77.53,73.30
67.01,67.01,68.86,73.52,73.38
61.54,61.54,69.97,74.27,73.99
66.22,66.22,76.52,74.80,73.22
72.22,72.22,70.77,70.09,72.92
72.18,72.18,63.90,68.73,72.59
67.91,67.91,62.73,72.50,73.04
70.11,70.11,68.00,73.53,73.38
70.60,70.60,63.46,67.64,71.75
68.81,68.81,66.44,75.87,72.98
65.35,65.35,63.45,61.45,72.09
67.41,67.41,67.50,75.17,71.38
65.88,65.88,67.00,67.22,72.10
63.56,63.56,75.14,77.46,74.99
61.44,61.44,77.50,65.94,72.84
65.26,65.26,76.54,77.79,74.33
62.54,62.54,74.19,73.40,72.79
61.57,61.57,69.88,77.52,73.27
67.46,67.46,62.55,70.65,72.65
71.35,71.35,65.50,67.95,73.95
70.85,70.85,74.45,72.48,74.02
67.66,67.66,71.25,71.03,70.89
66.72,66.72,70.11,70.42,73.49
67.32,67.32,72.54,64.86,73.74
65.19,65.19,63.26,54.13,72.07
63.79,63.79,72.04,58.08,70.47
64.00,64.00,75.60,55.71,69.92
61.65,61.65,72.58,60.12,70.27
51.19,51.19,70.49,71.82,70.60
52.92,52.92,67.04,69.64,71.43
59.62,59.62,66.38,74.88,69.54
59.68,59.68,66.32,66.85,69.75
58.66,58.66,71.03,73.13,69.16
56.74,56.74,72.30,70.03,69.47
56.70,56.70,74.25,72.39,70.09
60.37,60.37,71.29,67.26,73.60
60.72,60.72,66.49,75.72,73.08
64.06,64.06,62.80,72.48,72.15
68.01,68.01,56.41,71.43,71.68
66.38,66.38,56.35,68.22,70.90
64.11,64.11,56.14,66.90,71.42
61.91,61.91,60.09,62.21,69.76
63.91,63.91,62.66,64.44,71.41
66.48,66.48,67.64,71.98,71.78
64.91,64.91,66.02,70.22,71.74
64.25,64.25,64.67,79.16,72.90
62.80,62.80,64.76,65.17,70.76
66.45,66.45,69.84,79.86,71.40
68.10,68.10,69.23,68.35,72.47
67.22,67.22,66.42,77.97,71.94
68.91,68.91,63.49,72.43,70.57
68.71,68.71,60.51,78.24,72.59
67.27,67.27,60.43,68.52,70.69
65.11,65.11,58.71,71.03,71.29
65.12,65.12,62.49,59.67,72.42
66.49,66.49,64.42,46.82,69.56
66.37,66.37,64.17,42.91,68.34
65.97,65.97,66.73,57.49,68.89
70.56,70.56,73.29,80.14,72.69
73.32,73.32,67.82,74.93,71.48
72.17,72.17,64.64,78.60,71.95
70.87,70.87,62.91,70.72,70.43
71.02,71.02,63.26,78.26,72.99
68.93,68.93,61.15,72.82,70.87
65.73,65.73,61.49,77.11,71.87
67.80,67.80,64.19,71.32,71.93
69.49,69.49,65.54,73.81,73.12
67.30,67.30,65.92,73.39,73.94
66.19,66.19,70.55,74.01,72.22
68.42,68.42,66.11,73.43,72.10
72.75,72.75,76.87,69.81,72.25
71.47,71.47,73.26,78.50,72.23
69.84,69.84,68.10,71.96,67.64
72.14,72.14,71.28,76.96,73.84
71.42,71.42,64.86,65.33,71.37
67.70,67.70,66.06,74.95,73.16
65.74,65.74,63.52,64.65,69.80
68.95,68.95,64.99,55.37,71.48
68.08,68.08,65.31,49.86,67.20
66.19,66.19,66.26,52.15,67.61
68.54,68.54,62.71,72.30,70.30
73.32,73.32,61.35,81.35,71.31
73.19,73.19,60.45,77.85,70.98
69.82,69.82,59.90,78.17,70.13
71.53,71.53,58.53,79.67,70.19
71.46,71.46,60.47,77.74,69.95
65.37,65.37,66.45,80.26,69.74
67.25,67.25,65.52,71.01,70.89
69.68,69.68,75.90,77.91,72.87
69.51,69.51,65.58,64.91,70.39
65.38,65.38,72.48,68.18,70.69
66.73,66.73,65.24,62.77,71.29
72.69,72.69,70.30,61.88,71.21
72.53,72.53,75.99,60.91,69.87
69.82,69.82,75.33,59.76,68.25
71.15,71.15,70.52,72.88,71.77
71.18,71.18,70.67,79.19,72.15
68.70,68.70,69.02,73.36,71.97
65.43,65.43,63.52,73.52,71.29
67.92,67.92,63.96,71.02,70.44
69.92,69.92,67.79,66.33,69.41
67.39,67.39,68.64,72.00,70.75
68.04,68.04,68.47,68.41,70.93
73.04,73.04,68.46,70.65,73.60
73.74,73.74,64.77,74.91,72.11
70.17,70.17,63.48,75.69,71.45
70.58,70.58,63.41,72.69,70.43
70.55,70.55,65.55,71.75,71.98
65.50,65.50,63.76,68.12,72.53
64.26,64.26,62.00,65.02,68.70
66.99,66.99,61.49,66.87,69.73
69.55,69.55,61.82,77.83,71.68
66.87,66.87,60.74,80.11,72.06
67.63,67.63,57.78,74.55,72.21
71.93,71.93,56.40,77.38,73.78
72.88,72.88,56.49,77.27,71.32
68.58,68.58,57.50,74.91,72.68
68.33,68.33,59.53,67.94,69.86
69.98,69.98,67.35,72.31,71.80
69.42,69.42,64.73,66.39,73.51
65.39,65.39,69.80,76.10,73.54
66.21,66.21,70.12,66.37,70.92
68.82,68.82,71.39,80.03,72.20
65.60,65.60,77.25,69.72,71.09
64.97,64.97,71.30,72.58,70.11
70.66,70.66,61.55,71.14,72.82
73.14,73.14,61.91,72.00,70.26
70.61,70.61,63.15,73.08,73.71
68.47,68.47,60.87,72.43,71.14
70.17,70.17,65.84,71.82,71.70
66.75,66.75,65.05,73.53,73.28
64.00,64.00,67.37,67.37,70.09
65.41,65.41,68.61,66.78,69.01
67.29,67.29,74.40,81.08,70.61
67.43,67.43,68.37,76.48,69.14
67.32,67.32,65.23,80.02,70.52
71.18,71.18,63.37,72.99,70.48
73.86,73.86,62.86,78.69,71.28
69.89,69.89,61.57,75.22,69.27
66.62,66.62,62.34,77.76,70.02
68.15,68.15,68.79,65.87,72.47
68.35,68.35,68.83,72.42,75.24
64.80,64.80,70.73,67.59,72.79
64.19,64.19,68.94,67.22,72.04
66.44,66.44,67.85,60.34,71.80
65.55,65.55,72.84,55.78,69.40
64.03,64.03,75.63,60.35,68.65
68.00,68.00,73.37,64.34,69.85
71.50,71.50,71.57,78.26,71.35
70.37,70.37,66.76,68.62,71.36
67.38,67.38,69.20,77.28,72.99
68.14,68.14,66.66,68.67,70.26
67.59,67.59,71.91,80.31,72.98
63.01,63.01,73.91,69.95,72.41
62.48,62.48,73.20,78.30,70.87
66.76,66.76,68.54,66.27,71.20
65.86,65.86,63.17,75.53,71.28
62.31,62.31,60.66,70.67,71.65
65.24,65.24,59.25,68.39,72.15
71.65,71.65,57.90,66.08,72.30
68.37,68.37,57.13,64.14,69.03
63.50,63.50,61.24,62.35,67.59
65.23,65.23,60.23,60.03,70.66
66.90,66.90,66.49,71.46,71.15
65.12,65.12,66.22,67.80,71.59
63.48,63.48,63.46,79.32,72.81
66.87,66.87,66.80,67.50,72.03
67.55,67.55,65.96,79.38,71.49
63.69,63.69,69.07,68.78,71.36
65.36,65.36,69.04,77.65,69.96
70.23,70.23,67.99,67.99,70.90
70.58,70.58,67.60,78.13,72.26
66.35,66.35,66.06,65.60,71.13
63.35,63.35,65.26,67.91,71.50
64.42,64.42,63.70,52.03,70.40
62.24,62.24,63.45,51.55,68.37
60.45,60.45,63.01,43.15,67.08
62.52,62.52,68.04,57.26,67.84
65.50,65.50,74.96,80.28,70.17
63.26,63.26,67.02,76.67,69.65
64.27,64.27,65.83,80.61,71.02
68.98,68.98,63.44,75.98,69.89
68.32,68.32,60.97,81.35,69.09
63.21,63.21,59.51,76.18,68.47
62.94,62.94,59.78,78.54,69.87
65.56,65.56,62.66,70.65,70.35
64.00,64.00,65.25,74.90,71.08
60.65,60.65,65.61,73.53,71.00
61.92,61.92,70.51,76.13,70.27
63.12,63.12,63.87,77.20,69.88
60.50,60.50,75.60,74.87,70.15
60.63,60.63,74.08,78.24,69.41
66.04,66.04,68.67,74.20,69.20
68.07,68.07,71.99,79.70,72.28
64.62,64.62,67.71,72.60,70.65
61.97,61.97,66.24,76.72,69.58
63.07,63.07,64.61,65.45,70.26
61.80,61.80,65.28,58.42,70.63
59.38,59.38,64.33,54.52,67.24
59.52,59.52,65.45,51.17,68.48
61.94,61.94,60.20,66.18,69.67
59.31,59.31,58.98,79.50,70.54
57.13,57.13,59.72,80.13,72.26
62.57,62.57,57.22,77.10,69.72
65.95,65.95,57.32,80.29,72.23
61.37,61.37,60.16,78.79,70.51
58.07,58.07,61.13,79.51,70.88
59.81,59.81,61.33,74.79,70.23
59.49,59.49,67.29,69.30,72.54
53.13,53.13,66.36,67.24,68.94
53.97,53.97,72.39,61.95,69.92
59.58,59.58,68.24,57.70,70.21
59.73,59.73,69.29,52.00,69.03
58.01,58.01,77.25,52.98,67.21
59.52,59.52,73.76,58.55,65.38
62.23,62.23,73.03,71.79,70.68
60.85,60.85,71.87,77.45,68.71
57.32,57.32,68.66,73.96,68.81
57.58,57.58,63.81,75.47,68.23
59.86,59.86,62.09,77.34,69.53
56.38,56.38,65.57,73.18,69.32
55.26,55.26,67.99,77.98,68.65
59.66,59.66,70.08,72.63,69.14
59.32,59.32,67.99,73.96,72.82
56.21,56.21,65.86,76.69,71.54
58.83,58.83,64.40,77.51,70.62
63.26,63.26,62.98,75.59,71.59
57.72,57.72,61.94,73.10,72.22
52.29,52.29,60.63,69.16,66.81
56.29,56.29,58.66,65.79,67.76
58.37,58.37,56.47,71.94,69.44
54.19,54.19,55.44,72.37,70.53
47.28,47.28,57.04,73.64,69.75
52.18,52.18,56.15,70.06,70.03
53.54,53.54,54.96,73.24,69.49
53.69,53.69,56.03,73.80,70.12
54.76,54.76,57.02,63.04,68.45
58.04,58.04,60.03,66.55,71.11
55.87,55.87,72.04,73.01,69.91
53.05,53.05,66.31,70.08,69.11
54.97,54.97,68.98,76.96,69.24
57.08,57.08,67.41,65.36,69.95
52.23,52.23,72.28,79.85,68.51
46.59,46.59,73.83,66.50,68.68
46.75,46.75,71.05,71.24,68.31
51.57,51.57,74.08,66.62,72.17
48.54,48.54,71.47,79.80,71.34
53.22,53.22,70.40,77.46,70.33
57.82,57.82,67.98,76.57,70.16
56.21,56.21,64.46,75.67,71.86
45.71,45.71,61.94,75.86,68.05
46.26,46.26,63.85,74.68,68.21
47.59,47.59,65.32,72.87,66.27
45.95,45.95,75.22,78.96,68.80
41.07,41.07,68.39,78.38,68.48
41.85,41.85,64.17,80.18,68.82
47.73,47.73,63.63,77.61,68.94
47.49,47.49,62.68,80.41,68.75
45.07,45.07,60.82,77.69,66.67
48.89,48.89,62.58,80.03,68.72
45.75,45.75,66.95,71.17,70.30
43.98,43.98,64.43,72.36,68.00
34.19,34.19,69.49,60.28,68.30
45.11,45.11,67.16,73.42,69.28
40.73,40.73,67.52,66.03,68.90
38.49,38.49,74.00,59.75,66.84
32.89,32.89,75.99,57.41,64.37
42.89,42.89,73.03,62.21,67.10
38.96,38.96,69.73,75.55,68.71
39.39,39.39,67.78,65.75,67.37
48.01,48.01,70.28,74.74,68.78
41.26,41.26,66.49,65.80,66.29
36.22,36.22,71.42,74.37,67.68
34.79,34.79,74.10,68.81,66.20
42.97,42.97,75.54,76.02,66.30
40.05,40.05,69.31,71.37,66.80
37.64,37.64,62.96,70.30,68.65
36.94,36.94,63.00,69.26,69.39
32.07,32.07,55.75,69.32,69.57
36.97,36.97,59.81,69.84,70.92
38.03,38.03,58.32,65.13,69.44
40.92,40.92,60.21,62.41,68.28
43.56,43.56,60.36,63.13,68.45
42.02,42.02,67.63,73.14,68.40
39.10,39.10,67.03,66.14,69.27
41.23,41.23,66.09,79.77,69.97
43.26,43.26,67.59,72.24,68.80
45.34,45.34,67.94,79.28,69.91
48.33,48.33,66.92,70.51,69.78
50.21,50.21,60.78,78.90,71.16
49.07,49.07,60.74,74.24,70.71
47.88,47.88,63.16,79.12,70.95
43.12,43.12,62.82,71.08,70.43
41.50,41.50,64.72,71.80,71.23
42.55,42.55,65.17,62.61,70.45
50.00,50.00,64.14,52.74,70.89
51.89,51.89,63.77,47.80,72.18
48.19,48.19,65.56,59.85,72.22
47.88,47.88,76.99,76.56,74.27
34.40,34.40,70.86,76.10,71.13
43.85,43.85,66.84,73.19,70.76
50.16,50.16,66.38,75.58,71.08
48.60,48.60,65.04,76.44,73.37
51.39,51.39,61.83,76.69,71.65
55.55,55.55,61.02,74.93,71.63
55.83,55.83,63.84,69.39,72.69
50.88,50.88,65.97,67.33,71.22
41.27,41.27,67.75,72.10,72.03
36.85,36.85,74.62,76.22,71.07
42.90,42.90,66.91,71.73,69.89
54.97,54.97,74.88,79.10,72.76
60.38,60.38,73.31,73.20,72.48
61.97,61.97,74.87,75.94,74.77
60.42,60.42,72.73,68.54,73.68
55.35,55.35,71.73,76.62,72.44
52.92,52.92,67.13,66.05,72.53
54.30,54.30,66.05,69.38,71.70
56.45,56.45,66.11,59.88,71.04
60.00,60.00,66.63,52.41,70.07
61.39,61.39,64.75,43.96,70.32
59.90,59.90,63.25,60.64,71.82
53.18,53.18,62.96,71.69,73.89
46.94,46.94,64.08,73.90,72.54
49.68,49.68,61.03,67.55,71.58
49.88,49.88,60.55,72.42,72.30
57.74,57.74,59.84,70.80,71.09
60.89,60.89,58.53,72.25,72.11
60.77,60.77,64.80,72.58,72.70
57.45,57.45,69.81,74.54,73.76
48.65,48.65,68.16,74.09,72.78
51.67,51.67,69.87,69.59,71.50
53.12,53.12,69.06,64.04,72.15
56.68,56.68,71.56,59.04,70.83
61.67,61.67,76.97,51.49,71.58
60.01,60.01,73.70,57.46,70.52
56.59,56.59,70.60,74.39,72.91
47.66,47.66,69.33,73.87,72.68
48.58,48.58,67.77,73.11,69.18
48.22,48.22,63.88,70.85,70.91
48.14,48.14,62.63,73.57,71.99
57.30,57.30,66.72,77.42,70.52
59.27,59.27,63.81,73.34,72.12
60.09,60.09,63.24,78.93,71.35
57.35,57.35,66.21,68.47,72.17
45.99,45.99,67.50,78.59,71.06
46.49,46.49,66.02,73.06,71.14
50.88,50.88,65.68,73.99,71.17
56.68,56.68,65.09,69.30,70.66
62.55,62.55,62.71,65.56,71.57
62.62,62.62,61.71,64.09,71.69
60.02,60.02,61.75,67.40,72.17
55.48,55.48,69.74,76.97,72.72
55.83,55.83,68.12,73.20,70.97
53.94,53.94,67.19,75.19,71.43
51.79,51.79,64.25,65.67,71.30
57.89,57.89,62.83,78.27,71.81
58.14,58.14,59.30,70.32,71.30
55.90,55.90,62.18,69.28,71.01
48.73,48.73,67.89,69.74,69.16
45.26,45.26,68.63,67.19,69.28
43.77,43.77,72.68,77.61,69.10
43.69,43.69,68.46,67.34,68.79
54.29,54.29,72.08,75.59,70.96
56.51,56.51,75.63,63.58,72.35
55.86,55.86,74.41,69.54,71.12
51.83,51.83,71.91,69.58,72.34
48.05,48.05,70.13,74.84,73.14
43.95,43.95,69.71,72.46,74.38
44.97,44.97,66.55,74.14,74.75
53.29,53.29,64.67,67.95,74.83
55.09,55.09,61.16,74.12,74.33
49.50,49.50,66.62,66.70,71.84
44.20,44.20,68.79,69.11,71.05
47.67,47.67,77.40,73.70,74.10
46.80,46.80,72.43,68.99,70.93
47.46,47.46,70.04,73.47,72.65
50.07,50.07,69.84,75.55,73.43
51.45,51.45,73.52,80.85,73.88
53.40,53.40,71.73,76.54,75.32
53.58,53.58,70.62,78.35,72.60
53.92,53.92,68.28,74.13,72.52
53.49,53.49,73.96,74.53,72.88
52.75,52.75,70.05,69.57,72.01
57.44,57.44,69.61,53.94,74.40
55.49,55.49,69.00,54.44,72.88
55.33,55.33,73.19,57.36,71.71
55.04,55.04,75.96,58.04,71.57
49.63,49.63,74.04,66.90,69.54
49.00,49.00,71.43,76.55,70.79
46.95,46.95,68.68,73.77,71.43
48.46,48.46,66.75,76.58,71.28
52.70,52.70,68.04,69.42,70.00
49.66,49.66,71.36,73.07,71.45
49.82,49.82,74.14,70.79,69.85
51.63,51.63,75.12,70.06,71.89
50.37,50.37,69.79,76.95,73.19
51.52,51.52,59.27,69.74,73.49
56.92,56.92,58.54,74.56,77.21
58.72,58.72,57.73,56.93,73.06
60.11,60.11,59.36,65.16,75.98
57.92,57.92,56.52,61.43,73.27
58.06,58.06,58.44,55.68,71.63
58.54,58.54,58.94,59.08,72.23
57.47,57.47,66.39,72.38,72.09
56.28,56.28,67.73,67.52,71.88
58.41,58.41,69.88,78.74,73.90
60.84,60.84,68.19,67.79,73.66
59.49,59.49,65.63,77.41,71.76
60.73,60.73,62.43,69.48,74.08
67.89,67.89,61.38,75.14,73.77
68.71,68.71,60.58,74.26,73.85
61.97,61.97,60.44,71.33,72.20
62.78,62.78,60.39,73.88,72.02
65.10,65.10,60.91,62.68,72.77
62.59,62.59,61.41,60.26,72.85
56.22,56.22,62.90,45.16,72.30
62.17,62.17,61.81,49.96,70.64
64.93,64.93,65.08,59.19,72.32
62.00,62.00,74.37,71.53,73.62
59.91,59.91,69.75,73.01,72.59
65.69,65.69,65.50,71.30,74.23
67.95,67.95,68.46,74.77,74.11
64.88,64.88,70.09,71.34,72.88
66.45,66.45,71.59,77.76,73.87
66.72,66.72,68.10,63.18,71.67
65.87,65.87,66.18,73.12,74.59
58.49,58.49,70.20,73.77,71.42
60.26,60.26,65.72,75.61,72.92
66.04,66.04,72.34,69.11,74.01
63.48,63.48,70.13,80.58,73.72
61.75,61.75,73.26,70.50,72.21
68.31,68.31,75.77,78.27,73.53
71.01,71.01,68.03,74.04,72.75
69.33,69.33,63.55,77.69,75.11
66.67,66.67,64.35,73.32,72.28
69.52,69.52,64.67,71.84,73.79
67.82,67.82,64.24,62.06,74.40
61.58,61.58,65.35,58.30,71.97
64.16,64.16,63.96,45.95,71.92
67.52,67.52,64.00,47.84,71.35
66.10,66.10,68.09,65.34,73.30
58.44,58.44,77.08,75.74,72.68
66.73,66.73,77.18,72.67,73.30
69.79,69.79,74.14,72.24,73.73
67.56,67.56,71.86,74.84,74.85
65.76,65.76,65.12,71.22,73.02
71.95,71.95,65.96,71.61,73.11
68.98,68.98,72.87,64.80,72.39
58.92,58.92,80.04,77.51,69.90
56.48,56.48,70.07,70.46,69.70
59.43,59.43,70.53,69.06,72.32
58.12,58.12,68.90,64.23,72.61
50.28,50.28,69.00,56.83,70.02
52.87,52.87,74.67,61.02,67.46
59.86,59.86,75.12,59.20,70.43
59.22,59.22,73.75,69.08,73.99
61.38,61.38,74.61,69.47,73.62
59.44,59.44,75.49,71.04,74.32
63.63,63.63,71.78,73.36,75.49
63.30,63.30,69.60,75.68,73.60
65.82,65.82,62.70,71.15,73.82
64.65,64.65,62.52,75.33,72.03
63.08,63.08,63.94,67.77,74.10
61.95,61.95,63.54,75.26,72.67
59.58,59.58,60.99,71.78,72.86
62.42,62.42,61.41,69.30,72.77
61.01,61.01,63.98,68.26,72.76
60.82,60.82,65.96,65.23,71.06
62.65,62.65,65.66,65.05,71.51
65.80,65.80,64.26,63.85,71.62
68.10,68.10,60.01,68.99,72.69
64.23,64.23,69.34,76.62,73.13
66.96,66.96,69.12,79.11,73.68
66.61,66.61,60.67,69.59,72.25
65.73,65.73,54.67,76.06,72.97
60.38,60.38,57.56,68.67,73.30
65.00,65.00,62.73,73.69,72.84
67.13,67.13,63.26,61.56,72.40
63.25,63.25,76.39,73.42,73.70
65.07,65.07,71.34,67.76,75.20
63.75,63.75,71.71,76.21,74.70
64.21,64.21,68.05,71.19,73.83
59.12,59.12,67.87,75.01,72.03
64.04,64.04,73.70,74.14,74.82
68.39,68.39,75.06,72.66,74.08
68.79,68.79,70.75,69.96,73.64
65.53,65.53,65.03,72.64,73.14
66.45,66.45,66.94,73.10,74.00
66.92,66.92,64.39,67.94,74.35
65.12,65.12,65.58,76.63,74.40
62.60,62.60,62.72,65.38,73.54
64.28,64.28,65.39,74.89,71.89
63.12,63.12,67.26,65.12,72.75
63.39,63.39,77.48,76.71,74.80
61.57,61.57,80.14,65.68,74.27
62.04,62.04,79.02,77.06,74.89
58.76,58.76,77.80,70.34,74.12
56.27,56.27,74.01,77.08,73.75
65.05,65.05,65.38,73.01,73.84
67.97,67.97,60.13,71.11,75.05
68.52,68.52,71.32,70.68,74.59
64.48,64.48,66.79,72.52,72.53
63.06,63.06,68.52,71.89,74.70
63.06,63.06,71.89,68.00,75.11
61.42,61.42,67.20,55.28,72.50
61.19,61.19,72.07,60.24,72.13
63.39,63.39,75.81,54.66,70.91
62.33,62.33,73.20,60.64,69.53
54.89,54.89,72.46,77.48,70.93
58.41,58.41,67.41,72.70,72.41
64.08,64.08,68.02,73.25,70.80
64.13,64.13,65.74,73.01,71.26
62.67,62.67,70.57,68.34,71.49
58.65,58.65,73.75,76.31,71.53
59.13,59.13,74.77,68.08,70.04
58.72,58.72,69.80,73.21,70.74
62.07,62.07,61.23,77.22,74.19
59.40,59.40,57.85,65.01,73.12
62.58,62.58,56.72,64.87,73.43
63.23,63.23,60.13,65.85,75.45
59.83,59.83,59.79,62.80,70.74
61.25,61.25,61.79,58.29,72.37
60.59,60.59,61.45,61.13,72.26
60.18,60.18,65.38,73.23,72.23
59.41,59.41,70.68,74.52,72.52
60.46,60.46,71.99,73.67,72.78
58.36,58.36,70.24,75.18,73.33
56.27,56.27,68.01,70.84,73.20
60.37,60.37,68.96,77.93,73.72
62.32,62.32,67.16,73.09,73.51
64.28,64.28,67.35,72.94,74.87
58.90,58.90,64.97,75.01,74.11
59.79,59.79,61.08,65.72,72.90
62.13,62.13,60.76,67.40,72.57
62.18,62.18,60.53,56.09,72.92
57.39,57.39,65.80,50.80,71.87
60.74,60.74,67.25,47.90,71.62
64.08,64.08,63.96,60.79,70.98
65.01,65.01,76.40,75.07,74.23
60.85,60.85,75.87,73.93,73.31
57.73,57.73,73.28,69.72,73.06
60.26,60.26,75.98,74.37,72.53
51.23,51.23,74.88,72.98,72.43
60.46,60.46,71.87,74.94,74.60
64.75,64.75,64.54,66.37,75.58
64.45,64.45,62.59,71.03,75.83
62.79,62.79,65.44,74.30,75.60
62.66,62.66,62.58,78.18,74.78
64.00,64.00,73.64,69.32,73.22
58.39,58.39,66.56,76.36,74.00
56.95,56.95,76.60,71.47,75.16
62.56,62.56,74.79,70.40,75.09
63.12,63.12,67.75,76.62,74.62
62.68,62.68,63.67,68.48,75.57
56.84,56.84,62.19,72.96,72.99
59.35,59.35,64.10,67.69,73.82
58.22,58.22,64.80,59.35,72.42
56.89,56.89,66.05,58.34,73.62
63.54,63.54,63.78,46.09,75.19
64.90,64.90,68.16,49.86,76.97
64.85,64.85,70.69,68.46,76.55
62.24,62.24,77.54,74.18,73.72
62.53,62.53,72.10,75.65,75.15
62.36,62.36,72.29,65.57,72.64
57.79,57.79,75.59,76.30,74.97
59.02,59.02,74.81,71.37,75.11
62.53,62.53,69.28,72.59,73.55
63.51,63.51,58.41,72.99,74.95
62.21,62.21,69.95,75.70,74.77
57.72,57.72,71.85,69.66,74.61
62.68,62.68,72.13,66.29,73.24
61.79,61.79,66.66,55.75,73.23
60.33,60.33,69.99,46.36,73.97
66.86,66.86,73.57,49.33,74.79
67.04,67.04,75.32,55.50,73.97
67.51,67.51,73.77,68.84,75.30
64.64,64.64,71.87,69.68,73.08
64.64,64.64,69.93,76.53,74.33
59.17,59.17,70.60,69.70,73.36
56.38,56.38,73.81,76.19,74.15
61.36,61.36,67.15,72.19,74.11
63.58,63.58,69.49,65.81,73.84
64.05,64.05,69.60,74.25,72.80
64.07,64.07,64.26,74.28,75.59
60.81,60.81,64.29,72.84,73.05
61.93,61.93,70.49,71.01,73.32
65.61,65.61,71.79,68.39,71.95
62.12,62.12,70.11,55.64,73.06
63.68,63.68,67.77,58.43,72.27
56.61,56.61,66.33,62.21,68.05
60.50,60.50,64.14,68.55,72.22
62.68,62.68,65.00,75.30,71.34
63.11,63.11,68.83,73.93,73.69
53.34,53.34,62.92,71.94,73.08
58.38,58.38,61.73,74.16,74.59
52.83,52.83,64.81,66.26,73.62
59.25,59.25,61.42,72.39,73.89
51.74,51.74,63.00,66.96,73.98
58.02,58.02,75.43,73.96,76.55
59.81,59.81,69.08,73.73,74.67
64.50,64.50,71.77,75.08,75.01
62.27,62.27,68.83,75.66,72.33
61.67,61.67,73.24,68.80,72.84
58.19,58.19,75.72,75.92,72.74
60.22,60.22,73.45,64.04,73.10
56.55,56.55,70.89,66.36,73.81
57.75,57.75,66.22,73.36,73.75
58.36,58.36,66.76,75.53,75.56
56.06,56.06,62.49,68.71,73.18
49.91,49.91,63.72,75.12,74.80
47.67,47.67,64.42,71.43,72.44
59.20,59.20,69.17,71.23,72.92
60.53,60.53,69.68,67.47,72.58
59.92,59.92,77.81,74.43,74.58
58.18,58.18,76.28,72.91,74.35
54.86,54.86,74.01,69.83,71.72
61.97,61.97,77.38,76.30,74.59
55.72,55.72,76.96,70.63,72.12
58.64,58.64,72.86,77.03,72.63
47.85,47.85,62.53,73.87,74.75
57.94,57.94,59.73,75.48,75.05
59.03,59.03,65.75,74.97,74.52
57.70,57.70,71.79,71.15,72.48
52.00,52.00,70.98,63.93,71.99
57.42,57.42,69.39,59.48,72.66
55.75,55.75,73.21,57.42,70.53
57.76,57.76,76.50,60.14,71.40
50.11,50.11,73.73,62.63,69.59
48.03,48.03,71.75,76.29,72.96
54.75,54.75,67.95,72.85,71.16
58.50,58.50,69.10,73.16,73.07
57.33,57.33,68.06,69.99,73.66
55.74,55.74,71.62,67.59,71.76
55.89,55.89,74.82,73.83,74.69
53.60,53.60,72.83,60.54,72.74
58.20,58.20,66.40,75.47,73.04
57.02,57.02,61.80,73.77,74.23
50.87,50.87,59.08,66.58,72.21
53.82,53.82,59.97,60.51,72.57
49.99,49.99,59.49,52.52,72.00
48.17,48.17,62.93,59.17,70.80
57.69,57.69,63.05,62.49,71.58
52.45,52.45,62.00,62.47,70.63
50.82,50.82,65.82,71.81,70.29
48.42,48.42,69.42,72.68,72.45
53.04,53.04,72.18,69.59,72.40
56.29,56.29,69.88,73.43,73.52
50.71,50.71,69.02,65.89,72.92
55.85,55.85,70.16,75.39,74.79
52.93,52.93,65.84,68.32,72.03
47.97,47.97,65.36,69.57,72.30
47.25,47.25,64.42,73.12,73.41
47.85,47.85,60.41,64.12,73.09
46.80,46.80,60.65,61.74,69.38
40.10,40.10,62.07,50.78,69.21
45.10,45.10,64.33,47.29,68.91
38.69,38.69,67.27,51.47,68.19
46.00,46.00,66.17,57.50,67.63
47.73,47.73,77.89,73.46,71.63
47.28,47.28,75.79,72.93,71.23
37.96,37.96,73.22,71.02,70.55
46.73,46.73,74.98,73.61,71.75
39.27,39.27,73.87,71.27,69.94
40.27,40.27,69.71,72.27,71.73
43.07,43.07,62.61,63.95,72.69
41.68,41.68,67.64,69.16,73.99
43.60,43.60,66.01,74.28,73.69
38.80,38.80,68.46,75.44,75.67
42.22,42.22,72.89,69.56,72.32
44.18,44.18,65.96,76.05,73.78
43.36,43.36,75.93,75.21,75.19
41.05,41.05,74.20,74.92,71.54
40.96,40.96,71.98,77.64,72.54
41.11,41.11,66.24,71.37,72.44
40.01,40.01,63.33,75.12,73.32
36.04,36.04,64.48,71.50,72.72
35.35,35.35,63.46,62.03,70.89
40.27,40.27,64.72,58.12,70.35
32.39,32.39,64.41,55.08,70.18
35.18,35.18,63.81,54.53,69.68
33.06,33.06,68.25,69.38,72.19
34.93,34.93,73.95,74.47,74.49
33.87,33.87,65.74,74.08,72.79
32.81,32.81,68.84,62.32,70.65
35.66,35.66,73.23,77.21,74.00
37.83,37.83,73.70,72.24,72.88
33.56,33.56,70.77,73.32,71.63
31.93,31.93,67.34,72.38,74.97
38.66,38.66,71.53,75.25,73.81
29.33,29.33,71.70,69.11,72.74
26.31,26.31,71.50,69.15,70.98
26.84,26.84,65.34,54.51,72.50
31.22,31.22,69.35,53.49,71.56
23.81,23.81,74.83,57.24,69.17
24.31,24.31,75.17,57.80,66.69
26.64,26.64,75.33,67.14,71.23
25.37,25.37,74.72,72.07,71.40
24.38,24.38,70.11,76.04,73.87
26.40,26.40,69.00,71.27,72.15
28.59,28.59,69.50,75.37,73.16
32.47,32.47,69.51,70.03,71.89
27.80,27.80,65.68,69.33,71.28
26.29,26.29,68.51,76.09,71.68
23.79,23.79,68.19,69.51,74.81
17.96,17.96,65.56,72.32,70.50
16.92,16.92,68.79,70.86,71.20
19.28,19.28,71.36,68.38,68.43
21.19,21.19,69.12,60.15,66.83
20.09,20.09,68.15,62.69,65.87
17.78,17.78,63.64,61.48,68.50
16.65,16.65,59.23,68.81,71.55
18.40,18.40,67.29,77.02,71.46
19.35,19.35,67.16,74.81,73.22
18.28,18.28,64.39,69.07,70.61
18.14,18.14,65.08,78.13,72.04
17.84,17.84,65.16,72.17,71.65
13.29,13.29,65.08,72.00,68.35
13.76,13.76,58.44,65.85,71.13
12.30,12.30,71.87,72.84,75.06
11.65,11.65,65.28,71.40,75.16
12.35,12.35,71.55,73.58,73.61
14.23,14.23,71.36,73.51,74.37
16.17,16.17,69.11,68.88,72.23
14.73,14.73,75.87,74.89,74.67
12.19,12.19,74.71,68.61,71.16
12.28,12.28,70.46,66.00,72.42
12.67,12.67,63.98,73.80,70.90
18.01,18.01,67.20,74.98,72.68
19.65,19.65,65.81,67.30,72.12
15.01,15.01,66.65,76.75,72.66
13.22,13.22,65.18,72.50,72.92
13.07,13.07,66.89,69.62,69.89
12.49,12.49,69.72,65.76,69.99
14.62,14.62,80.37,72.66,71.31
7.40,7.40,77.89,67.48,67.95
5.25,5.25,74.78,70.58,72.47
6.11,6.11,76.54,74.24,72.03
7.16,7.16,75.55,66.99,70.36
12.62,12.62,70.54,73.97,71.06
15.52,15.52,61.18,68.69,71.89
15.15,15.15,63.68,73.95,71.62
15.22,15.22,66.12,71.04,71.07
16.76,16.76,71.43,66.22,69.54
19.96,19.96,71.35,59.73,69.97
21.88,21.88,68.37,54.49,69.47
18.64,18.64,73.15,51.77,66.30
14.13,14.13,76.07,58.20,66.41
11.87,11.87,73.19,59.70,68.83
8.25,8.25,68.79,75.02,72.88
7.30,7.30,66.78,71.30,71.59
2.66,2.66,71.47,76.71,74.04
11.07,11.07,66.17,68.66,72.27
10.51,10.51,71.66,74.84,71.90
2.32,2.32,76.34,68.64,69.20
0.94,0.94,75.09,76.35,69.40
2.13,2.13,65.98,74.16,70.88
4.51,4.51,67.47,71.39,73.58
5.74,5.74,64.07,71.35,72.16
6.44,6.44,62.06,73.61,73.11
8.10,8.10,61.83,71.16,74.43
7.62,7.62,55.39,67.98,72.96
7.59,7.59,61.33,64.45,68.70
9.40,9.40,60.79,60.99,70.34
10.48,10.48,66.52,73.67,74.63
17.31,17.31,67.43,66.16,74.31
12.42,12.42,63.89,78.91,73.56
12.81,12.81,65.73,71.53,72.66
14.36,14.36,67.30,78.83,74.14
10.33,10.33,68.39,71.79,72.51
5.16,5.16,63.36,78.44,72.23
6.19,6.19,60.55,73.62,70.59
8.52,8.52,62.49,78.25,71.26
12.25,12.25,62.92,71.87,69.35
15.83,15.83,65.54,70.80,70.78
18.71,18.71,64.97,63.48,70.73
16.38,16.38,63.34,52.37,71.08
12.75,12.75,62.38,49.35,72.81
10.67,10.67,67.82,59.53,73.43
8.59,8.59,77.33,74.86,76.08
3.36,3.36,71.66,75.44,74.05
0.00,0.00,69.24,73.57,74.40
4.75,4.75,68.51,73.95,73.64
15.72,15.72,66.14,69.57,75.54
10.39,10.39,64.46,74.96,71.87
8.13,8.13,63.60,70.33,73.15
4.86,4.86,64.57,69.47,73.13
8.95,8.95,61.94,66.02,70.78
8.19,8.19,66.23,73.10,71.92
8.96,8.96,74.37,77.87,70.07
11.66,11.66,64.86,72.20,69.06
13.57,13.57,75.52,79.67,72.97
12.23,12.23,74.35,70.38,75.53
10.82,10.82,73.44,74.72,75.53
17.73,17.73,73.10,67.94,74.49
14.01,14.01,71.10,77.16,72.67
9.45,9.45,68.24,66.23,71.85
6.68,6.68,65.92,69.83,71.46
5.00,5.00,66.90,58.53,71.05
5.77,5.77,65.10,51.15,72.50
5.47,5.47,66.11,45.04,71.59
12.06,12.06,66.90,59.49,74.02
11.92,11.92,70.92,68.17,73.79
5.85,5.85,72.34,71.75,73.21
6.69,6.69,68.06,65.48,72.98
6.44,6.44,62.94,72.50,73.24
10.93,10.93,65.05,68.40,73.48
9.40,9.40,57.54,71.56,73.27
8.73,8.73,64.74,69.88,73.31
8.83,8.83,66.96,76.88,73.70
6.63,6.63,70.91,72.45,73.09
16.29,16.29,71.72,65.70,71.21
12.86,12.86,67.05,61.31,71.01
11.57,11.57,69.28,52.88,70.73
6.58,6.58,75.43,57.91,74.46
8.39,8.39,75.20,57.07,72.78
2.86,2.86,72.32,71.64,76.38
4.78,4.78,72.99,72.34,76.21
10.70,10.70,68.70,74.27,74.13
6.27,6.27,64.00,74.65,73.80
5.52,5.52,65.76,73.40,74.48
5.12,5.12,69.06,76.57,73.76
2.29,2.29,66.62,68.83,72.87
3.21,3.21,67.57,77.92,74.19
7.08,7.08,66.00,68.96,72.95
2.71,2.71,69.03,77.29,72.71
1.32,1.32,68.06,67.44,71.54
1.94,1.94,69.57,67.70,70.24
12.95,12.95,67.76,57.84,72.19
6.59,6.59,65.58,57.19,75.04
5.16,5.16,65.29,56.59,75.99
4.98,4.98,64.84,66.01,74.16
10.38,10.38,72.78,71.85,72.79
3.52,3.52,70.29,69.93,73.76
3.99,3.99,70.18,72.31,73.90
4.17,4.17,68.79,64.75,74.56
1.45,1.45,68.87,76.09,73.46
3.86,3.86,65.88,66.94,74.69
7.21,7.21,63.65,69.43,75.20
6.34,6.34,68.59,69.89,75.62
13.87,13.87,67.18,66.43,74.07
15.23,15.23,74.99,77.06,74.66
12.10,12.10,68.69,69.03,75.28
11.29,11.29,71.80,73.55,74.88
12.94,12.94,74.02,67.86,73.77
9.37,9.37,74.45,68.93,72.10
4.20,4.20,72.89,68.88,74.37
3.41,3.41,72.00,73.09,75.21
5.31,5.31,67.93,72.19,75.72
5.03,5.03,63.46,71.41,76.05
3.96,3.96,61.95,66.96,75.05
4.24,4.24,63.00,73.19,74.26
2.66,2.66,63.75,66.60,68.98
7.40,7.40,68.91,70.33,72.39
9.39,9.39,75.92,73.11,74.32
8.29,8.29,71.77,67.62,71.79
2.06,2.06,72.93,76.53,74.62
0.31,0.31,73.53,75.28,73.86
5.82,5.82,76.05,79.97,76.45
12.48,12.48,74.88,74.80,75.17
7.08,7.08,73.84,78.22,71.15
6.25,6.25,70.94,73.03,74.18
4.43,4.43,74.75,74.73,74.63
5.34,5.34,71.84,71.42,75.20
5.35,5.35,70.01,64.38,73.96
7.90,7.90,68.99,51.38,74.32
6.56,6.56,73.77,40.95,73.62
3.93,3.93,77.17,53.77,69.54
2.75,2.75,71.58,58.25,71.17
3.60,3.60,73.48,76.94,73.19
3.01,3.01,68.17,72.34,71.98
3.74,3.74,69.18,76.67,71.97
13.56,13.56,67.60,69.42,71.74
8.02,8.02,70.27,73.03,74.29
3.00,3.00,74.11,70.37,71.40
2.88,2.88,74.88,69.54,70.59
3.61,3.61,69.29,75.00,74.24
5.43,5.43,61.83,68.24,74.16
8.78,8.78,60.47,74.64,75.94
10.00,10.00,59.05,59.38,74.25
9.79,9.79,58.64,65.42,73.85
7.36,7.36,57.87,57.19,74.07
8.53,8.53,60.24,55.81,71.43
7.13,7.13,61.02,61.19,72.28
7.42,7.42,67.19,73.27,73.38
5.02,5.02,69.71,69.35,74.66
8.18,8.18,69.22,78.22,75.63
8.17,8.17,66.65,67.71,75.83
15.14,15.14,62.75,76.50,75.22
11.21,11.21,63.85,70.53,75.16
7.64,7.64,63.92,73.57,74.23
7.18,7.18,63.89,73.79,75.39
8.60,8.60,62.81,69.94,72.89
8.77,8.77,61.80,73.12,71.95
6.85,6.85,61.56,61.96,74.01
8.95,8.95,63.07,57.40,72.98
10.86,10.86,64.58,41.54,72.39
7.54,7.54,63.13,50.59,70.26
9.20,9.20,66.93,58.20,73.78
10.10,10.10,74.67,71.02,76.35
6.34,6.34,69.76,73.50,75.93
0.84,0.84,67.91,71.35,75.12
1.46,1.46,69.19,76.22,75.37
4.48,4.48,69.68,70.54,74.66
12.71,12.71,69.05,75.43,74.76
19.50,19.50,64.60,64.79,73.49
8.81,8.81,67.49,73.15,73.71
6.43,6.43,70.66,72.10,70.92
10.68,10.68,64.84,73.13,72.98
11.07,11.07,70.33,70.69,73.27
11.61,11.61,66.63,80.53,72.59
12.00,12.00,73.57,69.65,72.39
10.31,10.31,72.44,79.27,75.85
12.62,12.62,72.80,74.39,74.99
13.02,13.02,72.47,76.60,75.90
15.42,15.42,66.74,72.86,73.73
11.37,11.37,65.99,71.75,76.14
12.51,12.51,64.82,62.09,74.20
12.27,12.27,67.28,60.87,71.21
10.64,10.64,66.32,55.33,71.86
8.18,8.18,66.62,54.37,72.63
5.29,5.29,68.74,65.73,76.10
5.61,5.61,77.79,75.57,75.22
7.95,7.95,77.82,73.94,76.41
7.24,7.24,74.72,72.32,74.79
5.00,5.00,70.95,74.52,74.87
8.12,8.12,61.16,72.02,75.29
4.45,4.45,68.85,73.76,76.76
4.89,4.89,74.92,60.80,75.12
15.19,15.19,79.26,76.84,70.46
12.51,12.51,70.14,69.80,71.16
3.89,3.89,71.36,70.71,71.34
11.08,11.08,67.25,65.70,72.18
6.02,6.02,70.53,58.66,68.57
3.66,3.66,75.52,63.95,66.71
5.37,5.37,75.61,61.57,69.76
7.16,7.16,73.68,69.22,74.18
8.01,8.01,73.28,72.48,74.49
6.73,6.73,72.40,74.38,75.06
4.00,4.00,67.65,75.57,75.55
6.09,6.09,66.46,75.62,75.00
10.65,10.65,61.93,69.81,75.47
9.25,9.25,59.38,73.36,73.70
3.00,3.00,65.46,68.71,73.86
4.24,4.24,66.29,76.01,73.24
8.39,8.39,66.20,71.36,72.70
6.50,6.50,65.50,68.43,73.69
11.67,11.67,67.17,63.36,74.33
5.83,5.83,68.92,63.02,69.99
8.39,8.39,68.33,60.48,71.12
12.62,12.62,64.40,61.54,71.43
5.28,5.28,61.90,65.84,74.48
1.46,1.46,68.49,73.92,73.26
1.11,1.11,67.37,78.63,75.18
0.35,0.35,59.47,70.90,74.24
0.03,0.03,58.39,76.08,76.84
0.00,0.00,57.47,68.20,72.97
0.13,0.13,65.14,73.98,73.94
2.33,2.33,65.95,65.17,74.31
7.79,7.79,75.88,74.95,76.25
13.78,13.78,71.23,68.17,75.44
12.24,12.24,71.63,76.65,75.73
7.36,7.36,70.93,70.57,75.39
5.54,5.54,68.90,75.39,74.95
6.56,6.56,73.93,72.57,74.62
6.72,6.72,73.15,72.42,75.03
1.77,1.77,70.65,68.31,75.90
3.72,3.72,65.96,73.51,74.79
2.65,2.65,68.77,72.66,77.49
8.46,8.46,64.18,67.43,75.32
9.47,9.47,65.60,76.02,77.01
3.14,3.14,64.44,61.94,74.01
3.90,3.90,66.16,74.96,71.98
5.05,5.05,65.97,64.10,73.63
3.58,3.58,76.30,76.04,76.98
2.09,2.09,79.27,63.73,76.15
3.54,3.54,78.68,77.33,75.96
7.41,7.41,77.39,71.31,73.91
2.20,2.20,72.72,76.76,73.88
2.71,2.71,64.11,71.72,74.30
2.77,2.77,63.89,68.31,76.32
4.86,4.86,72.93,72.38,76.29
9.10,9.10,68.69,70.49,76.47
10.21,10.21,68.66,71.48,77.16
7.05,7.05,71.51,64.86,76.39
5.89,5.89,69.04,57.88,73.78
7.57,7.57,71.48,56.31,73.29
4.74,4.74,77.47,50.88,70.81
2.84,2.84,71.87,58.95,71.26
4.78,4.78,70.39,71.57,72.99
6.48,6.48,66.66,68.59,72.98
7.79,7.79,65.94,76.10,71.45
9.88,9.88,67.29,67.50,73.69
9.93,9.93,70.79,73.66,72.01
11.79,11.79,71.75,70.18,71.32
7.17,7.17,73.56,72.88,70.65
6.31,6.31,70.27,69.62,74.16
7.91,7.91,66.37,75.13,74.40
9.24,9.24,63.78,71.71,73.77
8.53,8.53,57.75,72.55,75.70
8.59,8.59,58.52,69.43,73.40
8.19,8.19,57.36,65.97,74.83
4.82,4.82,58.92,61.55,70.88
4.48,4.48,62.15,63.29,72.45
7.33,7.33,67.36,72.18,74.43
11.24,11.24,68.21,70.65,73.97
9.29,9.29,66.07,79.54,74.21
10.46,10.46,65.64,65.85,74.76
14.86,14.86,66.94,79.88,74.97
13.00,13.00,68.70,69.61,72.59
12.84,12.84,69.58,78.15,72.58
3.71,3.71,68.42,70.91,73.86
2.98,2.98,69.05,77.99,74.06
4.13,4.13,67.48,68.80,71.43
6.40,6.40,64.75,69.99,72.10
9.20,9.20,63.21,59.61,72.86
11.04,11.04,62.42,48.35,72.10
5.83,5.83,62.67,48.55,70.57
9.57,9.57,65.19,54.31,71.92
7.95,7.95,73.30,80.10,76.26
4.14,4.14,68.62,74.80,76.55
6.62,6.62,66.17,78.39,74.84
3.19,3.19,64.29,71.56,74.46
0.45,0.45,63.80,77.71,75.50
0.78,0.78,62.58,70.85,73.72
2.72,2.72,62.41,73.67,72.51
5.68,5.68,65.17,67.72,73.50
2.27,2.27,68.18,74.24,74.23
0.54,0.54,67.78,72.81,74.04
1.66,1.66,71.19,74.37,72.81
6.57,6.57,64.18,74.77,73.34
8.34,8.34,75.42,71.86,75.38
6.28,6.28,74.85,78.39,74.05
8.66,8.66,69.90,71.00,69.09
11.12,11.12,71.21,76.32,76.24
7.34,7.34,67.03,68.68,72.63
16.01,16.01,68.00,74.54,73.20
7.70,7.70,65.65,62.41,71.06
3.92,3.92,64.99,56.08,74.32
9.47,9.47,63.60,54.14,69.83
7.94,7.94,65.29,56.75,70.13
4.52,4.52,67.23,70.36,74.26
6.71,6.71,71.51,79.01,76.37
2.41,2.41,68.24,73.63,75.92
2.46,2.46,65.34,75.02,73.13
1.82,1.82,65.73,76.84,76.11
1.28,1.28,66.62,75.01,74.37
1.35,1.35,70.50,78.73,70.56
3.87,3.87,69.98,67.23,73.47
7.54,7.54,76.58,78.24,75.29
9.46,9.46,65.63,67.31,72.48
7.74,7.74,72.21,67.04,70.85
12.71,12.71,67.30,60.32,72.86
12.32,12.32,68.95,59.46,74.08
15.48,15.48,75.00,61.92,73.90
9.10,9.10,73.24,60.37,69.39
4.88,4.88,71.49,73.38,73.25
5.33,5.33,71.68,78.38,74.53
4.91,4.91,68.87,73.98,74.47
3.72,3.72,63.15,75.69,74.01
3.91,3.91,63.86,74.52,75.41
3.77,3.77,68.25,73.46,71.82
2.70,2.70,68.53,75.14,71.98
8.67,8.67,68.31,72.58,71.95
9.16,9.16,68.89,74.73,76.33
11.69,11.69,66.46,76.20,76.02
7.50,7.50,64.96,76.70,73.32
10.60,10.60,64.63,73.01,72.61
7.34,7.34,66.60,69.79,74.94
2.95,2.95,65.72,62.01,72.37
8.21,8.21,64.01,63.67,69.47
6.53,6.53,62.05,69.03,74.16
14.36,14.36,62.20,78.35,77.61
5.30,5.30,60.55,81.23,76.16
1.50,1.50,57.67,75.16,75.21
1.37,1.37,57.29,77.67,75.90
2.35,2.35,58.54,75.66,76.24
1.27,1.27,62.21,75.02,74.12
6.37,6.37,63.08,68.72,73.52
7.66,7.66,68.29,72.25,72.30
10.55,10.55,63.77,68.40,75.04
10.74,10.74,69.68,76.36,76.92
16.31,16.31,69.08,63.62,74.53
13.33,13.33,72.27,80.37,75.43
5.07,5.07,76.70,69.99,72.95
3.92,3.92,70.54,73.71,73.63
1.76,1.76,60.50,68.86,76.10
8.87,8.87,60.62,70.41,76.32
5.17,5.17,66.74,72.89,75.58
3.13,3.13,63.98,73.10,74.15
4.65,4.65,68.71,71.72,74.79
5.97,5.97,68.18,71.93,74.07
6.06,6.06,69.35,66.43,71.92
7.26,7.26,68.48,68.15,70.86
9.72,9.72,71.77,80.73,74.46
2.80,2.80,66.59,75.77,72.18
3.88,3.88,65.34,80.91,73.93
2.32,2.32,63.07,73.61,73.64
0.18,0.18,62.37,81.20,75.79
0.45,0.45,60.74,76.00,73.27
7.95,7.95,63.28,80.47,73.20
10.58,10.58,69.60,73.72,75.99
6.09,6.09,69.08,76.25,75.56
7.19,7.19,70.23,68.69,75.01
7.98,7.98,71.52,64.35,76.05
7.61,7.61,66.05,59.18,73.67
8.75,8.75,72.20,57.57,72.54
5.32,5.32,75.63,58.79,69.66
5.50,5.50,71.58,60.65,73.30
8.32,8.32,70.93,78.73,74.64
19.28,19.28,65.32,70.45,75.21
18.69,18.69,69.02,78.23,73.91
11.25,11.25,65.50,66.04,74.23
12.75,12.75,71.77,80.74,72.67
6.51,6.51,72.79,62.75,73.20
3.15,3.15,73.16,78.62,71.05
8.57,8.57,67.90,66.90,74.10
12.54,12.54,65.23,75.24,73.86
8.64,8.64,60.92,69.16,72.80
12.45,12.45,59.36,68.07,75.26
9.64,9.64,56.84,64.85,76.52
7.55,7.55,59.43,62.04,73.70
3.53,3.53,61.30,57.99,69.03
3.91,3.91,62.03,60.19,73.17
12.25,12.25,69.52,71.75,74.76
15.54,15.54,65.04,69.35,73.57
7.07,7.07,64.99,79.23,74.33
8.00,8.00,66.14,65.87,75.15
15.79,15.79,70.43,79.68,74.57
13.94,13.94,67.64,67.41,72.11
6.94,6.94,66.01,78.49,70.49
9.46,9.46,64.15,68.13,74.32
6.87,6.87,61.77,77.73,74.69
6.48,6.48,60.20,65.26,71.47
8.45,8.45,60.00,68.25,71.99
12.44,12.44,63.84,54.54,71.39
10.39,10.39,64.45,52.94,70.31
6.39,6.39,62.80,47.32,68.11
10.46,10.46,65.90,57.52,70.05
11.63,11.63,71.38,80.77,76.55
6.83,6.83,65.02,75.97,75.11
2.56,2.56,64.46,78.05,74.01
8.15,8.15,62.61,71.40,75.74
11.99,11.99,62.85,77.55,74.93
8.59,8.59,59.79,74.02,72.07
6.04,6.04,61.04,76.83,71.47
3.45,3.45,64.09,71.02,72.18
4.85,4.85,63.04,74.81,71.44
5.64,5.64,64.04,74.61,71.95
7.39,7.39,69.88,75.98,70.84
9.17,9.17,65.26,77.14,71.30
8.63,8.63,77.22,73.87,70.87
6.10,6.10,73.20,77.50,70.83
4.38,4.38,68.10,74.73,71.74
3.52,3.52,71.88,79.51,73.91
3.52,3.52,66.68,72.15,72.19
7.37,7.37,64.55,76.18,70.31
10.58,10.58,63.60,66.51,71.04
10.66,10.66,65.82,54.82,71.69
11.04,11.04,65.87,52.60,69.96
6.07,6.07,66.84,51.22,70.08
2.24,2.24,62.30,66.95,74.11
5.80,5.80,61.07,79.71,74.43
6.17,6.17,62.59,81.15,75.56
2.69,2.69,62.37,78.92,73.49
0.45,0.45,60.22,81.45,75.57
0.68,0.68,62.70,78.81,73.31
0.56,0.56,60.15,79.03,71.56
1.89,1.89,62.69,74.09,71.25
3.25,3.25,69.51,69.69,74.44
6.85,6.85,64.94,65.27,70.32
5.12,5.12,71.52,63.47,71.26
4.73,4.73,66.07,55.85,71.05
10.73,10.73,69.83,51.40,69.97
10.13,10.13,75.74,58.23,69.45
3.30,3.30,75.27,58.77,67.57
3.77,3.77,72.13,70.51,75.33
4.44,4.44,71.78,78.86,74.45
5.59,5.59,67.82,73.04,73.30
4.99,4.99,64.00,74.67,73.73
5.34,5.34,63.91,73.46,74.21
5.38,5.38,68.65,72.01,72.07
5.42,5.42,69.37,71.26,70.45
12.98,12.98,68.95,67.64,69.16
12.51,12.51,69.36,73.08,71.39
16.60,16.60,64.25,74.25,71.95
18.92,18.92,62.28,74.21,72.13
11.39,11.39,62.71,72.31,73.56
11.25,11.25,63.80,70.59,71.01
10.05,10.05,63.37,67.62,66.55
6.95,6.95,62.97,65.24,67.86
7.25,7.25,61.82,70.40,74.32
3.45,3.45,62.62,73.30,75.47
3.36,3.36,63.20,74.78,74.11
2.41,2.41,62.74,69.16,74.96
1.70,1.70,61.65,74.37,72.32
1.74,1.74,61.79,74.99,74.20
2.91,2.91,62.22,64.31,73.38
5.29,5.29,62.86,65.81,71.95
12.14,12.14,68.53,73.98,73.85
11.39,11.39,63.77,68.73,76.05
10.22,10.22,66.11,77.14,76.45
9.66,9.66,68.15,64.67,75.38
8.32,8.32,70.58,79.84,73.33
4.08,4.08,76.67,70.68,72.51
2.73,2.73,69.95,72.93,68.95
5.28,5.28,60.00,65.73,73.61
6.12,6.12,60.58,78.09,75.37
5.95,5.95,66.12,78.98,74.97
5.00,5.00,64.94,79.02,74.89
4.93,4.93,66.07,78.05,73.98
5.03,5.03,66.17,77.80,72.44
2.38,2.38,66.17,77.48,69.01
8.74,8.74,67.29,71.59,70.93
3.73,3.73,70.23,80.18,74.24
1.40,1.40,65.34,79.16,73.99
2.76,2.76,64.51,80.25,72.89
3.18,3.18,64.06,75.73,72.23
1.52,1.52,61.71,79.30,73.27
1.16,1.16,59.03,74.10,71.11
1.81,1.81,60.93,78.56,71.06
5.34,5.34,68.04,69.84,75.25
10.94,10.94,67.10,72.70,74.01
12.67,12.67,71.37,63.29,75.03
8.17,8.17,70.25,66.36,75.86
7.36,7.36,66.99,55.79,73.78
9.30,9.30,72.86,53.21,72.05
5.01,5.01,75.66,58.54,66.78
6.41,6.41,72.71,61.75,70.56
6.35,6.35,69.73,75.43,75.08
6.09,6.09,68.01,71.01,74.09
5.62,5.62,71.42,77.00,74.09
6.15,6.15,65.91,66.54,73.46
14.71,14.71,69.85,76.58,72.51
10.84,10.84,74.11,69.06,70.42
3.37,3.37,76.21,75.07,70.68
3.55,3.55,69.79,73.46,73.92
5.56,5.56,63.50,72.36,75.33
10.30,10.30,64.34,71.32,73.42
13.07,13.07,56.45,73.63,75.67
12.21,12.21,61.24,72.03,74.08
12.38,12.38,55.03,68.97,73.43
6.55,6.55,59.97,64.50,70.69
6.68,6.68,61.15,58.78,72.92
7.35,7.35,67.82,71.65,76.01
15.19,15.19,67.31,65.85,75.53
19.69,19.69,64.64,79.48,74.88
13.75,13.75,65.99,73.31,73.45
15.54,15.54,67.95,79.31,75.12
6.07,6.07,67.92,71.08,73.65
4.93,4.93,60.88,78.29,73.75
10.81,10.81,59.41,74.38,72.92
14.25,14.25,62.43,78.84,71.39
14.62,14.62,63.35,71.26,71.25
18.74,18.74,64.24,70.63,71.45
19.55,19.55,64.42,63.31,70.41
16.86,16.86,64.47,53.99,72.68
12.82,12.82,63.63,43.94,74.19
10.65,10.65,68.42,57.22,73.70
7.96,7.96,71.58,78.77,76.25
12.88,12.88,65.65,77.43,73.73
8.57,8.57,66.15,75.10,75.17
4.20,4.20,65.46,72.43,73.36
3.46,3.46,63.70,71.71,75.14
3.17,3.17,61.22,75.97,73.73
3.42,3.42,59.47,70.67,73.17
6.25,6.25,63.89,70.10,73.21
10.64,10.64,62.31,63.85,72.22
10.30,10.30,64.63,73.28,71.55
13.23,13.23,73.82,76.50,69.31
12.10,12.10,65.83,70.23,69.39
13.78,13.78,76.50,79.68,72.61
13.08,13.08,75.98,71.74,75.28
11.72,11.72,70.95,75.20,76.05
13.53,13.53,71.10,69.08,73.75
9.89,9.89,69.57,77.17,72.79
6.47,6.47,67.87,65.86,71.11
10.73,10.73,67.55,68.76,71.61
15.39,15.39,67.50,59.97,70.40
9.01,9.01,65.83,53.74,71.44
5.05,5.05,65.81,45.75,72.36
4.57,4.57,65.46,63.00,74.48
3.98,3.98,65.27,73.11,75.01
4.12,4.12,65.62,74.96,74.06
6.96,6.96,63.17,72.47,74.36
6.38,6.38,60.58,75.09,73.72
6.59,6.59,64.25,71.62,74.86
5.85,5.85,62.79,71.81,72.89
6.99,6.99,63.66,69.57,74.02
13.36,13.36,67.02,75.98,73.24
6.06,6.06,71.48,74.19,72.70
6.83,6.83,73.28,67.66,71.57
9.35,9.35,69.12,67.77,71.24
8.08,8.08,68.94,64.49,71.11
7.92,7.92,76.39,57.51,73.84
6.90,6.90,74.12,57.07,72.71
3.71,3.71,71.76,73.86,75.73
5.93,5.93,69.85,74.32,75.35
13.58,13.58,68.25,72.08,75.25
15.91,15.91,62.45,74.02,74.35
12.80,12.80,62.77,74.36,75.00
8.28,8.28,67.97,77.60,74.01
7.40,7.40,63.98,74.53,72.17
8.37,8.37,62.19,79.13,73.67
12.12,12.12,63.03,68.81,73.83
8.81,8.81,64.21,79.38,72.71
15.88,15.88,63.54,72.10,71.81
10.34,10.34,63.57,74.08,71.07
7.00,7.00,63.57,70.28,70.94
7.31,7.31,60.54,66.69,73.85
6.44,6.44,60.24,66.08,74.88
2.84,2.84,61.28,65.81,75.15
0.67,0.67,67.45,76.91,73.35
0.74,0.74,63.53,74.51,74.70
1.72,1.72,64.30,73.57,74.85
1.95,1.95,62.96,68.42,74.49
0.96,0.96,61.91,79.26,74.50
0.53,0.53,61.60,71.49,74.58
0.63,0.63,63.76,70.11,76.07
2.92,2.92,67.79,67.89,74.60
8.95,8.95,66.33,68.72,74.51
8.19,8.19,73.21,77.85,74.45
7.50,7.50,70.05,66.41,75.55
16.17,16.17,71.11,75.51,74.85
6.65,6.65,75.27,65.82,72.69
5.87,5.87,72.96,70.64,72.00
5.92,5.92,71.80,71.33,74.39
8.19,8.19,70.48,74.76,75.62
3.17,3.17,68.78,68.50,74.62
5.48,5.48,67.21,71.29,75.46
7.43,7.43,61.70,69.81,76.50
7.36,7.36,60.12,76.57,74.86
8.33,8.33,63.86,69.68,70.69
10.37,10.37,66.38,72.72,72.78
9.97,9.97,75.66,73.75,74.30
10.41,10.41,72.49,69.91,72.89
9.06,9.06,68.55,76.82,73.83
9.75,9.75,66.97,78.99,75.15
12.28,12.28,68.42,82.67,76.72
6.53,6.53,66.00,79.31,76.27
0.71,0.71,68.43,81.05,71.54
2.31,2.31,68.94,77.91,74.36
5.90,5.90,72.37,76.17,75.37
10.89,10.89,68.29,70.25,73.90
12.86,12.86,70.00,57.31,75.09
12.53,12.53,67.80,50.11,73.90
13.35,13.35,73.40,50.49,72.79
7.73,7.73,76.70,60.02,69.68
4.07,4.07,73.87,64.64,70.37
15.03,15.03,72.50,76.84,73.15
7.57,7.57,68.69,73.64,73.40
15.73,15.73,67.70,77.39,72.33
20.24,20.24,69.04,69.29,73.42
17.47,17.47,71.28,73.99,74.16
6.84,6.84,73.92,70.56,70.71
2.67,2.67,75.20,68.78,70.92
3.73,3.73,69.01,75.04,73.93
6.40,6.40,60.08,67.68,74.97
6.58,6.58,59.67,76.00,75.64
7.31,7.31,58.59,66.01,75.51
9.49,9.49,59.84,65.66,73.64
11.01,11.01,58.57,60.66,74.07
7.94,7.94,59.74,58.59,70.76
6.51,6.51,61.64,61.15,71.91
6.03,6.03,67.16,73.22,74.50
4.22,4.22,68.95,71.90,76.48
7.20,7.20,69.31,79.00,75.89
10.65,10.65,68.67,66.84,76.17
6.97,6.97,63.90,76.88,75.56
5.35,5.35,63.24,72.22,74.96
8.23,8.23,60.08,74.86,74.93
11.06,11.06,59.38,75.03,74.49
13.05,13.05,62.08,71.95,72.61
14.56,14.56,62.47,73.02,72.51
14.29,14.29,61.10,64.31,73.43
14.14,14.14,60.18,57.54,73.57
10.66,10.66,61.33,45.37,71.72
11.24,11.24,61.47,47.54,70.80
8.77,8.77,65.68,56.08,73.73
16.80,16.80,71.30,74.92,77.37
15.02,15.02,65.49,74.69,74.97
14.49,14.49,63.67,72.32,75.48
11.31,11.31,62.52,77.61,76.55
8.83,8.83,63.37,74.86,75.33
5.15,5.15,62.47,79.95,75.08
4.31,4.31,60.77,67.06,73.56
5.28,5.28,66.76,73.57,73.43
6.48,6.48,66.46,73.71,71.16
11.14,11.14,67.01,76.14,73.50
13.97,13.97,72.44,70.16,73.20
16.25,16.25,66.36,80.07,72.02
17.98,17.98,72.71,72.28,71.84
18.11,18.11,72.03,77.94,74.89
16.88,16.88,75.61,73.97,74.77
12.93,12.93,73.32,77.72,75.98
10.75,10.75,68.64,73.81,73.49
10.23,10.23,66.51,74.62,74.65
11.85,11.85,67.22,64.56,74.12
14.60,14.60,65.33,62.76,70.74
11.10,11.10,65.36,54.82,71.73
8.65,8.65,61.41,52.70,72.94
4.29,4.29,61.86,70.21,77.05
2.14,2.14,63.93,80.97,76.04
8.13,8.13,63.97,79.22,76.60
7.56,7.56,62.62,76.11,74.59
6.05,6.05,65.49,79.82,75.48
9.35,9.35,65.73,72.20,74.64
8.51,8.51,61.95,73.50,75.06
8.76,8.76,63.58,67.70,74.22
10.76,10.76,74.08,81.00,69.76
6.94,6.94,65.34,72.65,70.81
4.33,4.33,70.47,69.71,70.43
12.69,12.69,68.02,68.33,70.76
20.02,20.02,71.58,55.67,67.59
17.57,17.57,77.12,57.12,67.83
11.11,11.11,72.66,59.30,69.66
12.28,12.28,70.24,70.77,74.06
16.03,16.03,72.20,75.35,74.07
15.13,15.13,69.28,77.69,74.20
7.02,7.02,67.20,76.05,75.58
5.73,5.73,61.05,76.63,75.09
6.63,6.63,59.09,69.22,74.81
5.17,5.17,65.40,77.15,73.58
3.15,3.15,65.80,63.86,73.71
6.77,6.77,65.36,76.31,74.73
7.31,7.31,62.22,70.90,73.11
8.27,8.27,62.27,67.85,74.08
10.21,10.21,61.77,70.55,72.26
15.47,15.47,62.57,69.49,71.70
15.21,15.21,61.33,67.97,70.64
10.06,10.06,61.86,65.63,71.27
5.12,5.12,62.89,67.62,74.37
1.46,1.46,63.55,79.23,74.39
0.85,0.85,61.19,80.40,75.39
1.98,1.98,60.99,68.47,75.92
0.96,0.96,58.32,76.28,76.33
1.78,1.78,56.50,69.96,73.29
1.94,1.94,62.21,73.59,74.65
2.84,2.84,61.24,66.84,74.92
3.63,3.63,73.61,75.42,75.69
6.51,6.51,66.19,73.43,76.21
7.03,7.03,67.71,78.10,76.57
7.68,7.68,68.04,74.34,75.47
4.75,4.75,71.18,76.35,74.27
3.87,3.87,74.01,74.13,73.97
7.02,7.02,73.22,72.94,74.60
4.09,4.09,73.24,70.59,76.26
1.59,1.59,67.88,72.59,76.38
0.56,0.56,70.46,73.29,77.10
0.78,0.78,67.49,65.38,74.95
0.16,0.16,68.79,76.45,75.74
0.79,0.79,68.03,64.41,74.85
4.07,4.07,68.23,76.56,72.12
7.58,7.58,66.98,66.04,72.67
7.06,7.06,69.14,80.23,77.68
4.61,4.61,68.39,76.96,76.68
1.19,1.19,62.15,82.85,77.30
0.59,0.59,61.47,76.46,75.15
0.57,0.57,61.34,79.32,75.70
0.50,0.50,59.87,72.09,74.65
0.12,0.12,59.90,70.56,76.76
1.46,1.46,69.61,73.84,77.35
3.29,3.29,65.30,71.48,77.67
5.86,5.86,70.42,71.56,76.47
8.76,8.76,71.20,70.23,75.74
8.51,8.51,66.09,65.64,74.30
11.33,11.33,73.44,64.78,73.04
7.16,7.16,76.20,60.05,71.11
6.24,6.24,73.84,65.64,72.42
5.95,5.95,66.24,69.09,74.83
4.75,4.75,62.32,68.45,73.03
4.14,4.14,56.17,70.46,73.01
6.84,6.84,54.17,68.76,74.88
10.00,10.00,57.70,65.13,74.94
11.94,11.94,57.08,74.92,71.99
10.56,10.56,61.87,63.33,71.99
8.97,8.97,52.13,69.00,74.28
7.13,7.13,55.61,71.27,75.18
6.25,6.25,53.48,60.99,72.13
5.24,5.24,53.61,64.11,71.93
5.28,5.28,51.97,57.85,73.54
7.63,7.63,50.47,49.27,71.10
7.02,7.02,53.13,48.88,71.95
10.95,10.95,56.70,55.97,72.67
4.53,4.53,61.22,69.25,77.78
0.65,0.65,65.13,72.06,77.75
4.04,4.04,67.35,74.60,76.76
6.28,6.28,59.57,74.53,78.08
8.84,8.84,58.93,70.35,77.59
7.70,7.70,62.86,77.95,75.44
2.07,2.07,56.68,73.67,74.65
1.64,1.64,49.71,73.71,75.76
4.14,4.14,46.90,77.04,74.12
8.19,8.19,46.87,68.25,73.31
9.77,9.77,52.17,71.24,74.29
11.89,11.89,54.09,61.86,73.46
9.79,9.79,55.41,50.30,72.86
5.81,5.81,57.32,49.44,71.68
11.30,11.30,57.26,56.02,73.59
12.84,12.84,64.95,70.33,75.65
2.82,2.82,66.60,62.70,76.12
0.03,0.03,64.41,70.77,77.62
-0.00,-0.00,66.99,72.00,77.21
0.01,0.01,62.12,69.64,75.19
-0.00,-0.00,62.09,74.41,76.60
0.27,0.27,59.25,61.83,75.72
0.32,0.32,57.69,71.16,76.59
0.60,0.60,53.03,72.33,76.90
1.44,1.44,57.03,77.37,76.28
5.12,5.12,60.35,68.54,75.85
9.82,9.82,50.32,75.46,74.56
8.70,8.70,53.12,73.35,75.35
7.46,7.46,52.26,70.25,73.88
10.63,10.63,54.43,74.80,74.50
12.57,12.57,50.54,69.22,74.33
13.15,13.15,54.35,73.10,72.45
13.61,13.61,49.21,67.14,74.49
12.46,12.46,44.61,60.85,72.12
13.65,13.65,46.21,54.96,72.08
11.76,11.76,49.40,49.16,73.90
8.08,8.08,54.04,44.82,75.81
9.21,9.21,61.80,56.45,77.30
9.52,9.52,61.72,67.84,77.95
6.32,6.32,64.75,75.70,78.70
5.80,5.80,66.48,67.22,76.51
5.51,5.51,61.33,72.39,76.77
3.72,3.72,66.18,73.34,77.25
5.69,5.69,62.99,69.36,74.11
9.86,9.86,64.24,76.45,73.75
12.96,12.96,61.54,66.32,72.22
16.25,16.25,63.00,72.60,73.92
19.34,19.34,50.58,66.80,75.02
16.74,16.74,48.74,60.88,75.15
12.01,12.01,49.10,50.85,73.14
8.79,8.79,53.22,46.69,75.01
9.72,9.72,54.47,54.22,74.69
13.46,13.46,60.69,61.68,77.18
15.32,15.32,65.42,72.78,76.56
5.02,5.02,70.11,75.35,78.66
6.60,6.60,65.02,66.61,77.96
0.94,0.94,64.43,74.30,77.64
0.48,0.48,63.26,70.77,77.50
0.94,0.94,60.61,71.66,74.89
5.33,5.33,61.88,76.46,74.58
11.94,11.94,54.05,73.59,75.94
14.66,14.66,48.92,74.75,73.39
16.72,16.72,49.94,69.87,74.92
16.29,16.29,48.41,57.56,74.36
13.12,13.12,47.83,58.44,73.14
7.52,7.52,53.87,57.86,72.74
4.43,4.43,57.66,55.86,68.63
2.69,2.69,62.11,63.68,75.34
0.12,0.12,63.24,71.71,75.60
0.03,0.03,65.85,77.12,77.12
0.29,0.29,65.48,64.45,76.88
2.86,2.86,63.43,74.12,77.81
2.13,2.13,64.79,69.44,76.07
12.39,12.39,67.27,67.50,77.35
12.97,12.97,66.48,71.30,77.69
7.06,7.06,64.29,76.78,77.82
0.93,0.93,52.40,72.71,78.52
2.08,2.08,51.40,69.91,78.49
4.91,4.91,54.62,76.88,78.66
5.18,5.18,60.29,70.15,77.49
7.10,7.10,55.14,76.98,75.96
4.03,4.03,51.85,67.00,73.64
4.61,4.61,58.11,62.40,76.27
4.33,4.33,62.28,67.12,76.41
2.38,2.38,62.82,73.92,76.44
1.00,1.00,68.78,66.73,78.22
2.18,2.18,70.05,73.50,78.05
4.58,4.58,66.20,70.71,76.18
4.50,4.50,65.37,70.14,75.11
2.97,2.97,55.83,65.41,75.14
7.47,7.47,56.69,73.37,78.16
10.66,10.66,55.64,71.72,77.15
11.98,11.98,66.98,76.30,78.05
3.72,3.72,68.43,77.14,77.35
0.11,0.11,59.74,70.51,76.32
0.20,0.20,64.89,79.87,75.94
5.62,5.62,64.68,73.45,74.18
13.36,13.36,62.46,74.91,75.92
16.16,16.16,61.35,74.75,77.94
20.02,20.02,68.99,68.14,77.01
6.63,6.63,70.18,65.28,79.24
3.03,3.03,63.05,61.12,79.33
3.68,3.68,69.26,57.66,77.81
1.90,1.90,66.31,57.01,75.70
1.51,1.51,68.29,57.15,73.56
3.70,3.70,63.34,68.54,75.51
7.28,7.28,60.87,70.08,75.86
11.04,11.04,59.54,72.84,75.71
11.83,11.83,54.44,71.74,74.50
11.56,11.56,54.02,66.68,74.34
14.16,14.16,60.07,75.38,72.37
12.26,12.26,58.77,64.62,72.28
10.51,10.51,54.06,72.86,74.01
9.61,9.61,53.69,72.55,74.95
11.06,11.06,52.49,65.35,74.11
11.96,11.96,59.82,64.89,74.06
14.36,14.36,58.84,53.02,73.26
13.83,13.83,50.63,54.75,72.93
11.32,11.32,51.54,48.90,71.95
13.00,13.00,57.19,51.16,71.99
8.56,8.56,60.76,69.83,76.92
6.54,6.54,63.93,69.11,77.81
8.40,8.40,66.51,73.98,75.79
15.67,15.67,62.94,74.36,76.85
14.46,14.46,62.64,70.09,77.44
3.97,3.97,64.29,73.87,76.82
5.18,5.18,59.32,69.26,73.78
10.46,10.46,58.60,71.43,73.88
16.69,16.69,55.64,75.64,73.28
19.09,19.09,49.05,64.61,73.27
17.04,17.04,51.77,68.01,70.83
15.77,15.77,52.32,59.46,70.48
12.17,12.17,52.50,54.97,69.78
7.64,7.64,54.69,51.38,69.51
10.96,10.96,58.73,51.23,70.46
15.00,15.00,65.51,69.74,76.54
12.57,12.57,65.63,64.22,75.83
4.33,4.33,67.68,73.63,76.33
0.29,0.29,66.64,72.37,77.30
0.33,0.33,64.83,65.01,77.32
0.66,0.66,59.51,74.74,75.52
3.58,3.58,59.90,68.54,74.39
7.83,7.83,54.86,70.48,72.59
11.89,11.89,52.38,70.61,74.48
14.93,14.93,51.86,75.41,74.91
14.12,14.12,52.98,69.32,73.57
12.58,12.58,50.17,74.96,74.32
11.37,11.37,50.07,72.64,74.00
13.94,13.94,49.23,72.62,69.42
14.85,14.85,50.26,74.12,72.46
16.67,16.67,48.93,70.34,71.73
21.93,21.93,52.16,74.61,71.67
23.40,23.40,50.70,69.86,70.82
23.03,23.03,47.30,61.69,70.75
22.70,22.70,48.58,59.98,71.18
18.94,18.94,50.95,54.04,68.10
13.01,13.01,54.03,56.75,67.54
9.14,9.14,64.99,63.65,75.77
2.02,2.02,62.72,68.56,76.16
2.60,2.60,65.80,73.96,77.10
13.18,13.18,66.11,59.68,77.85
11.11,11.11,62.11,77.02,78.13
12.69,12.69,65.53,74.84,77.54
7.11,7.11,63.03,73.08,73.01
5.14,5.14,66.62,77.17,73.85
2.11,2.11,70.54,68.33,73.06
1.37,1.37,70.03,72.33,72.51
1.45,1.45,66.30,65.68,73.25
2.29,2.29,66.46,62.15,73.27
0.54,0.54,62.26,57.80,73.84
0.52,0.52,61.12,50.31,72.42
3.20,3.20,59.93,51.62,71.61
10.86,10.86,65.38,64.71,74.39
15.03,15.03,68.39,70.48,76.08
10.83,10.83,70.81,77.14,76.83
0.62,0.62,63.19,66.96,78.16
0.87,0.87,64.11,75.03,77.86
0.94,0.94,72.29,74.84,76.74
4.30,4.30,70.60,71.64,74.43
4.23,4.23,70.78,78.45,75.81
3.78,3.78,73.95,74.08,75.15
0.22,0.22,69.14,72.71,73.36
0.01,0.01,66.95,66.31,75.12
0.00,0.00,65.75,58.76,72.03
-0.00,-0.00,65.05,60.62,73.68
0.00,0.00,64.28,52.88,70.83
2.44,2.44,62.98,53.22,70.51
9.88,9.88,72.78,65.87,75.98
2.41,2.41,70.36,73.86,76.39
0.17,0.17,69.62,76.75,77.88
0.99,0.99,64.16,67.46,76.04
2.52,2.52,62.79,77.00,77.31
2.38,2.38,66.22,70.92,77.33
-0.00,-0.00,68.43,71.55,77.41
-0.00,-0.00,66.03,73.28,77.56
-0.00,-0.00,62.69,76.20,76.65
-0.00,-0.00,55.86,74.38,77.41
-0.00,-0.00,56.44,69.87,77.72
-0.00,-0.00,58.49,74.30,77.85
-0.00,-0.00,60.46,68.14,77.11
-0.00,-0.00,59.88,76.37,74.57
-0.00,-0.00,61.69,66.21,71.52
-0.00,-0.00,74.87,63.77,74.92
-0.00,-0.00,72.79,69.40,77.60
0.18,0.18,70.20,75.55,76.46
0.24,0.24,68.73,63.11,75.89
0.05,0.05,70.20,78.24,77.38
0.05,0.05,66.83,73.47,76.15
-0.00,-0.00,66.42,69.08,71.81
-0.00,-0.00,68.82,70.04,72.69
-0.00,-0.00,73.61,75.75,75.08
-0.00,-0.00,72.58,71.09,76.64
-0.00,-0.00,69.72,74.75,76.01
-0.00,-0.00,66.86,75.45,75.73
-0.00,-0.00,64.94,70.60,77.56
0.00,0.00,67.09,77.98,76.34
-0.00,-0.00,66.91,71.34,73.10
0.63,0.63,66.49,75.36,75.07
4.51,4.51,69.18,76.26,76.83
4.58,4.58,70.71,70.39,78.13
10.76,10.76,72.16,64.25,77.26
12.08,12.08,62.95,59.75,76.91
11.85,11.85,68.83,55.33,76.66
4.08,4.08,66.34,56.93,74.52
7.67,7.67,68.35,55.22,73.12
5.44,5.44,71.57,72.01,74.40
2.85,2.85,72.67,72.29,74.98
0.49,0.49,72.52,74.42,73.85
0.83,0.83,66.88,68.45,74.06
0.64,0.64,69.34,76.54,73.66
0.06,0.06,73.12,65.45,71.66
0.05,0.05,75.43,72.41,72.15
0.04,0.04,70.50,68.65,71.60
0.06,0.06,66.09,77.33,72.14
1.14,1.14,68.50,67.84,71.77
1.76,1.76,66.21,63.75,72.12
3.57,3.57,66.01,62.22,71.86
4.15,4.15,64.45,54.50,70.21
11.67,11.67,65.68,53.45,67.89
6.78,6.78,68.02,53.62,68.30
0.08,0.08,74.25,74.82,70.39
0.03,0.03,71.93,69.72,69.35
2.05,2.05,67.71,79.00,71.04
7.61,7.61,67.40,69.73,70.77
3.55,3.55,66.65,74.91,70.89
0.76,0.76,65.21,70.90,68.52
0.60,0.60,63.92,77.42,69.72
0.32,0.32,64.68,73.83,68.11
0.21,0.21,62.78,76.39,69.40
0.02,0.02,61.13,71.15,69.52
0.59,0.59,60.86,66.69,68.77
1.45,1.45,60.77,59.33,69.09
1.81,1.81,59.41,54.65,69.67
1.73,1.73,60.28,59.97,68.42
6.46,6.46,63.96,61.21,67.48
11.11,11.11,73.41,75.96,70.34
13.58,13.58,70.61,68.06,71.23
2.80,2.80,71.91,78.97,72.02
1.25,1.25,61.82,69.34,69.06
5.91,5.91,69.79,74.23,69.69
8.89,8.89,74.25,73.38,65.85
7.91,7.91,76.50,77.73,67.49
4.89,4.89,70.69,76.33,68.53
2.68,2.68,65.13,73.41,70.90
13.66,13.66,61.63,66.87,71.65
13.61,13.61,64.94,75.90,71.41
16.56,16.56,62.36,66.62,70.34
7.37,7.37,61.91,77.47,70.39
5.04,5.04,63.37,68.06,68.41
11.74,11.74,69.13,76.64,68.26
8.50,8.50,77.20,64.10,68.58
10.53,10.53,74.13,77.59,68.73
9.38,9.38,70.45,66.54,70.39
13.22,13.22,69.34,61.68,68.91
14.36,14.36,66.86,52.92,69.89
16.17,16.17,65.36,49.25,69.08
14.29,14.29,64.02,57.11,67.39
6.01,6.01,63.50,66.58,68.43
4.34,4.34,60.23,70.19,71.71
4.91,4.91,59.45,70.84,72.26
11.63,11.63,58.82,67.92,72.48
4.20,4.20,57.66,70.56,71.60
0.92,0.92,56.37,72.06,70.25
0.99,0.99,59.46,69.89,69.51
4.07,4.07,63.68,72.95,69.26
15.15,15.15,70.89,77.41,69.80
8.75,8.75,71.82,74.88,69.55
9.44,9.44,72.23,63.38,68.04
4.02,4.02,67.34,69.63,69.67
3.57,3.57,71.01,60.37,69.04
5.47,5.47,73.38,59.03,68.76
5.11,5.11,77.29,56.18,63.77
8.72,8.72,70.61,70.51,68.41
13.15,13.15,64.25,69.89,70.54
8.17,8.17,62.84,70.94,70.52
5.40,5.40,67.34,71.85,71.47
3.18,3.18,62.47,71.02,70.97
5.41,5.41,63.08,76.48,69.81
1.75,1.75,62.68,70.98,69.65
0.40,0.40,68.09,76.97,69.73
1.35,1.35,74.96,71.40,69.62
1.77,1.77,72.29,76.91,69.33
2.66,2.66,68.47,64.79,69.59
1.04,1.04,66.68,55.73,70.50
0.62,0.62,63.48,53.47,68.92
2.26,2.26,62.49,52.87,68.84
3.04,3.04,60.97,55.09,65.87
3.17,3.17,70.54,65.55,70.22
5.97,5.97,71.54,70.31,69.57
9.13,9.13,73.36,72.31,69.68
10.12,10.12,71.59,76.09,69.69
12.71,12.71,65.31,76.82,68.70
12.61,12.61,71.94,80.10,69.26
15.15,15.15,75.40,74.50,67.35
8.17,8.17,73.80,72.93,66.96
9.16,9.16,70.87,69.16,69.09
10.28,10.28,63.67,69.87,69.54
12.27,12.27,63.84,71.73,73.92
14.19,14.19,62.77,71.86,69.03
22.02,22.02,60.51,71.35,71.34
22.73,22.73,60.69,72.14,66.40
16.44,16.44,63.48,65.63,65.51
11.65,11.65,67.48,73.90,70.35
8.63,8.63,67.84,71.02,69.46
11.92,11.92,73.05,65.42,69.57
13.01,13.01,69.32,77.39,70.28
14.02,14.02,67.44,72.63,69.31
11.96,11.96,73.49,74.30,69.90
9.58,9.58,77.28,74.24,64.76
8.67,8.67,75.67,74.56,65.94
13.45,13.45,76.04,79.17,71.44
4.35,4.35,73.31,70.07,69.50
5.59,5.59,68.43,75.90,71.91
14.19,14.19,66.47,68.59,72.91
13.95,13.95,65.39,76.98,71.99
8.07,8.07,64.58,69.99,70.07
4.77,4.77,61.83,73.13,69.89
2.91,2.91,61.15,72.27,71.31
2.03,2.03,58.87,76.39,70.79
6.18,6.18,57.37,73.93,70.73
9.96,9.96,54.31,67.87,71.63
6.03,6.03,53.56,58.94,73.01
5.64,5.64,52.06,48.06,73.09
5.50,5.50,52.33,52.28,71.63
6.95,6.95,60.76,55.46,72.08
6.12,6.12,77.84,74.88,71.82
7.65,7.65,69.49,72.18,70.78
14.20,14.20,69.69,73.36,70.79
15.84,15.84,66.86,71.89,69.96
8.22,8.22,69.22,70.28,69.92
2.11,2.11,73.86,73.58,70.47
4.00,4.00,77.63,72.49,68.23
9.70,9.70,71.82,77.70,71.45
8.61,8.61,65.06,69.15,71.29
6.49,6.49,65.62,73.58,70.76
3.52,3.52,63.49,59.47,70.21
2.54,2.54,64.04,60.92,69.04
0.93,0.93,61.80,52.38,68.45
3.16,3.16,64.50,48.71,65.96
13.31,13.31,66.92,56.00,64.74
16.93,16.93,76.68,72.80,67.94
13.60,13.60,73.70,65.62,69.26
13.24,13.24,70.06,76.53,69.82
11.59,11.59,69.25,70.73,71.29
7.26,7.26,67.41,74.11,70.17
9.95,9.95,64.18,68.69,68.90
8.31,8.31,62.64,72.93,70.29
3.92,3.92,59.92,71.96,69.20
6.57,6.57,59.48,67.36,68.80
8.55,8.55,58.27,73.57,69.50
8.74,8.74,57.12,56.37,67.88
10.77,10.77,57.03,60.06,67.83
10.74,10.74,54.80,50.14,68.79
8.84,8.84,54.26,51.85,66.84
6.74,6.74,59.35,50.50,65.37
2.65,2.65,73.22,68.82,71.36
2.37,2.37,69.22,68.56,69.24
12.29,12.29,72.73,76.85,73.04
13.65,13.65,68.21,69.84,75.12
8.20,8.20,68.91,72.07,72.17
9.38,9.38,74.95,73.00,72.54
8.23,8.23,77.38,72.25,70.80
9.04,9.04,70.55,73.74,74.40
13.36,13.36,61.94,67.29,72.36
13.14,13.14,62.62,75.86,72.49
4.93,4.93,61.35,69.80,69.62
0.49,0.49,61.97,77.72,71.64
1.24,1.24,60.27,65.71,69.69
0.75,0.75,62.77,77.51,70.77
0.16,0.16,67.51,65.07,68.43
7.41,7.41,74.97,72.88,69.20
11.77,11.77,73.54,72.73,68.35
19.17,19.17,71.13,68.35,69.69
12.06,12.06,70.25,63.93,69.48
12.87,12.87,67.69,50.71,70.33
8.83,8.83,66.06,51.93,68.28
4.94,4.94,64.54,55.81,67.29
4.56,4.56,64.96,61.30,71.10
9.28,9.28,64.29,71.43,72.00
13.93,13.93,61.20,71.26,72.44
6.02,6.02,58.49,68.28,70.50
6.80,6.80,56.51,74.50,71.29
9.19,9.19,55.91,65.71,69.14
11.32,11.32,59.27,76.10,71.24
9.03,9.03,62.34,61.44,68.45
7.96,7.96,75.67,77.36,71.75
3.75,3.75,69.09,69.07,69.29
11.65,11.65,70.62,70.19,69.33
5.76,5.76,66.92,58.38,69.52
6.42,6.42,69.52,59.33,68.65
5.69,5.69,71.82,59.93,69.03
4.13,4.13,75.25,62.18,62.83
6.30,6.30,71.33,71.46,69.87
17.75,17.75,66.63,69.86,71.04
13.59,13.59,64.31,74.44,71.22
12.37,12.37,62.65,73.74,70.72
13.47,13.47,62.12,79.24,70.23
4.70,4.70,63.47,68.02,68.14
5.51,5.51,64.67,78.08,67.13
11.73,11.73,68.22,67.60,67.20
12.83,12.83,75.63,76.41,68.07
16.22,16.22,73.08,67.83,67.45
15.84,15.84,71.32,66.61,69.82
16.18,16.18,68.58,60.96,68.03
11.45,11.45,66.75,57.22,69.28
5.82,5.82,65.34,47.69,69.47
2.42,2.42,63.07,51.56,66.18
2.52,2.52,72.10,68.32,71.54
0.49,0.49,71.03,69.64,70.59
1.12,1.12,70.89,76.14,72.38
5.56,5.56,66.63,69.74,71.74
4.78,4.78,70.49,76.27,72.81
7.94,7.94,70.84,69.58,71.95
5.99,5.99,75.49,73.99,72.24
7.44,7.44,74.74,71.20,72.29
9.96,9.96,69.00,70.24,75.19
9.16,9.16,67.52,66.35,73.04
8.07,8.07,64.44,75.14,72.20
9.21,9.21,62.00,63.48,70.64
6.90,6.90,62.24,71.40,71.94
7.76,7.76,61.78,69.70,70.56
6.24,6.24,62.43,70.35,72.09
7.38,7.38,71.59,69.50,72.16
9.30,9.30,70.27,68.66,71.62
13.57,13.57,70.68,74.29,71.43
16.71,16.71,67.08,65.95,70.61
17.33,17.33,69.95,74.83,71.75
16.07,16.07,70.44,68.21,70.33
11.21,11.21,77.32,67.58,70.15
9.94,9.94,74.63,72.79,69.90
6.21,6.21,74.93,73.39,67.77
1.10,1.10,72.56,67.90,68.19
2.04,2.04,70.84,76.68,69.65
9.34,9.34,68.83,69.06,68.53
18.12,18.12,67.13,73.79,69.53
9.04,9.04,66.18,70.25,69.81
8.56,8.56,64.23,71.56,69.46
3.85,3.85,61.62,68.26,70.11
3.18,3.18,59.10,65.04,69.01
7.02,7.02,58.17,73.40,70.19
9.22,9.22,57.47,60.39,70.61
8.43,8.43,55.71,59.35,71.23
9.79,9.79,54.42,47.86,70.67
8.67,8.67,56.58,53.26,69.24
11.66,11.66,61.60,61.70,70.35
18.30,18.30,78.44,76.89,71.16
22.40,22.40,72.42,72.57,70.43
22.75,22.75,72.07,74.81,68.65
17.68,17.68,66.12,74.89,71.05
13.67,13.67,70.44,71.82,70.86
7.55,7.55,73.94,77.55,69.16
10.58,10.58,76.10,68.28,69.23
10.33,10.33,72.45,74.08,69.85
5.17,5.17,65.07,77.87,71.96
7.53,7.53,63.68,69.10,69.66
8.91,8.91,62.58,66.31,69.15
7.11,7.11,61.07,59.47,68.37
8.89,8.89,62.24,54.76,68.87
8.12,8.12,63.73,50.54,65.83
3.70,3.70,66.93,61.70,64.65
1.44,1.44,77.16,72.45,69.34
2.11,2.11,74.93,70.62,69.09
3.16,3.16,71.70,72.35,69.29
8.83,8.83,69.62,76.20,72.52
12.72,12.72,67.60,66.67,70.40
3.89,3.89,64.30,76.06,70.17
3.24,3.24,62.61,70.65,69.78
4.39,4.39,60.49,72.32,69.83
4.43,4.43,57.88,74.53,70.01
4.89,4.89,57.13,63.23,69.09
5.16,5.16,55.95,65.44,69.66
6.11,6.11,55.78,50.22,68.65
7.50,7.50,54.51,42.43,68.04
6.32,6.32,56.59,53.15,66.88
10.11,10.11,61.95,57.09,65.46
4.16,4.16,77.43,73.60,71.02
2.56,2.56,70.87,73.00,69.66
0.58,0.58,72.56,73.84,69.64
0.74,0.74,67.76,73.45,69.23
8.72,8.72,71.36,72.75,67.26
9.50,9.50,74.99,71.18,68.97
3.78,3.78,76.88,73.47,70.74
4.07,4.07,70.18,71.63,72.18
5.66,5.66,62.98,68.87,72.86
5.53,5.53,62.68,74.32,72.94
8.02,8.02,63.92,68.95,70.78
10.81,10.81,62.31,70.79,71.48
9.85,9.85,60.25,71.57,71.73
5.74,5.74,61.72,69.57,69.10
1.15,1.15,70.67,75.31,68.63
3.22,3.22,76.50,70.66,69.56
5.48,5.48,73.57,71.30,68.50
6.99,6.99,71.02,67.51,69.28
9.85,9.85,69.79,52.19,68.87
17.87,17.87,67.40,45.48,69.48
4.53,4.53,65.09,52.33,69.04
3.23,3.23,63.77,51.04,70.66
3.72,3.72,63.42,63.64,71.26
2.04,2.04,61.98,70.52,71.04
5.43,5.43,60.83,76.47,70.09
8.44,8.44,59.53,64.95,69.91
3.53,3.53,57.89,77.17,69.07
5.02,5.02,56.66,61.72,68.41
2.53,2.53,59.49,74.33,69.90
8.31,8.31,67.12,68.98,68.95
9.60,9.60,73.52,72.50,70.11
3.65,3.65,67.25,72.46,68.83
4.29,4.29,70.88,57.54,68.54
6.86,6.86,65.81,62.75,68.67
8.58,8.58,70.58,54.56,64.28
8.73,8.73,71.50,58.67,65.18
8.52,8.52,75.14,66.53,68.65
7.87,7.87,73.49,73.99,71.10
8.56,8.56,65.74,74.38,71.85
13.64,13.64,63.66,76.80,70.89
6.78,6.78,63.17,69.46,70.30
5.17,5.17,62.84,78.91,71.38
5.12,5.12,62.19,73.28,70.61
4.48,4.48,62.55,74.30,69.23
1.93,1.93,69.66,75.87,67.71
7.50,7.50,76.94,73.35,67.23
15.99,15.99,75.08,77.66,69.17
18.35,18.35,70.97,65.51,66.38
15.74,15.74,69.92,63.44,68.22
14.13,14.13,67.68,51.88,65.48
14.41,14.41,65.59,48.86,68.37
7.64,7.64,64.92,56.10,68.93
5.53,5.53,74.07,66.89,71.38
12.43,12.43,71.55,69.13,68.70
13.47,13.47,73.02,70.26,69.48
9.03,9.03,70.83,71.80,69.08
9.78,9.78,65.39,73.18,68.18
9.26,9.26,72.31,73.08,72.28
10.44,10.44,76.30,64.32,69.23
9.97,9.97,74.04,62.54,68.46
12.02,12.02,68.73,74.48,72.88
4.08,4.08,65.65,65.66,72.04
7.09,7.09,65.23,73.27,74.18
18.27,18.27,65.27,70.59,78.10
19.81,19.81,62.50,66.31,79.37
16.88,16.88,61.99,75.19,79.64
17.92,17.92,60.76,62.93,72.20
11.66,11.66,63.39,65.81,71.32
11.50,11.50,67.34,63.41,68.80
16.30,16.30,73.72,76.53,70.27
16.19,16.19,70.99,72.46,68.32
14.72,14.72,67.22,79.69,73.50
14.69,14.69,74.04,76.80,73.06
12.44,12.44,76.29,70.04,69.16
7.06,7.06,75.70,64.90,70.21
5.66,5.66,76.37,74.07,68.40
1.26,1.26,74.08,67.25,70.31
0.38,0.38,71.75,74.05,69.88
0.66,0.66,69.16,73.55,68.93
4.03,4.03,68.15,69.20,69.56
4.57,4.57,66.59,77.61,68.49
3.11,3.11,66.43,65.99,67.96
5.83,5.83,63.90,75.75,69.04
8.52,8.52,60.41,70.74,69.18
10.53,10.53,56.38,68.81,68.46
14.16,14.16,57.65,64.03,68.10
10.19,10.19,58.94,55.76,67.67
12.23,12.23,56.17,50.45,59.36
12.11,12.11,53.73,43.10,52.30
9.48,9.48,62.47,53.52,62.44
7.12,7.12,78.41,74.00,71.36
9.62,9.62,69.44,68.44,69.61
7.05,7.05,69.65,75.85,70.56
2.61,2.61,67.90,71.45,70.84
7.06,7.06,71.08,76.58,68.98
6.05,6.05,72.55,68.18,69.67
1.35,1.35,76.20,75.01,68.90
1.51,1.51,70.65,74.78,69.78
5.52,5.52,63.55,65.16,70.25
9.22,9.22,63.68,72.93,69.25
12.33,12.33,62.40,61.23,68.62
11.86,11.86,61.70,63.28,69.07
13.93,13.93,59.77,47.80,68.85
15.11,15.11,62.55,50.86,66.22
11.42,11.42,64.91,56.46,65.03
13.50,13.50,76.92,74.44,68.41
11.42,11.42,75.77,68.47,69.32
7.97,7.97,70.48,77.55,68.87
13.01,13.01,69.20,72.40,69.89
10.14,10.14,66.89,75.46,69.16
9.42,9.42,64.54,72.26,69.30
6.20,6.20,63.21,72.94,68.96
1.74,1.74,61.08,74.15,68.60
1.64,1.64,61.08,70.26,67.12
2.71,2.71,59.87,75.01,68.75
5.96,5.96,58.00,58.87,67.26
9.72,9.72,55.86,53.67,68.15
8.72,8.72,53.99,48.61,67.76
8.23,8.23,56.76,47.56,67.18
5.17,5.17,60.10,54.65,65.01
7.41,7.41,76.14,71.80,69.42
12.87,12.87,71.81,67.74,70.63
10.12,10.12,71.17,76.27,69.75
10.85,10.85,67.73,73.22,68.78
10.60,10.60,70.59,71.33,67.06
12.02,12.02,71.91,67.52,66.71
11.26,11.26,76.31,73.70,67.34
15.31,15.31,73.05,69.93,69.08
9.00,9.00,65.97,72.40,71.25
7.17,7.17,63.89,76.89,71.69
2.08,2.08,63.32,69.93,72.04
4.76,4.76,63.31,78.72,71.08
1.09,1.09,62.72,71.00,69.81
0.34,0.34,64.39,78.51,68.64
1.46,1.46,67.94,72.37,68.72
11.04,11.04,75.47,77.59,69.00
11.24,11.24,75.15,74.09,67.65
5.74,5.74,73.34,72.23,69.73
14.76,14.76,71.45,62.19,68.41
12.03,12.03,69.79,56.64,67.52
10.18,10.18,67.09,55.52,68.40
8.80,8.80,65.15,52.45,65.37
10.12,10.12,65.66,66.36,67.98
12.29,12.29,63.67,70.95,71.06
11.32,11.32,60.58,74.26,72.41
10.92,10.92,58.44,69.50,71.49
9.76,9.76,56.50,73.86,70.85
12.61,12.61,56.06,67.97,70.06
6.71,6.71,61.23,72.76,71.12
5.57,5.57,64.14,66.85,69.50
1.94,1.94,71.44,71.87,71.21
0.69,0.69,67.98,66.46,69.88
3.92,3.92,72.80,70.13,70.54
4.05,4.05,65.04,65.28,69.69
2.03,2.03,70.38,63.65,69.73
2.52,2.52,74.51,49.62,67.57
6.94,6.94,76.94,57.97,64.69
10.56,10.56,71.07,70.00,68.85
12.05,12.05,66.95,71.70,70.15
4.96,4.96,64.12,71.91,70.41
3.23,3.23,64.49,74.37,70.42
4.56,4.56,62.18,74.55,70.36
14.42,14.42,61.38,72.42,68.78
14.11,14.11,61.13,74.72,69.65
9.05,9.05,67.74,71.75,69.61
14.91,14.91,77.35,76.38,68.83
14.89,14.89,73.76,70.37,67.97
8.96,8.96,70.90,68.46,67.57
10.07,10.07,69.82,55.96,69.42
16.10,16.10,68.47,54.70,69.33
7.43,7.43,65.02,53.76,68.77
10.18,10.18,64.75,55.80,63.89
1.79,1.79,71.59,62.65,68.30
3.68,3.68,70.97,67.02,68.57
12.04,12.04,68.43,73.33,69.02
10.62,10.62,67.37,69.11,69.92
10.81,10.81,70.12,74.02,71.25
8.69,8.69,69.48,67.50,73.99
8.87,8.87,75.75,73.48,71.56
7.01,7.01,73.76,65.43,73.96
8.58,8.58,69.05,75.76,75.72
11.99,11.99,65.63,64.08,72.83
9.50,9.50,65.58,78.91,72.20
1.94,1.94,62.22,69.68,72.69
0.96,0.96,61.69,75.18,68.39
2.11,2.11,59.63,64.91,71.81
2.59,2.59,60.52,64.39,68.27
5.90,5.90,71.85,72.76,72.32
10.54,10.54,69.73,71.30,69.89
12.27,12.27,67.90,72.93,71.72
15.65,15.65,68.20,76.06,72.37
20.36,20.36,67.31,72.42,78.00
18.75,18.75,72.56,69.71,77.09
15.11,15.11,75.93,69.27,77.51
14.72,14.72,74.06,66.59,73.51
14.25,14.25,76.60,72.82,69.38
13.01,13.01,73.98,66.24,69.59
15.19,15.19,71.57,78.32,68.86
8.88,8.88,69.53,69.40,69.36
0.35,0.35,67.00,77.48,69.58
0.00,0.00,65.60,68.71,68.13
0.09,0.09,63.12,77.36,69.39
0.94,0.94,61.87,65.61,68.14
1.44,1.44,60.29,75.85,68.59
6.70,6.70,60.82,59.90,67.62
8.48,8.48,59.22,68.94,68.30
12.95,12.95,55.89,54.79,68.68
9.24,9.24,53.35,50.74,68.00
6.36,6.36,58.43,52.72,67.42
5.01,5.01,60.93,59.24,65.11
9.75,9.75,74.12,71.69,69.68
7.27,7.27,71.81,68.56,70.73
2.44,2.44,73.41,73.76,71.23
0.65,0.65,67.29,68.29,70.37
1.42,1.42,70.33,77.28,70.48
9.15,9.15,75.04,68.40,69.90
10.30,10.30,77.85,71.86,69.09
11.24,11.24,70.67,65.93,70.89
11.06,11.06,64.22,75.12,69.34
14.88,14.88,64.02,67.78,69.34
12.06,12.06,63.53,63.11,69.21
11.39,11.39,62.67,58.78,68.49
14.78,14.78,60.40,58.62,68.35
3.76,3.76,62.71,55.77,65.98
6.10,6.10,66.10,59.09,64.03
14.03,14.03,76.44,74.34,69.24
6.47,6.47,74.74,65.99,69.24
3.67,3.67,69.95,78.96,69.40
9.06,9.06,68.37,71.45,70.04
18.16,18.16,65.17,76.60,70.56
8.55,8.55,63.91,72.15,69.16
1.98,1.98,61.43,76.51,70.51
0.97,0.97,59.21,73.46,68.77
0.98,0.98,58.67,75.91,69.63
7.15,7.15,58.37,71.64,67.43
12.78,12.78,57.64,66.64,68.11
10.66,10.66,55.39,60.19,68.83
4.70,4.70,54.82,50.27,68.68
4.14,4.14,55.48,47.52,66.45
5.51,5.51,62.01,53.15,64.53
8.19,8.19,76.79,70.72,71.11
7.33,7.33,70.21,64.12,68.51
3.83,3.83,72.08,76.85,71.44
0.80,0.80,64.38,71.99,70.33
4.53,4.53,70.95,75.33,68.57
6.86,6.86,73.93,71.79,68.30
7.19,7.19,75.82,68.08,65.69
8.30,8.30,71.69,69.55,71.32
6.23,6.23,67.38,71.53,71.69
10.91,10.91,62.32,71.17,71.27
3.41,3.41,63.54,73.72,69.46
1.38,1.38,61.36,69.09,70.70
2.60,2.60,62.90,77.10,70.54
4.59,4.59,62.71,67.01,68.03
2.83,2.83,68.59,77.52,68.81
0.22,0.22,75.74,68.92,69.31
0.01,0.01,73.17,77.85,68.78
0.00,0.00,70.84,63.90,69.16
2.25,2.25,71.23,59.32,69.86
7.62,7.62,67.73,53.74,70.63
6.55,6.55,64.26,52.51,68.47
5.86,5.86,62.79,52.43,64.75
2.12,2.12,65.78,64.20,66.72
4.73,4.73,65.03,69.25,71.02
8.97,8.97,61.56,76.01,71.55
9.75,9.75,60.07,72.79,70.50
6.42,6.42,56.44,71.53,70.66
3.37,3.37,56.69,72.62,70.53
4.09,4.09,59.44,69.50,69.77
6.86,6.86,64.75,74.78,69.55
8.61,8.61,72.16,76.69,69.59
8.40,8.40,72.34,74.66,69.09
10.32,10.32,71.87,68.27,68.45
9.32,9.32,67.23,70.64,69.73
6.53,6.53,67.89,63.24,69.54
8.04,8.04,73.62,55.08,68.58
5.95,5.95,77.17,58.49,64.81
1.31,1.31,72.22,70.82,68.75
0.41,0.41,66.21,72.25,70.49
4.23,4.23,63.73,71.41,71.73
6.05,6.05,64.65,73.09,70.67
2.74,2.74,63.05,64.84,70.54
3.79,3.79,63.60,75.80,71.19
3.30,3.30,63.01,69.60,69.31
1.19,1.19,67.92,76.65,70.14
0.40,0.40,75.13,70.46,68.22
1.32,1.32,73.36,75.40,69.13
2.78,2.78,69.02,67.10,69.15
0.71,0.71,68.81,66.35,69.47
2.46,2.46,67.96,58.62,69.95
1.81,1.81,65.25,54.67,68.73
1.75,1.75,64.44,51.75,66.34
3.96,3.96,71.20,62.39,69.84
2.66,2.66,72.29,68.13,70.86
3.37,3.37,74.10,67.94,69.62
5.17,5.17,69.29,76.66,69.73
8.16,8.16,64.38,70.69,68.97
8.41,8.41,72.57,75.04,71.69
10.45,10.45,76.63,72.69,67.91
10.34,10.34,74.01,70.79,68.25
14.32,14.32,67.62,75.53,72.04
13.31,13.31,62.26,68.44,69.72
17.08,17.08,64.66,75.51,72.18
11.86,11.86,63.68,67.84,71.52
14.47,14.47,61.63,77.63,71.28
18.23,18.23,60.84,70.20,68.51
14.25,14.25,59.02,73.84,69.45
13.57,13.57,71.35,69.05,71.18
6.20,6.20,64.24,63.15,70.23
7.80,7.80,74.42,64.78,69.47
11.78,11.78,71.03,72.42,70.78
12.32,12.32,65.98,67.04,69.66
14.15,14.15,71.97,71.24,66.16
12.26,12.26,78.01,71.16,65.25
10.45,10.45,74.55,72.06,67.25
8.57,8.57,76.93,77.85,70.35
7.63,7.63,74.49,73.29,69.82
6.21,6.21,71.34,78.96,71.12
1.90,1.90,70.39,71.39,72.56
1.91,1.91,68.28,76.81,72.58
2.09,2.09,66.83,72.36,72.79
1.40,1.40,64.71,76.42,73.61
0.50,0.50,62.35,71.35,71.33
1.45,1.45,61.82,76.57,70.62
0.63,0.63,61.11,75.56,71.31
8.82,8.82,60.12,69.26,70.35
9.21,9.21,56.21,53.95,70.38
3.63,3.63,55.92,49.34,71.42
1.30,1.30,57.69,49.68,71.97
1.03,1.03,63.19,51.75,69.89
2.03,2.03,77.60,73.27,71.29
1.20,1.20,70.09,70.89,70.35
0.54,0.54,69.73,77.51,69.65
1.09,1.09,67.45,68.13,70.73
2.79,2.79,69.65,68.70,70.47
9.22,9.22,72.37,73.26,69.97
10.61,10.61,76.55,74.53,70.04
7.20,7.20,73.05,78.13,73.49
9.74,9.74,64.17,69.74,74.03
12.58,12.58,62.80,75.84,73.37
7.24,7.24,63.18,61.42,71.46
1.69,1.69,62.99,58.84,71.48
7.93,7.93,61.42,54.09,70.31
10.88,10.88,62.26,53.01,68.59
12.84,12.84,64.95,60.62,65.10
7.29,7.29,76.87,75.19,69.97
2.92,2.92,74.26,61.24,68.57
1.63,1.63,68.90,77.32,70.51
3.52,3.52,67.91,68.99,70.54
1.71,1.71,66.11,75.11,70.21
1.02,1.02,64.66,70.81,69.96
1.48,1.48,62.49,74.09,71.13
2.87,2.87,59.73,73.54,69.75
8.82,8.82,58.19,69.68,68.72
11.85,11.85,56.86,74.80,71.18
12.25,12.25,55.96,58.15,69.36
12.20,12.20,55.07,60.06,69.64
11.52,11.52,52.02,47.75,69.38
11.30,11.30,55.27,48.96,66.93
8.15,8.15,59.85,50.56,65.39
5.97,5.97,73.10,68.50,72.45
6.62,6.62,69.59,70.41,71.03
6.47,6.47,73.19,74.12,69.67
7.76,7.76,67.54,70.86,70.61
9.12,9.12,67.38,70.24,69.81
10.90,10.90,74.68,72.01,67.19
11.66,11.66,77.26,70.80,70.07
11.39,11.39,71.76,74.72,72.31
9.84,9.84,64.92,69.04,70.74
11.31,11.31,65.18,75.83,71.51
10.53,10.53,62.55,69.53,70.88
10.30,10.30,62.83,76.81,69.92
6.07,6.07,61.54,64.22,68.68
4.26,4.26,64.67,77.60,68.29
4.24,4.24,69.08,67.36,66.98
0.92,0.92,76.66,73.59,68.31
3.40,3.40,73.85,70.46,68.26
6.31,6.31,72.01,66.29,67.82
9.12,9.12,71.26,62.31,68.54
18.84,18.84,69.15,56.51,67.76
22.96,22.96,66.37,48.94,68.16
16.78,16.78,65.37,56.28,65.21
13.97,13.97,65.97,64.60,69.91
11.18,11.18,63.13,74.63,70.25
10.94,10.94,61.65,74.47,71.70
8.44,8.44,58.39,71.57,70.77
8.33,8.33,56.84,72.90,71.66
9.06,9.06,55.39,67.89,69.87
7.42,7.42,62.15,75.75,69.69
7.24,7.24,64.17,65.28,69.79
5.91,5.91,77.22,76.53,70.35
12.06,12.06,71.26,70.73,69.49
8.13,8.13,70.39,65.63,68.12
9.91,9.91,65.15,64.14,69.16
10.55,10.55,67.70,58.42,68.89
6.17,6.17,74.51,51.68,68.46
5.37,5.37,77.59,62.38,66.68
5.78,5.78,71.38,68.76,69.55
7.76,7.76,65.05,69.50,71.72
8.28,8.28,66.07,75.78,71.73
7.45,7.45,64.38,72.31,70.90
4.39,4.39,64.42,76.85,71.20
2.65,2.65,63.62,66.20,69.90
1.25,1.25,64.48,78.26,69.48
3.64,3.64,68.75,61.35,67.61
7.92,7.92,75.72,75.17,67.06
6.30,6.30,72.21,66.96,66.39
17.08,17.08,70.46,65.88,67.30
14.17,14.17,68.72,58.37,68.49
16.52,16.52,67.83,57.02,67.62
7.53,7.53,66.51,46.32,68.41
2.76,2.76,63.87,55.01,65.40
6.38,6.38,72.68,66.96,70.31
5.74,5.74,72.79,68.09,70.90
4.29,4.29,71.78,76.61,71.14
7.96,7.96,67.12,69.72,70.93
4.58,4.58,67.32,76.35,73.89
4.82,4.82,69.91,68.62,71.51
6.43,6.43,75.93,72.95,72.93
10.78,10.78,75.42,72.45,72.46
11.47,11.47,69.46,72.89,73.60
6.47,6.47,66.41,64.19,73.66
12.48,12.48,64.62,75.92,75.08
11.28,11.28,61.82,70.27,73.96
13.92,13.92,62.22,72.47,73.94
15.12,15.12,61.07,62.85,71.41
14.30,14.30,60.48,68.88,68.04
11.32,11.32,73.69,72.17,73.17
13.71,13.71,70.41,69.49,69.73
17.60,17.60,66.26,71.36,70.25
19.63,19.63,71.29,70.60,71.42
25.06,25.06,71.04,76.88,71.82
23.35,23.35,70.57,65.43,70.94
21.08,21.08,77.37,76.19,72.47
19.70,19.70,74.43,68.79,69.75
12.44,12.44,75.80,74.23,66.85
10.04,10.04,72.32,66.96,68.28
15.74,15.74,71.50,77.88,69.19
14.74,14.74,69.92,69.61,68.97
20.18,20.18,68.69,74.59,69.53
23.65,23.65,67.75,69.29,69.63
21.06,21.06,65.77,71.57,69.65
9.68,9.68,62.55,70.57,69.48
2.50,2.50,59.87,63.65,69.78
8.39,8.39,58.19,69.20,72.45
9.66,9.66,58.01,58.04,70.29
9.25,9.25,54.96,59.91,70.29
8.05,8.05,54.36,54.15,69.10
6.26,6.26,55.96,50.43,70.64
2.63,2.63,63.48,60.78,70.08
0.92,0.92,78.62,76.17,71.96
1.08,1.08,72.54,73.04,72.05
10.79,10.79,73.34,75.52,71.18
5.26,5.26,66.58,75.62,70.98
6.46,6.46,70.45,70.17,70.54
3.54,3.54,71.78,77.03,70.51
5.22,5.22,75.14,70.05,69.20
2.24,2.24,72.68,71.89,70.77
10.97,10.97,65.85,75.53,70.84
13.57,13.57,61.48,65.78,69.01
16.24,16.24,62.55,66.19,69.27
11.94,11.94,62.55,53.72,68.57
6.39,6.39,61.65,53.71,68.78
2.56,2.56,61.93,48.66,67.41
3.43,3.43,67.01,62.19,65.82
15.06,15.06,77.24,71.76,71.11
16.25,16.25,74.76,71.55,70.66
10.98,10.98,71.79,67.60,71.89
5.71,5.71,69.46,75.52,72.08
5.40,5.40,66.77,63.90,70.38
5.29,5.29,64.03,75.65,72.00
2.78,2.78,63.84,70.53,71.54
3.27,3.27,62.88,72.44,71.25
0.38,0.38,60.53,74.22,71.05
1.50,1.50,56.86,67.48,69.56
5.86,5.86,55.40,63.02,68.71
6.15,6.15,55.06,44.46,68.53
5.00,5.00,53.28,44.53,67.28
3.20,3.20,55.33,46.70,66.57
5.17,5.17,60.68,57.01,66.09
13.39,13.39,77.85,70.95,72.73
8.08,8.08,71.19,70.31,71.80
0.19,0.19,71.44,69.38,71.33
1.72,1.72,66.59,74.84,71.84
5.13,5.13,70.48,70.45,70.38
9.47,9.47,74.14,75.57,75.82
12.36,12.36,76.99,67.65,76.45
10.59,10.59,71.94,70.30,74.64
10.22,10.22,64.15,65.15,73.80
16.17,16.17,63.79,74.95,73.40
10.16,10.16,62.78,67.01,72.33
12.20,12.20,61.18,72.39,71.34
17.96,17.96,60.97,73.33,72.22
13.48,13.48,62.45,70.88,68.85
5.57,5.57,71.11,74.92,70.23
0.25,0.25,76.65,70.11,69.20
0.08,0.08,72.83,70.69,68.65
1.09,1.09,72.22,67.96,69.32
9.93,9.93,70.97,51.87,70.05
13.94,13.94,67.72,43.64,69.30
14.36,14.36,65.87,50.97,68.96
1.78,1.78,64.24,56.25,65.97
1.97,1.97,63.11,66.11,69.93
1.04,1.04,63.88,69.72,71.73
1.74,1.74,62.44,76.04,72.17
7.13,7.13,59.57,60.50,70.61
8.63,8.63,56.43,75.32,70.72
5.50,5.50,54.68,69.97,71.68
7.76,7.76,56.54,67.53,70.32
6.03,6.03,68.12,73.49,70.11
8.58,8.58,75.09,73.32,70.94
9.94,9.94,73.70,69.45,69.28
2.84,2.84,71.45,68.54,68.86
4.04,4.04,65.75,63.22,69.22
3.73,3.73,69.15,53.70,69.35
3.77,3.77,73.83,51.26,69.12
4.28,4.28,76.87,55.34,64.64
6.13,6.13,72.44,66.45,69.91
14.58,14.58,66.81,71.27,71.64
10.35,10.35,64.63,74.90,71.24
5.64,5.64,63.99,68.25,71.61
2.17,2.17,62.10,74.48,70.19
9.08,9.08,61.15,73.98,69.44
9.66,9.66,62.64,72.38,68.91
7.47,7.47,67.99,76.03,69.85
5.50,5.50,75.71,71.53,68.90
7.77,7.77,71.15,72.98,68.58
8.60,8.60,68.64,68.90,70.24
12.80,12.80,67.89,60.04,70.66
11.63,11.63,65.28,52.43,69.89
3.12,3.12,63.50,44.56,69.06
1.71,1.71,63.11,53.51,67.08
2.06,2.06,73.43,69.63,70.89
2.58,2.58,73.11,72.04,71.50
6.42,6.42,72.13,73.89,72.61
10.52,10.52,72.08,68.07,70.98
9.76,9.76,68.21,75.06,72.96
5.95,5.95,72.85,75.36,77.07
7.99,7.99,76.39,67.28,79.42
5.66,5.66,74.44,68.93,77.56
3.21,3.21,66.18,69.84,72.11
1.06,1.06,61.97,70.79,72.37
0.38,0.38,61.77,72.77,71.09
0.60,0.60,62.48,75.89,74.76
8.22,8.22,60.15,68.07,73.13
19.66,19.66,60.90,74.08,76.84
24.15,24.15,65.32,64.70,75.79
18.84,18.84,72.47,71.22,73.14
8.88,8.88,73.25,71.94,70.14
12.73,12.73,73.79,72.84,71.99
13.19,13.19,72.22,71.97,70.75
13.20,13.20,68.05,78.31,69.19
11.86,11.86,73.05,71.27,69.69
11.83,11.83,73.08,72.64,72.36
9.94,9.94,74.91,68.56,72.58
3.41,3.41,76.05,71.40,69.09
0.85,0.85,74.63,70.16,71.31
1.45,1.45,70.62,69.96,71.18
2.94,2.94,69.40,75.31,70.55
2.64,2.64,67.92,61.79,70.80
1.46,1.46,65.00,76.05,70.77
0.12,0.12,63.88,72.33,70.23
0.60,0.60,62.00,71.69,71.28
1.77,1.77,61.28,75.88,70.44
0.75,0.75,58.93,66.51,68.94
0.45,0.45,57.98,65.70,68.83
1.90,1.90,57.39,45.37,68.12
1.59,1.59,55.62,43.29,68.36
2.19,2.19,56.66,52.12,67.95
6.06,6.06,63.94,59.24,66.31
14.07,14.07,77.67,72.42,70.86
9.79,9.79,72.65,73.83,72.08
9.03,9.03,70.05,71.90,71.68
10.42,10.42,64.85,73.88,70.32
13.84,13.84,70.54,71.41,70.38
9.40,9.40,74.45,76.62,69.80
3.35,3.35,75.86,71.01,69.27
6.22,6.22,71.88,75.59,70.04
12.92,12.92,64.68,76.30,70.66
13.51,13.51,64.67,67.33,69.67
7.05,7.05,63.80,66.72,68.19
7.04,7.04,62.83,53.09,68.84
9.81,9.81,62.13,50.85,68.82
9.73,9.73,62.85,48.55,67.15
4.44,4.44,65.99,58.59,62.91
7.31,7.31,77.32,70.08,69.57
7.86,7.86,76.45,73.45,70.80
8.17,8.17,72.68,72.06,70.28
9.79,9.79,69.82,74.21,71.44
11.35,11.35,68.14,69.63,71.18
9.69,9.69,66.43,75.18,71.88
11.26,11.26,63.79,71.57,71.05
9.33,9.33,62.56,71.71,69.91
7.57,7.57,61.32,72.93,70.00
4.55,4.55,60.75,65.34,68.87
1.88,1.88,58.83,63.97,68.80
1.56,1.56,57.98,47.15,68.02
2.22,2.22,56.84,48.22,67.83
4.04,4.04,57.80,44.03,66.88
7.10,7.10,64.80,57.66,63.11
11.04,11.04,78.41,71.64,70.81
15.30,15.30,72.33,71.12,71.75
10.82,10.82,70.13,72.50,71.39
3.98,3.98,66.38,71.85,69.65
5.10,5.10,70.97,74.61,70.68
12.35,12.35,74.45,67.67,70.17
11.17,11.17,76.45,72.45,73.02
12.65,12.65,71.34,69.34,72.84
6.28,6.28,64.32,71.51,71.77
1.59,1.59,65.00,72.89,71.49
0.53,0.53,64.72,63.81,72.04
1.33,1.33,62.14,73.53,70.18
4.81,4.81,61.31,74.47,69.29
6.71,6.71,64.02,72.45,69.28
7.58,7.58,70.12,76.95,68.64
6.72,6.72,76.04,72.52,68.63
1.03,1.03,72.06,73.16,67.24
0.14,0.14,71.99,69.49,69.34
0.15,0.15,71.00,61.45,68.59
5.94,5.94,66.43,53.80,70.22
13.36,13.36,64.36,51.20,67.30
7.85,7.85,64.06,52.30,66.31
11.98,11.98,64.47,68.49,70.63
7.90,7.90,65.74,69.11,71.07
12.37,12.37,61.89,77.56,71.68
9.26,9.26,57.70,64.59,70.36
9.76,9.76,56.13,75.86,70.87
4.79,4.79,53.40,69.80,70.29
5.01,5.01,55.58,69.33,68.80
6.20,6.20,68.27,74.66,70.77
9.59,9.59,75.55,74.48,70.69
11.20,11.20,74.48,71.20,70.77
7.37,7.37,71.42,71.66,71.02
2.93,2.93,64.77,63.56,69.19
5.15,5.15,69.46,58.69,69.05
6.51,6.51,73.84,56.57,67.98
4.26,4.26,76.47,59.77,64.04
5.85,5.85,71.94,69.35,69.30
8.23,8.23,65.62,63.92,71.22
13.82,13.82,64.65,76.42,70.35
9.04,9.04,62.95,66.82,70.36
3.04,3.04,61.13,74.51,70.57
8.00,8.00,58.83,73.15,69.76
6.60,6.60,61.28,70.87,69.46
5.81,5.81,69.04,77.57,68.79
2.98,2.98,77.30,72.09,68.22
3.21,3.21,73.85,73.43,69.06
3.14,3.14,70.55,70.77,69.04
2.86,2.86,69.86,55.70,68.30
7.30,7.30,67.48,55.15,68.93
12.78,12.78,65.79,51.12,68.58
5.33,5.33,63.79,51.28,65.52
3.69,3.69,74.66,67.04,68.61
7.36,7.36,73.54,71.93,70.05
7.66,7.66,71.89,74.17,71.36
6.54,6.54,72.74,71.16,69.87
4.07,4.07,66.87,78.51,68.97
9.22,9.22,72.69,74.07,68.90
7.86,7.86,76.24,71.70,72.96
13.54,13.54,74.08,62.53,75.13
7.66,7.66,67.51,74.23,76.20
2.76,2.76,64.80,70.22,74.51
0.18,0.18,65.56,70.46,72.92
6.02,6.02,64.61,74.02,72.11
13.34,13.34,63.25,67.29,71.06
9.39,9.39,62.25,70.38,71.45
9.94,9.94,62.44,63.77,73.11
8.10,8.10,69.87,69.76,72.48
5.28,5.28,72.17,69.24,71.35
6.48,6.48,72.13,75.08,73.37
10.06,10.06,72.16,68.52,70.08
14.83,14.83,66.79,77.30,75.84
14.52,14.52,73.14,72.08,77.29
12.52,12.52,73.87,64.79,78.75
11.68,11.68,74.00,74.40,77.28
9.75,9.75,77.10,67.81,72.40
9.00,9.00,74.33,70.85,70.20
4.98,4.98,71.11,72.15,71.71
12.92,12.92,70.19,74.45,70.99
17.91,17.91,68.28,69.38,69.67
14.10,14.10,66.05,75.88,70.14
8.85,8.85,63.13,71.65,70.27
12.23,12.23,60.77,71.26,69.80
12.03,12.03,58.72,74.48,69.43
5.13,5.13,59.74,66.90,69.74
6.45,6.45,58.12,63.18,68.43
10.13,10.13,57.05,49.94,68.20
8.52,8.52,55.20,45.48,68.61
3.06,3.06,55.31,46.75,66.12
2.03,2.03,64.54,55.27,63.54
6.43,6.43,74.83,71.23,69.72
12.18,12.18,71.00,67.39,70.21
12.01,12.01,73.56,73.94,72.58
7.82,7.82,63.42,70.24,71.27
6.25,6.25,70.69,75.56,71.19
6.96,6.96,74.57,66.68,68.48
8.47,8.47,78.14,72.45,68.69
11.14,11.14,72.18,66.55,70.56
14.12,14.12,65.15,77.13,70.95
4.86,4.86,63.82,67.46,70.13
4.91,4.91,61.67,65.21,69.63
4.34,4.34,63.28,58.15,69.29
18.71,18.71,61.91,54.46,68.69
10.63,10.63,62.77,55.66,66.09
14.30,14.30,66.78,59.94,64.64
14.89,14.89,77.29,74.38,69.64
14.54,14.54,74.99,68.95,66.54
17.33,17.33,71.24,78.66,68.16
16.69,16.69,69.82,70.59,69.57
18.44,18.44,67.05,78.39,69.17
10.78,10.78,65.96,72.88,68.98
2.41,2.41,63.63,77.79,69.66
0.82,0.82,61.97,74.11,70.04
2.10,2.10,59.26,77.81,69.62
4.76,4.76,57.71,71.49,69.45
5.21,5.21,55.73,65.39,68.41
9.68,9.68,55.49,56.51,69.47
10.57,10.57,52.86,49.19,68.90
9.43,9.43,56.30,50.56,68.19
9.52,9.52,62.61,57.86,65.52
13.07,13.07,77.88,70.30,70.66
13.68,13.68,72.01,64.76,69.76
16.93,16.93,71.35,76.27,70.20
14.25,14.25,64.96,73.90,69.16
15.11,15.11,70.82,70.33,68.24
14.99,14.99,75.15,69.93,67.48
12.89,12.89,77.61,66.01,64.25
12.04,12.04,70.86,70.34,70.40
12.05,12.05,62.73,75.21,70.89
19.85,19.85,63.64,70.51,71.46
11.21,11.21,65.04,75.45,70.08
9.58,9.58,63.71,65.06,69.80
11.40,11.40,63.81,77.49,70.08
8.27,8.27,63.69,66.63,68.33
14.99,14.99,69.30,77.95,69.36
13.14,13.14,76.54,68.43,68.68
19.46,19.46,73.40,77.12,68.42
11.14,11.14,72.40,62.31,70.22
16.22,16.22,72.36,65.63,69.91
8.19,8.19,68.98,56.21,68.15
0.91,0.91,65.18,53.04,68.19
1.81,1.81,64.93,58.50,66.12
3.66,3.66,67.13,64.73,67.80
6.14,6.14,64.80,71.12,69.84
7.05,7.05,62.36,73.58,71.08
7.04,7.04,59.79,69.56,69.66
10.94,10.94,56.53,72.84,70.69
11.85,11.85,56.37,73.42,69.17
8.15,8.15,58.11,68.50,69.39
2.62,2.62,64.39,71.53,69.35
1.49,1.49,73.77,73.93,69.34
3.29,3.29,74.29,72.50,69.36
6.11,6.11,71.27,64.90,68.58
4.24,4.24,66.81,68.49,68.43
1.14,1.14,69.73,64.06,67.75
3.80,3.80,73.82,59.89,68.88
4.47,4.47,76.48,52.44,63.95
12.93,12.93,69.81,67.68,69.53
7.77,7.77,64.96,71.19,69.50
16.66,16.66,63.83,70.40,70.27
6.71,6.71,66.10,72.60,69.43
6.88,6.88,63.18,64.71,69.58
4.56,4.56,63.94,72.29,71.35
2.34,2.34,62.99,66.17,68.67
2.42,2.42,68.04,75.03,69.98
1.24,1.24,76.37,65.61,67.86
5.38,5.38,73.44,76.31,67.74
13.62,13.62,69.56,63.51,68.58
15.57,15.57,68.92,60.13,69.01
9.12,9.12,67.54,55.37,68.60
11.59,11.59,67.58,51.92,69.58
9.70,9.70,65.04,53.67,65.94
9.74,9.74,72.03,63.89,68.61
14.06,14.06,72.18,66.34,68.76
10.71,10.71,73.74,69.13,69.06
11.62,11.62,70.89,76.14,70.03
13.84,13.84,65.43,70.55,67.36
8.50,8.50,71.23,73.55,66.76
8.96,8.96,74.82,64.46,64.76
9.52,9.52,73.75,70.19,67.73
7.09,7.09,70.42,77.15,70.55
9.83,9.83,64.66,67.31,70.70
14.72,14.72,63.76,71.61,72.32
10.51,10.51,63.95,70.25,69.93
9.97,9.97,61.68,72.95,72.51
18.71,18.71,61.42,70.94,68.46
18.48,18.48,66.06,65.83,67.84
16.45,16.45,67.18,70.37,72.12
10.83,10.83,71.05,72.09,70.25
12.73,12.73,75.20,68.62,69.77
14.27,14.27,70.41,75.42,70.72
18.42,18.42,64.21,72.49,68.63
16.38,16.38,73.01,77.68,70.12
13.33,13.33,76.35,73.74,65.77
7.56,7.56,75.51,72.93,67.82
9.59,9.59,76.18,73.43,70.65
10.57,10.57,73.04,65.82,70.73
12.28,12.28,70.27,77.99,71.66
13.37,13.37,69.84,67.59,71.97
7.87,7.87,66.98,77.58,72.05
6.14,6.14,66.52,65.09,71.94
6.32,6.32,65.07,73.04,71.81
5.05,5.05,63.90,65.56,70.97
1.35,1.35,60.26,74.96,70.15
0.38,0.38,58.20,70.90,70.25
1.11,1.11,56.76,64.71,71.04
3.05,3.05,56.55,57.45,71.78
5.18,5.18,55.50,45.70,71.49
4.45,4.45,57.24,46.50,72.26
8.63,8.63,63.97,55.06,71.61
2.12,2.12,78.85,70.99,71.20
0.86,0.86,71.91,70.49,68.57
4.34,4.34,69.22,74.58,69.65
4.99,4.99,68.50,70.77,69.93
3.81,3.81,69.78,72.40,69.45
4.64,4.64,74.02,72.26,68.51
2.87,2.87,77.63,70.59,67.93
2.07,2.07,72.30,75.53,70.46
3.36,3.36,62.91,70.70,70.60
8.11,8.11,64.76,74.19,69.92
10.68,10.68,63.76,61.90,69.29
12.65,12.65,61.93,62.02,68.58
13.31,13.31,61.61,52.80,67.79
9.87,9.87,63.42,53.86,65.74
8.39,8.39,67.36,60.80,64.14
7.25,7.25,78.88,75.25,68.83
6.34,6.34,75.10,69.52,65.46
5.28,5.28,70.99,77.12,69.12
0.74,0.74,68.78,69.88,69.73
1.75,1.75,67.56,74.77,70.56
1.84,1.84,65.75,71.78,69.37
2.85,2.85,64.60,72.20,68.60
0.58,0.58,63.69,75.57,68.56
1.68,1.68,61.00,66.27,68.42
4.89,4.89,59.82,73.83,69.37
8.74,8.74,57.84,59.49,67.75
10.57,10.57,58.53,61.00,68.46
7.49,7.49,55.97,49.47,69.46
7.30,7.30,54.67,43.43,66.48
6.43,6.43,61.02,51.17,66.28
9.93,9.93,75.63,67.54,70.77
6.14,6.14,69.72,70.88,70.82
10.82,10.82,72.88,69.26,71.41
10.36,10.36,65.97,66.57,71.51
9.26,9.26,68.48,70.00,73.09
12.61,12.61,74.45,74.21,75.52
11.35,11.35,77.23,72.48,73.36
12.99,12.99,72.59,71.95,73.47
18.48,18.48,64.79,70.28,72.33
14.67,14.67,64.54,76.49,72.47
12.49,12.49,63.05,69.26,70.44
15.85,15.85,63.03,78.96,70.93
6.53,6.53,62.17,67.84,69.30
7.11,7.11,64.04,78.36,69.34
7.78,7.78,68.96,65.54,67.24
8.86,8.86,76.83,73.44,67.88
5.82,5.82,74.84,71.89,68.07
8.10,8.10,71.72,67.14,68.06
9.46,9.46,70.84,61.15,69.51
6.16,6.16,69.27,58.03,67.97
5.14,5.14,68.29,54.49,69.08
4.35,4.35,65.27,57.19,66.23
1.85,1.85,65.32,66.90,70.26
3.32,3.32,64.30,71.30,71.94
5.24,5.24,62.26,75.47,71.53
5.93,5.93,60.86,69.66,71.00
3.94,3.94,59.01,77.28,71.41
3.04,3.04,58.20,68.54,69.56
4.21,4.21,62.14,76.00,69.38
5.10,5.10,67.27,62.65,69.05
13.27,13.27,77.99,77.03,69.80
9.08,9.08,70.32,69.73,70.01
3.13,3.13,70.64,71.45,68.14
4.68,4.68,69.00,63.83,67.90
9.38,9.38,69.64,56.31,68.56
9.96,9.96,74.37,52.69,69.35
6.88,6.88,77.39,54.58,65.27
5.18,5.18,70.43,62.93,69.76
13.09,13.09,65.45,68.33,70.71
5.78,5.78,64.84,76.58,71.56
3.09,3.09,63.59,74.44,70.70
1.48,1.48,64.28,78.09,71.78
1.84,1.84,61.94,65.87,69.87
3.44,3.44,64.50,77.65,68.41
3.62,3.62,68.31,66.01,66.17
3.97,3.97,76.24,74.69,66.85
5.92,5.92,72.37,67.97,66.31
7.23,7.23,70.93,67.01,68.51
6.77,6.77,69.24,59.93,69.07
8.65,8.65,67.78,55.54,68.32
7.19,7.19,65.39,51.21,68.18
8.69,8.69,64.52,55.22,63.77
5.59,5.59,73.89,67.32,69.95
5.09,5.09,72.68,65.83,69.60
13.65,13.65,70.01,70.95,70.56
13.05,13.05,68.60,69.19,69.77
13.83,13.83,67.67,77.54,70.82
15.44,15.44,70.01,64.76,70.67
23.29,23.29,74.20,75.75,72.40
21.07,21.07,74.31,67.11,69.70
20.22,20.22,70.72,70.01,73.52
15.71,15.71,64.38,66.59,72.82
15.52,15.52,62.41,77.65,73.44
8.80,8.80,61.23,67.28,71.57
13.82,13.82,59.52,76.80,76.05
20.49,20.49,59.26,73.53,76.20
15.89,15.89,61.66,71.96,75.24
15.06,15.06,72.68,73.45,75.58
13.48,13.48,71.10,67.74,71.62
15.26,15.26,70.12,75.65,70.25
21.34,21.34,69.41,68.66,70.71
25.05,25.05,70.29,74.29,70.73
18.84,18.84,70.29,66.19,70.41
11.37,11.37,77.76,72.63,71.02
10.86,10.86,75.63,72.19,69.84
10.84,10.84,76.99,74.83,67.46
4.94,4.94,72.62,67.54,68.05
5.28,5.28,71.61,77.94,69.38
13.26,13.26,69.80,69.69,69.49
17.87,17.87,67.25,75.42,68.52
14.43,14.43,67.21,71.01,69.18
10.87,10.87,65.48,71.71,70.35
9.66,9.66,62.90,71.52,69.73
7.04,7.04,62.12,68.39,69.56
6.56,6.56,59.29,74.18,72.35
7.80,7.80,58.21,60.44,70.42
10.99,10.99,57.44,59.25,71.60
11.18,11.18,54.49,51.33,70.09
8.71,8.71,57.61,47.79,68.89
6.71,6.71,64.73,59.55,71.56
10.55,10.55,78.91,73.19,70.14
16.42,16.42,72.35,73.83,71.58
19.12,19.12,71.60,74.42,70.62
20.76,20.76,67.53,73.85,69.73
18.12,18.12,70.58,72.42,70.12
12.54,12.54,74.21,77.59,68.79
9.23,9.23,76.70,69.26,69.46
6.07,6.07,72.01,74.62,70.38
3.83,3.83,66.44,77.41,70.15
4.39,4.39,65.05,66.21,68.80
6.79,6.79,64.91,65.09,68.76
13.10,13.10,64.11,55.45,69.42
12.79,12.79,63.51,51.05,69.53
11.03,11.03,64.51,48.07,66.54
12.78,12.78,66.80,60.13,63.73
9.24,9.24,77.28,70.90,70.19
10.33,10.33,75.81,74.24,69.21
13.56,13.56,72.76,70.46,70.16
12.40,12.40,70.39,75.72,69.03
14.65,14.65,67.80,66.62,69.20
10.91,10.91,64.75,77.73,70.64
12.43,12.43,63.64,67.72,69.03
10.47,10.47,61.62,72.18,69.51
7.62,7.62,61.02,73.93,70.16
5.47,5.47,59.26,65.28,68.86
8.43,8.43,57.61,67.63,67.83
9.73,9.73,55.12,49.89,67.72
10.27,10.27,53.74,50.89,68.17
9.98,9.98,56.24,48.31,66.38
9.78,9.78,64.65,56.16,63.06
11.03,11.03,79.04,71.93,71.16
8.15,8.15,71.80,71.33,71.68
7.98,7.98,73.78,74.05,69.70
4.30,4.30,67.19,71.70,69.64
10.63,10.63,70.63,75.53,69.80
14.89,14.89,74.55,71.90,69.29
10.20,10.20,76.93,74.66,70.34
13.66,13.66,69.90,72.14,70.41
13.95,13.95,64.71,69.21,71.99
5.78,5.78,63.71,74.93,71.23
3.10,3.10,64.90,69.02,71.70
1.03,1.03,62.21,71.43,71.54
1.86,1.86,61.54,71.94,70.17
6.92,6.92,62.71,69.74,68.78
9.99,9.99,71.53,75.50,69.21
9.02,9.02,76.41,71.50,68.11
6.98,6.98,73.30,72.41,67.07
12.25,12.25,72.74,67.90,68.70
17.43,17.43,71.70,57.43,68.55
14.24,14.24,68.84,55.16,69.52
14.81,14.81,67.58,47.83,70.01
12.08,12.08,65.72,57.37,69.00
11.25,11.25,65.66,66.09,71.24
7.38,7.38,63.80,69.52,70.77
6.50,6.50,59.75,76.67,70.62
5.79,5.79,61.05,60.40,69.74
4.21,4.21,59.23,77.25,69.60
4.90,4.90,57.65,65.53,68.89
3.74,3.74,58.05,74.21,68.26
1.38,1.38,67.73,68.74,68.88
3.03,3.03,73.01,73.30,69.06
8.35,8.35,69.39,71.62,67.73
14.00,14.00,72.19,60.48,68.91
10.67,10.67,67.08,65.01,69.02
9.00,9.00,70.82,61.29,65.83
5.26,5.26,71.14,61.51,67.37
3.77,3.77,76.41,67.34,69.40
5.76,5.76,74.22,73.81,71.09
13.67,13.67,65.81,73.91,70.78
14.70,14.70,63.52,76.66,69.68
7.45,7.45,63.64,69.20,70.18
7.33,7.33,63.42,77.44,70.30
6.82,6.82,62.18,73.38,69.31
2.48,2.48,62.02,74.72,68.76
11.28,11.28,68.67,75.45,66.69
13.48,13.48,76.07,72.21,66.52
18.09,18.09,74.38,76.63,67.55
10.45,10.45,70.54,66.15,68.11
14.64,14.64,69.13,64.84,67.71
5.39,5.39,66.98,51.40,64.89
8.98,8.98,66.37,48.89,65.30
5.12,5.12,66.78,53.68,68.96
11.87,11.87,74.48,65.84,70.17
10.28,10.28,73.63,70.54,69.96
5.92,5.92,73.76,73.40,69.30
6.68,6.68,71.13,74.28,67.81
10.02,10.02,66.39,73.47,66.76
11.89,11.89,72.45,73.53,69.92
10.42,10.42,75.91,70.60,67.31
12.69,12.69,73.51,61.74,69.28
13.41,13.41,68.28,72.53,73.20
9.44,9.44,64.65,66.29,68.75
16.60,16.60,64.73,76.51,71.27
10.86,10.86,64.18,75.30,70.75
12.32,12.32,62.95,75.07,70.10
9.71,9.71,62.82,72.57,69.60
3.84,3.84,60.50,65.57,68.33
2.48,2.48,64.08,65.85,70.81
6.51,6.51,67.30,54.96,67.66
12.65,12.65,72.32,73.98,67.21
19.12,19.12,70.18,73.67,66.95
21.04,21.04,65.23,79.65,71.01
17.35,17.35,72.93,76.17,70.16
16.03,16.03,76.05,74.77,69.60
12.34,12.34,75.00,65.52,67.56
9.11,9.11,76.42,74.06,68.51
2.75,2.75,74.10,69.52,68.95
0.94,0.94,71.10,74.39,70.37
12.22,12.22,69.65,73.17,70.40
16.56,16.56,67.67,67.59,67.09
7.27,7.27,66.34,77.49,69.82
0.74,0.74,64.82,67.48,68.98
3.61,3.61,64.66,77.08,69.03
10.69,10.69,64.19,72.04,68.98
7.99,7.99,62.15,69.69,69.02
10.09,10.09,59.45,65.53,67.34
14.05,14.05,57.49,56.26,66.80
16.77,16.77,54.48,52.14,59.49
14.04,14.04,53.31,43.49,52.84
12.43,12.43,61.02,54.80,61.20
8.04,8.04,78.36,73.32,70.03
5.07,5.07,71.35,68.89,71.05
7.44,7.44,71.89,75.47,71.07
10.19,10.19,66.59,71.90,71.92
12.56,12.56,69.59,76.06,69.97
7.12,7.12,72.87,69.13,69.30
11.33,11.33,76.17,75.93,69.28
13.10,13.10,71.00,74.64,69.10
9.70,9.70,63.27,71.41,69.88
14.04,14.04,63.45,72.64,69.20
13.70,13.70,61.68,63.56,70.13
7.87,7.87,61.38,62.85,67.73
7.20,7.20,59.89,55.13,68.64
5.63,5.63,62.32,55.68,66.41
5.37,5.37,66.48,59.88,63.30
1.13,1.13,77.66,73.72,69.62
2.22,2.22,75.48,65.14,68.43
0.15,0.15,70.01,76.24,68.21
0.83,0.83,69.41,71.96,69.28
8.82,8.82,67.10,74.26,69.32
14.51,14.51,64.60,73.35,69.07
6.85,6.85,62.14,71.78,68.95
4.71,4.71,59.65,74.04,69.30
5.29,5.29,58.77,66.23,68.83
6.16,6.16,59.88,74.54,69.79
7.85,7.85,58.29,58.00,69.19
8.38,8.38,56.98,60.95,69.14
6.74,6.74,55.77,50.37,68.64
3.16,3.16,56.41,47.21,67.66
5.16,5.16,62.62,55.97,65.23
6.62,6.62,77.05,73.64,69.63
1.19,1.19,70.13,63.69,71.13
1.40,1.40,70.73,76.10,73.66
5.97,5.97,68.55,71.60,70.10
7.13,7.13,71.68,77.80,71.61
7.25,7.25,72.94,75.28,72.27
5.42,5.42,77.28,75.25,71.89
3.37,3.37,70.79,71.95,73.04
1.07,1.07,63.36,71.15,73.79
7.56,7.56,63.70,73.37,73.14
9.06,9.06,62.86,70.35,70.89
12.94,12.94,62.40,76.49,72.69
11.39,11.39,60.70,70.80,68.59
6.29,6.29,63.96,77.81,68.76
11.23,11.23,68.36,70.08,67.63
8.50,8.50,75.77,76.69,67.33
4.39,4.39,74.83,72.78,67.19
10.18,10.18,71.64,67.07,68.38
15.55,15.55,70.84,61.21,68.71
12.61,12.61,69.23,51.65,68.63
4.09,4.09,67.54,54.28,67.67
6.97,6.97,66.12,56.34,66.08
10.30,10.30,67.80,63.63,67.97
14.09,14.09,65.21,71.40,71.35
21.22,21.22,62.70,73.66,71.65
21.03,21.03,60.05,69.97,71.23
11.95,11.95,57.04,72.17,71.13
3.27,3.27,56.81,70.35,69.18
1.95,1.95,60.29,72.70,70.21
1.90,1.90,60.16,67.17,69.34
13.98,13.98,71.76,69.98,70.36
6.98,6.98,68.65,62.61,69.75
6.68,6.68,73.11,65.77,69.33
12.19,12.19,65.64,59.49,68.99
14.42,14.42,69.96,58.06,70.04
9.70,9.70,72.27,56.64,68.16
5.29,5.29,76.15,63.25,65.36
8.44,8.44,73.34,68.64,69.62
9.25,9.25,68.42,71.69,70.10
14.21,14.21,63.00,73.08,70.40
13.54,13.54,64.56,74.12,69.38
9.47,9.47,62.72,72.76,71.34
7.94,7.94,59.43,70.03,67.74
6.48,6.48,61.91,75.07,69.43
7.91,7.91,67.72,66.42,65.88
10.71,10.71,78.08,77.00,67.53
12.17,12.17,73.04,68.01,66.19
11.79,11.79,70.64,69.89,66.66
14.56,14.56,70.67,49.63,68.57
9.25,9.25,66.73,51.54,68.88
9.87,9.87,67.36,52.60,69.77
8.75,8.75,66.00,58.34,66.62
9.50,9.50,72.53,68.03,68.40
16.46,16.46,70.79,65.55,68.77
7.81,7.81,68.84,72.84,71.16
11.62,11.62,68.15,66.40,70.32
10.68,10.68,69.29,75.42,71.92
6.88,6.88,69.76,66.77,70.24
6.80,6.80,75.66,73.51,70.71
4.30,4.30,74.55,70.00,69.70
1.14,1.14,69.06,75.44,70.75
0.05,0.05,62.45,64.97,71.38
0.01,0.01,64.13,79.16,71.60
3.15,3.15,62.39,70.27,70.81
14.62,14.62,60.93,78.00,72.62
14.96,14.96,60.44,72.96,73.28
15.55,15.55,61.08,72.08,73.06
16.63,16.63,72.51,74.05,74.56
8.76,8.76,71.15,70.92,72.54
9.88,9.88,68.43,70.34,71.86
11.57,11.57,67.60,77.51,70.34
13.85,13.85,68.23,71.37,71.61
14.50,14.50,73.17,74.70,68.81
10.38,10.38,76.26,67.91,67.61
10.46,10.46,75.34,72.00,68.36
7.13,7.13,76.15,75.61,69.19
0.26,0.26,74.00,65.61,68.35
0.02,0.02,70.35,78.93,70.62
0.56,0.56,68.66,68.64,69.64
7.92,7.92,67.23,78.91,69.60
10.81,10.81,63.86,67.58,69.39
9.61,9.61,64.68,78.18,69.28
4.23,4.23,62.61,65.73,69.42
11.58,11.58,60.29,76.78,69.84
14.84,14.84,60.58,63.14,69.56
9.94,9.94,56.10,65.30,69.83
9.97,9.97,55.15,54.10,68.67
10.34,10.34,53.62,54.92,69.07
7.30,7.30,54.44,53.50,66.98
6.44,6.44,61.81,54.24,63.99
7.77,7.77,74.32,72.32,69.58
10.87,10.87,70.35,69.22,69.94
15.13,15.13,73.84,74.11,71.52
15.33,15.33,66.28,71.84,69.89
8.35,8.35,70.63,76.59,71.38
7.00,7.00,74.90,70.41,69.83
5.88,5.88,77.48,73.63,69.28
4.15,4.15,68.31,62.67,69.12
9.35,9.35,62.17,75.99,70.99
13.51,13.51,62.99,68.72,69.31
9.96,9.96,61.71,66.81,68.88
11.09,11.09,60.02,54.58,68.25
8.75,8.75,60.01,49.21,68.27
3.25,3.25,61.89,52.81,67.13
5.55,5.55,65.39,59.05,65.99
15.32,15.32,76.72,73.95,68.54
1.31,1.31,75.66,71.88,68.97
4.73,4.73,70.69,79.20,70.41
8.33,8.33,67.60,71.24,71.05
10.56,10.56,65.63,77.57,70.75
11.22,11.22,64.76,75.08,67.88
10.76,10.76,62.93,77.28,70.26
7.82,7.82,60.99,74.42,68.40
8.10,8.10,60.10,77.95,69.62
7.57,7.57,57.79,72.64,69.29
5.81,5.81,56.02,67.78,69.59
5.04,5.04,53.88,59.74,68.90
7.02,7.02,53.02,51.27,68.22
7.61,7.61,55.37,53.64,67.42
6.74,6.74,62.85,56.47,64.26
7.11,7.11,76.55,72.50,69.60
8.84,8.84,71.41,66.29,70.46
10.25,10.25,71.13,77.62,71.31
11.58,11.58,65.06,71.72,68.80
7.52,7.52,71.23,75.97,70.96
4.78,4.78,73.43,75.11,68.19
4.39,4.39,76.41,73.68,67.57
4.98,4.98,72.27,73.67,68.75
9.94,9.94,66.75,72.36,69.94
18.60,18.60,63.44,68.27,71.38
8.68,8.68,64.37,74.07,70.87
9.91,9.91,61.56,68.27,69.11
7.11,7.11,61.67,74.75,70.67
11.62,11.62,62.70,67.09,68.23
5.40,5.40,69.63,76.68,68.41
8.65,8.65,77.20,62.48,68.08
15.14,15.14,74.19,77.25,68.96
6.15,6.15,70.85,58.91,68.48
5.21,5.21,69.71,61.38,68.37
7.96,7.96,68.76,54.70,69.13
7.69,7.69,67.22,53.45,67.35
9.64,9.64,65.37,58.59,65.60
8.18,8.18,66.57,65.85,67.79
12.59,12.59,66.10,68.27,69.91
11.17,11.17,63.66,73.78,72.12
6.21,6.21,59.90,68.69,70.20
7.75,7.75,56.78,70.31,71.61
8.14,8.14,56.79,68.72,68.41
5.22,5.22,58.09,68.29,69.22
2.26,2.26,64.32,71.91,68.99
1.06,1.06,72.84,75.63,70.09
0.57,0.57,73.02,71.71,69.36
0.72,0.72,71.71,67.68,68.61
3.18,3.18,64.97,70.50,69.63
8.30,8.30,68.19,59.86,66.88
6.93,6.93,73.61,61.35,68.39
8.18,8.18,76.65,59.87,64.53
8.78,8.78,72.08,70.31,69.49
5.15,5.15,65.21,71.09,70.84
7.35,7.35,62.96,68.76,71.85
8.56,8.56,64.51,73.72,71.39
5.42,5.42,60.39,68.11,71.05
1.35,1.35,62.30,75.35,72.10
12.16,12.16,62.88,69.14,68.65
14.57,14.57,68.45,75.92,70.62
3.25,3.25,76.98,66.65,68.78
2.35,2.35,74.63,75.29,68.55
15.47,15.47,70.35,65.60,68.49
14.80,14.80,69.95,61.50,68.75
10.58,10.58,67.83,55.30,67.37
9.45,9.45,66.84,48.98,68.24
5.15,5.15,64.12,56.57,65.39
4.20,4.20,70.82,63.03,70.40
5.73,5.73,72.76,70.48,68.61
7.46,7.46,73.70,67.91,70.87
11.37,11.37,68.72,76.33,71.51
6.78,6.78,65.26,73.70,70.84
6.89,6.89,72.76,78.40,74.42
7.49,7.49,76.81,74.49,69.45
11.60,11.60,74.34,70.97,71.11
14.06,14.06,68.82,68.38,71.43
15.68,15.68,62.13,68.11,72.78
13.15,13.15,63.53,77.22,73.33
7.19,7.19,63.89,67.19,69.44
9.43,9.43,61.77,76.20,75.42
10.97,10.97,60.28,69.36,70.25
10.56,10.56,61.92,71.32,70.64
8.45,8.45,66.24,70.88,70.31
8.14,8.14,69.48,64.74,69.67
10.49,10.49,75.07,67.01,71.54
15.03,15.03,70.43,74.99,71.25
19.07,19.07,67.00,74.11,70.79
19.68,19.68,74.16,77.73,72.91
14.22,14.22,76.77,71.02,69.99
10.42,10.42,75.49,71.56,67.64
10.88,10.88,75.78,71.57,69.52
13.54,13.54,74.02,72.28,70.44
12.56,12.56,70.87,77.90,71.05
15.54,15.54,69.06,70.11,72.53
12.99,12.99,68.38,76.35,71.79
5.62,5.62,67.24,70.79,71.00
4.33,4.33,65.33,73.32,70.84
2.02,2.02,63.43,74.41,71.97
0.32,0.32,61.86,76.25,72.15
0.33,0.33,59.47,66.47,71.81
3.64,3.64,55.75,63.67,71.13
6.37,6.37,55.45,46.41,71.78
5.42,5.42,54.99,46.49,70.81
4.15,4.15,56.53,51.69,70.26
5.73,5.73,60.98,56.04,71.22
9.05,9.05,79.24,73.36,70.19
4.92,4.92,70.80,72.06,69.98
0.33,0.33,70.15,75.77,70.03
0.06,0.06,69.62,71.82,69.97
1.08,1.08,70.40,69.34,70.13
3.65,3.65,73.25,71.96,70.09
5.22,5.22,77.65,71.07,69.81
8.39,8.39,70.36,75.79,73.15
12.73,12.73,64.14,67.38,73.55
19.11,19.11,64.55,71.44,73.41
14.55,14.55,64.27,59.21,70.06
15.15,15.15,63.99,56.27,70.08
14.74,14.74,62.77,46.53,69.72
12.10,12.10,63.70,51.72,67.30
5.63,5.63,65.97,60.07,65.92
1.98,1.98,77.29,74.00,69.43
1.03,1.03,75.05,65.70,69.49
0.43,0.43,70.29,78.02,68.84
2.22,2.22,68.75,71.42,68.60
10.26,10.26,66.17,76.39,69.22
11.20,11.20,63.84,71.02,69.10
11.25,11.25,63.04,70.92,68.30
5.58,5.58,61.52,69.64,68.62
2.73,2.73,60.88,69.52,68.43
7.53,7.53,59.57,73.40,69.26
9.76,9.76,57.60,52.63,68.00
9.41,9.41,57.14,58.56,68.86
7.84,7.84,54.65,49.22,68.42
7.42,7.42,56.49,49.66,68.38
7.98,7.98,60.06,54.57,64.94
11.09,11.09,73.41,68.74,69.39
10.38,10.38,69.39,69.40,71.43
4.13,4.13,73.26,71.40,73.96
8.45,8.45,66.30,68.94,74.83
6.23,6.23,68.57,69.56,73.40
6.96,6.96,72.41,74.56,74.72
6.71,6.71,75.98,74.01,70.68
7.52,7.52,73.19,72.09,73.00
7.88,7.88,66.61,68.52,72.25
11.58,11.58,62.14,74.64,74.78
13.14,13.14,61.88,69.88,72.13
4.30,4.30,62.11,77.29,72.36
3.50,3.50,62.17,64.81,69.52
3.15,3.15,64.02,76.55,70.53
1.17,1.17,68.38,67.33,66.58
0.41,0.41,75.89,74.01,69.15
2.78,2.78,75.03,69.59,67.53
4.83,4.83,71.03,67.93,68.88
8.16,8.16,69.72,57.53,68.76
11.25,11.25,68.96,54.03,68.03
15.67,15.67,66.70,55.72,68.05
7.48,7.48,65.76,59.42,64.87
2.56,2.56,65.25,63.96,71.23
3.68,3.68,64.88,70.97,72.10
4.50,4.50,64.17,71.06,72.11
5.06,5.06,59.85,69.28,70.74
7.50,7.50,56.44,75.16,70.86
8.63,8.63,54.49,67.00,69.32
12.68,12.68,59.88,76.15,70.56
15.09,15.09,62.12,63.10,69.26
7.60,7.60,77.62,76.37,71.93
5.61,5.61,71.31,69.16,69.65
8.36,8.36,70.51,66.64,68.90
3.73,3.73,67.84,63.02,68.57
2.43,2.43,69.48,59.44,69.97
6.34,6.34,74.23,52.96,70.11
14.07,14.07,77.06,57.56,65.76
15.46,15.46,72.05,69.83,71.13
7.28,7.28,63.92,67.42,71.56
8.85,8.85,64.96,73.13,72.28
11.13,11.13,62.27,72.26,70.17
10.91,10.91,62.79,77.21,71.01
4.39,4.39,61.93,65.25,70.01
0.02,0.02,65.27,78.53,69.87
0.13,0.13,69.72,68.12,66.61
0.42,0.42,76.41,76.35,66.80
1.91,1.91,73.55,67.92,66.42
3.30,3.30,71.01,68.27,67.07
7.54,7.54,71.66,59.17,68.16
14.65,14.65,69.04,51.14,69.11
15.17,15.17,66.49,44.66,67.89
20.08,20.08,65.20,52.07,66.19
13.64,13.64,72.78,68.17,70.46
3.69,3.69,72.43,67.61,71.51
2.81,2.81,70.77,73.30,71.82
7.51,7.51,65.96,70.54,70.12
13.15,13.15,68.04,75.60,70.38
9.94,9.94,70.25,70.01,70.39
10.21,10.21,76.35,75.06,72.83
9.94,9.94,75.07,72.44,72.84
15.67,15.67,68.02,68.67,73.09
19.24,19.24,64.07,64.15,72.56
17.92,17.92,63.33,76.66,72.37
15.84,15.84,62.96,66.73,70.95
10.74,10.74,61.60,69.40,69.57
6.11,6.11,60.54,62.25,68.71
10.09,10.09,61.38,64.88,67.58
12.86,12.86,74.77,70.21,72.24
14.59,14.59,71.02,70.09,71.66
17.01,17.01,68.01,74.15,69.97
18.75,18.75,70.71,68.76,72.33
20.54,20.54,71.53,75.10,76.37
19.37,19.37,70.66,66.01,74.65
16.77,16.77,77.71,68.99,75.40
14.33,14.33,75.13,71.06,72.07
13.10,13.10,76.22,71.41,68.07
13.62,13.62,73.18,67.18,67.93
15.82,15.82,71.12,77.40,68.90
8.16,8.16,71.05,69.25,68.67
4.77,4.77,68.59,74.28,70.26
2.98,2.98,66.99,69.62,70.16
2.47,2.47,66.20,70.97,70.33
0.27,0.27,63.50,70.95,70.62
1.01,1.01,60.56,68.58,69.17
6.89,6.89,59.85,73.20,71.69
11.63,11.63,58.82,59.26,71.69
7.98,7.98,56.29,61.56,70.70
3.80,3.80,57.23,48.57,70.71
2.56,2.56,57.27,49.46,70.44
7.38,7.38,64.58,54.68,70.70
15.69,15.69,79.31,73.58,73.93
13.82,13.82,71.51,71.24,74.18
12.86,12.86,72.10,73.97,74.90
12.43,12.43,66.17,73.34,74.56
14.84,14.84,70.40,70.94,74.87
11.74,11.74,70.87,76.15,71.11
3.68,3.68,75.22,72.51,70.92
8.13,8.13,74.36,71.26,73.30
11.23,11.23,67.01,74.70,74.37
7.40,7.40,64.37,66.59,73.92
5.04,5.04,63.46,65.96,73.71
6.76,6.76,63.27,55.32,73.10
8.84,8.84,61.84,52.99,72.84
4.85,4.85,62.36,55.12,68.23
2.28,2.28,66.24,62.55,66.49
0.03,0.03,76.41,73.16,74.65
0.46,0.46,74.93,71.65,75.81
0.24,0.24,71.42,68.03,74.31
1.24,1.24,67.26,75.37,74.24
5.40,5.40,65.82,65.49,74.04
13.21,13.21,62.38,76.15,72.28
6.19,6.19,60.80,71.64,71.04
7.03,7.03,58.67,71.71,70.65
11.85,11.85,57.35,75.22,70.54
8.03,8.03,56.20,69.88,69.11
7.67,7.67,53.03,66.56,69.39
9.58,9.58,52.85,55.08,67.99
6.89,6.89,51.65,47.19,68.75
5.42,5.42,53.62,50.79,67.33
4.29,4.29,61.55,56.40,67.65
8.23,8.23,79.96,71.84,74.20
11.30,11.30,72.01,70.09,74.88
12.55,12.55,70.62,72.05,74.16
9.22,9.22,67.07,74.45,73.54
16.87,16.87,71.65,70.64,72.31
14.18,14.18,74.19,76.64,73.68
4.89,4.89,76.86,72.80,71.67
8.83,8.83,72.98,71.12,72.01
6.53,6.53,63.93,65.53,72.96
6.87,6.87,64.05,74.73,72.08
6.44,6.44,59.93,68.39,71.45
5.36,5.36,60.96,70.50,71.83
5.35,5.35,58.46,73.03,70.86
4.17,4.17,61.84,67.52,68.86
2.94,2.94,70.18,74.94,68.67
0.71,0.71,75.51,70.39,67.92
1.20,1.20,73.74,70.22,68.12
3.07,3.07,71.55,67.66,67.89
3.69,3.69,70.96,53.41,69.87
7.13,7.13,67.95,50.15,68.95
13.55,13.55,66.95,50.50,67.96
3.77,3.77,64.90,54.22,64.94
0.32,0.32,64.93,64.48,73.41
0.15,0.15,63.70,68.48,73.67
10.67,10.67,62.02,76.76,75.05
9.88,9.88,59.89,64.33,74.91
8.85,8.85,57.71,75.54,74.26
8.68,8.68,55.88,67.52,73.96
8.31,8.31,56.27,67.84,69.21
7.14,7.14,66.61,72.42,70.47
7.59,7.59,75.57,71.10,69.64
10.45,10.45,73.71,68.51,68.65
14.19,14.19,69.43,67.02,68.43
7.04,7.04,65.17,61.08,68.91
4.31,4.31,69.36,55.28,68.75
3.02,3.02,74.09,55.88,68.49
1.07,1.07,76.77,52.79,64.07
0.76,0.76,72.46,66.94,71.44
4.93,4.93,68.75,68.65,73.88
4.82,4.82,65.91,72.64,74.05
1.82,1.82,65.26,65.45,74.05
3.87,3.87,62.26,72.87,73.11
6.73,6.73,61.98,74.05,73.52
8.81,8.81,63.99,72.53,68.58
9.06,9.06,69.05,75.43,69.62
6.51,6.51,74.39,71.92,69.28
15.23,15.23,71.19,72.73,68.10
8.83,8.83,69.13,70.04,68.80
11.10,11.10,67.91,62.08,69.28
14.48,14.48,66.50,47.47,68.85
14.67,14.67,62.04,46.73,68.39
7.96,7.96,63.70,54.08,66.39
2.49,2.49,73.23,67.71,72.18
1.80,1.80,74.89,71.05,72.85
2.01,2.01,72.50,73.34,74.98
7.53,7.53,68.81,66.43,73.19
11.51,11.51,66.13,74.84,74.99
5.42,5.42,72.90,73.65,76.89
5.28,5.28,76.52,66.82,76.51
9.75,9.75,74.60,73.11,75.49
13.51,13.51,66.00,71.57,74.84
10.07,10.07,61.92,69.96,75.53
8.69,8.69,60.63,73.49,74.53
6.87,6.87,60.71,74.48,75.83
10.28,10.28,59.88,71.52,73.48
11.12,11.12,58.91,70.41,72.26
10.00,10.00,64.43,66.32,73.19
6.73,6.73,69.39,71.00,72.74
8.75,8.75,74.22,69.10,74.13
10.28,10.28,72.72,73.34,73.20
11.16,11.16,72.49,71.34,72.54
9.88,9.88,67.18,76.54,73.24
8.63,8.63,73.10,74.78,71.17
4.46,4.46,76.25,71.36,73.13
6.10,6.10,74.03,70.32,73.25
12.19,12.19,75.50,71.77,73.43
10.42,10.42,73.62,69.65,74.29
20.11,20.11,69.10,72.03,74.06
19.81,19.81,66.48,75.88,74.32
19.60,19.60,66.64,64.67,73.46
13.20,13.20,64.05,76.37,72.60
4.71,4.71,62.68,67.65,71.73
1.38,1.38,61.66,71.99,74.79
8.25,8.25,61.53,75.36,73.60
14.52,14.52,61.49,67.39,74.21
10.49,10.49,60.87,63.69,72.35
8.15,8.15,56.98,53.35,73.13
3.37,3.37,56.00,47.53,72.57
2.09,2.09,55.11,52.45,68.15
3.45,3.45,63.65,58.73,67.37
4.36,4.36,78.61,71.15,75.46
5.67,5.67,71.09,73.00,73.79
9.05,9.05,71.48,72.72,74.73
7.49,7.49,67.09,73.87,75.38
5.20,5.20,71.33,70.93,74.08
4.92,4.92,72.43,75.23,71.81
3.70,3.70,75.88,71.47,69.83
7.64,7.64,74.28,75.35,73.06
20.77,20.77,64.73,75.64,73.87
15.99,15.99,61.30,67.54,73.17
8.45,8.45,61.43,64.02,72.70
6.56,6.56,60.05,53.55,73.30
7.75,7.75,61.29,55.87,72.15
4.75,4.75,62.16,50.55,68.36
2.66,2.66,65.40,59.82,67.20
7.44,7.44,76.67,72.61,74.21
16.55,16.55,75.39,71.78,74.62
19.98,19.98,71.44,67.24,74.24
19.97,19.97,67.92,73.80,74.78
17.46,17.46,66.04,68.84,73.29
11.94,11.94,62.37,73.41,72.29
7.00,7.00,60.43,70.20,70.31
8.15,8.15,58.65,71.02,69.98
6.49,6.49,57.50,73.09,69.60
9.18,9.18,55.43,67.30,68.92
11.66,11.66,54.57,60.34,69.56
13.53,13.53,53.28,49.87,68.27
11.83,11.83,52.17,43.23,67.82
8.94,8.94,55.81,48.15,66.22
7.21,7.21,62.75,57.67,67.65
8.60,8.60,78.80,70.33,74.71
3.47,3.47,72.20,70.46,73.97
9.55,9.55,69.46,72.16,74.19
12.17,12.17,66.93,70.15,73.51
6.30,6.30,70.68,74.85,72.72
2.30,2.30,74.54,70.58,69.54
3.86,3.86,76.94,74.40,70.42
9.26,9.26,71.72,71.52,72.13
10.31,10.31,62.80,69.56,73.23
16.51,16.51,61.94,73.47,73.37
11.11,11.11,61.28,66.48,73.11
10.28,10.28,61.05,72.05,71.92
7.30,7.30,57.88,75.38,72.59
10.73,10.73,62.64,72.66,68.39
3.31,3.31,70.13,76.47,71.02
4.46,4.46,74.43,71.50,69.28
5.16,5.16,71.92,73.13,69.43
2.96,2.96,70.70,69.66,69.64
12.04,12.04,68.00,60.12,68.33
13.28,13.28,66.18,53.00,70.34
11.06,11.06,64.84,46.26,69.37
7.75,7.75,62.85,55.32,67.36
11.15,11.15,63.63,65.75,74.35
13.37,13.37,63.33,71.00,74.24
5.80,5.80,61.57,77.63,74.07
7.11,7.11,57.19,64.44,73.26
9.83,9.83,56.62,74.96,73.68
9.06,9.06,56.86,72.18,73.45
6.98,6.98,56.51,68.41,68.72
6.13,6.13,68.51,72.22,69.73
8.54,8.54,76.01,71.05,70.72
8.22,8.22,72.01,68.21,68.47
8.99,8.99,69.73,67.90,68.99
10.61,10.61,66.68,62.75,68.74
9.11,9.11,69.62,58.60,68.30
9.71,9.71,74.68,57.57,68.04
6.12,6.12,77.19,56.76,64.13
7.81,7.81,72.10,69.12,71.33
5.53,5.53,65.00,66.97,75.00
14.22,14.22,62.55,77.67,73.84
11.15,11.15,61.15,69.19,74.70
4.32,4.32,59.11,73.14,73.69
4.35,4.35,59.58,73.89,73.16
3.87,3.87,60.18,69.38,66.84
6.88,6.88,68.60,77.38,69.77
5.00,5.00,74.48,71.71,69.16
2.39,2.39,70.99,70.84,70.09
5.40,5.40,68.85,68.66,70.50
9.32,9.32,67.68,56.49,69.83
6.33,6.33,65.40,54.81,70.52
13.31,13.31,62.24,51.69,67.76
9.23,9.23,61.21,52.79,64.99
10.83,10.83,74.54,65.56,72.58
9.29,9.29,74.03,68.15,73.50
9.40,9.40,72.13,75.09,74.41
12.52,12.52,72.08,70.67,73.98
1.84,1.84,65.99,77.33,73.03
2.94,2.94,72.17,75.69,72.47
3.79,3.79,75.48,71.92,73.25
3.91,3.91,73.40,67.66,74.34
2.94,2.94,67.49,72.20,74.48
1.45,1.45,63.37,70.13,74.37
2.36,2.36,60.65,72.42,74.67
7.53,7.53,62.78,78.11,76.71
10.55,10.55,57.50,68.91,75.60
10.74,10.74,59.80,78.54,77.21
7.29,7.29,65.70,72.71,75.84
10.82,10.82,75.44,75.79,74.53
7.44,7.44,72.30,68.33,72.90
8.13,8.13,74.88,74.55,73.18
11.17,11.17,72.16,69.13,73.15
13.94,13.94,68.78,76.56,73.37
15.68,15.68,73.17,75.47,74.78
9.63,9.63,73.54,74.48,74.04
8.49,8.49,74.66,75.84,72.11
9.31,9.31,76.01,66.72,72.82
4.09,4.09,74.09,69.03,74.28
2.72,2.72,68.21,71.07,75.23
1.05,1.05,65.39,74.46,75.55
2.58,2.58,64.63,68.95,72.88
6.26,6.26,62.26,74.55,73.25
6.91,6.91,60.45,70.36,71.27
7.55,7.55,58.07,68.86,73.13
10.13,10.13,57.29,73.30,73.37
7.88,7.88,56.81,66.88,74.07
7.35,7.35,55.07,60.06,73.99
9.87,9.87,55.30,56.11,73.23
15.59,15.59,55.06,37.99,72.43
14.90,14.90,51.30,43.46,67.36
14.72,14.72,50.28,39.33,66.27
17.07,17.07,49.04,32.14,69.89
17.30,17.30,47.82,30.91,69.53
19.40,19.40,45.42,26.20,68.60
20.20,20.20,44.81,24.18,69.35
22.86,22.86,45.06,22.62,68.89
21.90,21.90,42.59,26.87,62.05
20.97,20.97,41.52,27.61,52.78
23.04,23.04,40.18,30.33,66.60
19.78,19.78,36.50,25.41,69.63
20.03,20.03,39.83,19.97,69.29
21.69,21.69,40.54,20.03,68.37
24.57,24.57,37.97,24.59,69.37
24.24,24.24,37.41,27.42,67.94
17.00,17.00,31.47,22.03,50.81
20.10,20.10,43.17,22.24,54.09
16.47,16.47,53.46,26.60,71.21
13.24,13.24,54.20,27.47,72.66
14.04,14.04,50.68,25.86,70.66
18.66,18.66,52.79,24.73,69.37
24.68,24.68,52.12,26.40,71.33
25.99,25.99,45.96,23.57,64.37
19.29,19.29,35.32,24.50,41.96
11.93,11.93,31.23,24.61,32.37
10.82,10.82,35.24,24.19,29.71
10.71,10.71,27.39,20.04,27.19
10.93,10.93,28.97,20.30,19.25
12.66,12.66,28.46,18.62,20.30
14.18,14.18,26.05,22.74,24.03
17.71,17.71,28.59,20.06,29.01
20.20,20.20,35.78,27.41,50.50
20.44,20.44,41.70,31.32,71.03
19.03,19.03,43.63,31.24,70.69
16.01,16.01,41.12,32.27,71.61
18.15,18.15,40.65,25.10,70.09
21.77,21.77,42.06,31.58,69.62
23.23,23.23,37.96,31.33,60.64
17.09,17.09,23.00,15.47,38.23
8.48,8.48,25.10,16.19,22.01
3.21,3.21,22.60,14.01,16.58
0.88,0.88,25.41,16.04,15.11
-0.00,-0.00,19.29,10.68,7.62
-0.00,-0.00,21.76,12.94,8.69
-0.00,-0.00,15.46,8.40,6.59
-0.00,-0.00,16.93,7.29,5.02
-0.00,-0.00,19.27,7.63,4.26
-0.00,-0.00,15.84,8.10,2.44
-0.00,-0.00,20.15,10.92,3.61
0.86,0.86,15.22,7.57,2.72
6.19,6.19,18.48,8.11,6.37
8.42,8.42,12.93,5.86,8.42
13.50,13.50,14.89,11.81,18.84
18.65,18.65,23.77,22.44,30.67
25.56,25.56,42.04,33.62,69.58
17.85,17.85,42.71,34.96,69.98
16.16,16.16,40.85,31.16,70.97
15.62,15.62,38.78,29.08,70.76
19.49,19.49,37.01,22.36,69.82
27.40,27.40,39.08,33.70,67.91
24.89,24.89,26.68,22.14,49.50
16.05,16.05,11.20,4.20,25.20
8.08,8.08,2.14,0.03,10.37
3.62,3.62,0.24,-0.00,4.58
0.46,0.46,0.01,-0.00,0.51
8.09,8.09,1.96,1.23,7.95
11.53,11.53,9.02,5.03,11.36
19.12,19.12,12.59,12.13,19.58
21.03,21.03,21.82,21.74,29.20
26.11,26.11,39.38,35.39,68.94
20.25,20.25,37.39,33.68,70.22
17.86,17.86,35.96,30.65,71.20
18.11,18.11,34.54,34.22,70.29
19.39,19.39,33.50,27.55,69.53
23.58,23.58,35.17,30.23,68.05
19.93,19.93,26.21,22.21,48.43
12.56,12.56,10.71,4.52,23.65
5.22,5.22,1.52,0.03,8.24
2.81,2.81,0.19,-0.00,4.85
0.22,0.22,-0.00,-0.00,0.61
2.08,2.08,2.21,0.31,4.04
7.10,7.10,6.59,5.77,8.85
13.32,13.32,14.97,9.81,18.66
18.55,18.55,23.90,26.99,31.00
24.31,24.31,37.72,31.80,69.04
15.59,15.59,37.05,30.59,70.83
17.40,17.40,35.13,28.33,70.17
17.99,17.99,32.89,29.50,70.54
15.71,15.71,31.14,22.04,69.75
16.24,16.24,29.98,23.40,69.59
19.04,19.04,30.99,23.52,69.37
20.59,20.59,36.98,28.31,69.66
21.01,21.01,32.88,23.16,69.64
23.80,23.80,31.71,27.51,71.72
24.92,24.92,33.39,24.37,69.68
26.22,26.22,37.76,27.49,70.64
28.89,28.89,34.85,24.63,71.34
24.06,24.06,29.07,23.57,61.46
11.49,11.49,25.13,27.27,39.04
24.25,24.25,36.43,33.23,69.14
22.70,22.70,35.23,28.67,69.89
22.12,22.12,33.10,30.07,69.36
23.50,23.50,34.50,22.40,70.78
25.77,25.77,36.34,32.27,69.53
25.03,25.03,33.99,30.94,67.96
12.91,12.91,15.70,19.88,47.47
18.63,18.63,31.85,31.18,48.94
25.34,25.34,37.62,29.88,70.38
20.81,20.81,35.79,28.28,70.03
24.41,24.41,37.42,24.43,70.86
24.03,24.03,35.39,29.61,70.52
24.65,24.65,33.60,25.03,69.90
22.80,22.80,27.46,22.20,61.75
13.28,13.28,21.92,17.83,38.98
26.61,26.61,40.36,34.58,65.66
24.11,24.11,42.32,33.27,70.10
23.81,23.81,43.92,29.49,70.71
21.66,21.66,42.16,28.27,70.47
22.03,22.03,40.88,23.88,69.70
21.71,21.71,39.17,29.72,67.83
15.59,15.59,28.28,21.96,49.34
16.10,16.10,38.22,35.67,50.91
20.96,20.96,34.03,31.64,69.72
21.42,21.42,35.78,31.18,69.31
23.75,23.75,35.47,27.95,69.28
25.24,25.24,35.37,27.50,69.99
25.39,25.39,36.21,30.86,69.56
21.25,21.25,27.60,28.26,61.87
13.05,13.05,24.23,30.53,41.95
22.45,22.45,34.70,33.54,64.85
22.94,22.94,33.23,32.04,69.01
21.93,21.93,33.43,30.00,69.31
20.73,20.73,32.27,26.06,69.85
23.82,23.82,36.47,26.85,69.42
21.08,21.08,38.73,28.58,68.50
18.20,18.20,27.24,18.71,48.23
25.88,25.88,37.21,17.16,52.06
25.68,25.68,42.87,25.71,71.26
22.08,22.08,41.26,25.45,71.94
20.97,20.97,38.89,22.71,70.19
23.62,23.62,40.50,24.97,70.27
26.47,26.47,43.41,29.53,71.24
27.23,27.23,39.80,24.18,64.53
17.64,17.64,25.95,14.86,39.50
8.34,8.34,13.15,5.73,15.80
2.44,2.44,5.80,0.93,4.90
0.04,0.04,0.16,-0.00,0.36
3.04,3.04,0.14,-0.00,3.31
5.13,5.13,2.57,0.61,5.42
9.61,9.61,7.70,8.32,11.74
13.72,13.72,15.95,14.28,17.72
19.65,19.65,34.89,28.45,47.29
19.95,19.95,41.07,29.67,70.95
20.07,20.07,41.48,29.01,70.77
19.70,19.70,40.12,31.56,71.48
20.68,20.68,36.62,24.09,70.37
26.26,26.26,40.20,30.98,68.81
25.84,25.84,35.86,26.45,61.63
17.31,17.31,16.88,11.06,36.88
8.60,8.60,7.97,7.45,15.41
3.49,3.49,2.86,1.14,5.06
0.39,0.39,0.09,-0.00,0.75
-0.00,-0.00,-0.00,-0.00,-0.00
-0.00,-0.00,-0.00,-0.00,-0.00
-0.00,-0.00,-0.00,-0.00,-0.00
-0.00,-0.00,-0.00,-0.00,-0.00
-0.00,-0.00,-0.00,-0.00,-0.00
-0.00,-0.00,-0.00,-0.00,-0.00
-0.00,-0.00,-0.00,-0.00,-0.00
0.34,0.34,0.01,-0.00,0.15
1.87,1.87,0.23,0.29,1.77
4.18,4.18,5.17,3.28,5.16
12.61,12.61,14.65,12.31,15.82
19.96,19.96,23.06,23.73,27.41
28.25,28.25,42.37,33.91,69.17
19.38,19.38,40.49,31.79,70.38
18.15,18.15,38.83,30.20,71.26
17.56,17.56,36.61,29.42,71.16
21.36,21.36,36.81,27.06,69.96
27.50,27.50,37.48,31.97,68.13
21.08,21.08,22.68,20.45,48.70
12.86,12.86,10.78,9.23,25.28
6.48,6.48,3.47,4.61,7.44
1.76,1.76,0.12,0.21,2.24
0.54,0.54,0.00,-0.00,0.50
6.70,6.70,0.99,1.54,6.33
8.77,8.77,5.87,3.69,8.71
14.89,14.89,14.68,12.86,17.99
15.95,15.95,20.82,22.59,26.92
25.64,25.64,38.51,35.04,69.25
22.40,22.40,37.04,32.68,70.19
22.64,22.64,37.44,30.33,71.44
20.92,20.92,33.89,29.64,70.85
20.43,20.43,31.43,21.36,70.21
25.06,25.06,34.42,27.42,68.06
18.24,18.24,21.48,18.02,48.33
9.32,9.32,9.12,7.30,23.68
2.78,2.78,1.58,2.85,5.94
0.83,0.83,0.23,0.01,2.14
-0.00,-0.00,-0.00,-0.00,0.06
3.27,3.27,2.51,1.16,4.16
8.14,8.14,6.75,9.04,10.15
12.42,12.42,15.97,13.13,15.95
14.08,14.08,22.47,24.88,26.69
22.17,22.17,37.54,33.16,69.40
16.23,16.23,35.07,35.89,70.59
17.64,17.64,32.68,34.98,70.18
19.17,19.17,32.83,35.64,70.63
16.93,16.93,29.46,32.12,69.65
17.16,17.16,28.30,30.41,69.50
18.87,18.87,30.35,31.66,68.64
20.32,20.32,30.30,32.19,69.70
19.94,19.94,35.05,33.53,69.68
20.67,20.67,31.63,31.38,71.65
24.22,24.22,30.12,29.70,69.97
24.04,24.04,34.40,31.70,70.72
27.01,27.01,33.47,29.98,71.56
21.94,21.94,27.65,26.56,60.99
16.65,16.65,25.64,26.44,38.97
23.29,23.29,35.56,33.60,68.27
22.15,22.15,33.49,31.27,69.55
20.34,20.34,34.47,31.08,69.19
22.51,22.51,33.84,24.55,70.87
23.20,23.20,38.24,30.37,70.05
23.71,23.71,35.80,29.41,68.00
14.49,14.49,22.95,17.87,48.98
23.42,23.42,30.36,30.61,49.92
21.17,21.17,35.66,31.59,70.17
17.28,17.28,34.93,33.71,69.63
21.93,21.93,35.02,34.89,70.66
22.03,22.03,32.80,36.03,70.58
21.72,21.72,30.33,33.94,69.62
21.34,21.34,28.24,25.03,61.77
19.16,19.16,27.02,20.15,41.35
28.21,28.21,43.94,32.41,66.59
24.94,24.94,44.76,31.08,69.99
23.14,23.14,43.88,26.82,71.05
21.82,21.82,42.90,31.89,70.66
20.70,20.70,40.44,29.30,70.00
22.78,22.78,39.29,30.07,67.77
15.82,15.82,26.05,17.86,48.91
15.51,15.51,28.19,29.05,51.25
23.65,23.65,27.66,36.22,70.66
21.41,21.41,27.14,38.05,69.35
22.11,22.11,29.49,35.63,69.63
24.79,24.79,28.65,35.29,70.01
25.07,25.07,32.36,36.72,69.62
20.66,20.66,28.77,30.96,61.19
18.46,18.46,22.51,24.94,40.90
24.32,24.32,28.50,34.94,68.33
22.05,22.05,23.68,35.36,70.25
19.16,19.16,29.50,35.29,69.82
23.45,23.45,32.06,36.72,70.79
23.05,23.05,32.50,33.70,70.10
23.16,23.16,34.01,33.25,68.32
19.93,19.93,26.10,19.74,48.28
27.61,27.61,36.28,24.62,51.79
26.67,26.67,43.80,32.79,71.46
21.91,21.91,41.69,29.05,72.15
22.63,22.63,39.17,21.49,70.70
23.48,23.48,41.23,21.03,70.47
26.57,26.57,42.46,28.36,71.66
27.41,27.41,39.81,24.58,64.59
19.27,19.27,27.72,15.64,42.73
10.17,10.17,11.77,5.29,17.33
3.04,3.04,3.06,0.69,4.89
0.02,0.02,0.01,-0.00,0.10
2.31,2.31,0.03,-0.00,2.32
2.35,2.35,1.94,1.04,3.35
6.09,6.09,7.82,9.00,10.84
12.39,12.39,16.71,15.98,18.44
20.07,20.07,33.38,27.70,50.32
20.88,20.88,41.07,28.16,71.00
20.74,20.74,41.47,30.93,70.77
21.02,21.02,40.41,29.74,71.44
20.75,20.75,37.14,23.50,70.44
25.73,25.73,40.01,32.13,68.88
26.34,26.34,34.30,25.94,61.82
18.14,18.14,16.26,11.26,37.17
9.03,9.03,7.85,7.05,14.70
3.50,3.50,2.14,1.40,4.83
0.32,0.32,0.07,-0.00,0.54
-0.00,-0.00,-0.00,-0.00,-0.00
-0.00,-0.00,-0.00,-0.00,-0.00
-0.00,-0.00,-0.00,-0.00,-0.00
-0.00,-0.00,-0.00,-0.00,-0.00
-0.00,-0.00,-0.00,-0.00,-0.00
-0.00,-0.00,-0.00,-0.00,-0.00
-0.00,-0.00,-0.00,-0.00,-0.00
-0.00,-0.00,-0.00,-0.00,-0.00
0.24,0.24,0.20,0.40,0.41
2.57,2.57,3.19,3.79,4.22
10.93,10.93,14.14,12.96,15.41
17.98,17.98,19.19,25.21,26.50
26.97,26.97,38.57,33.91,70.24
21.89,21.89,40.00,32.96,70.68
19.98,19.98,38.33,31.80,71.27
19.21,19.21,36.35,31.07,71.06
21.65,21.65,36.94,26.33,69.97
28.55,28.55,36.56,34.14,68.13
21.28,21.28,21.44,20.12,49.54
14.07,14.07,11.41,10.47,27.67
6.65,6.65,4.38,6.00,8.12
1.15,1.15,0.19,0.23,1.99
0.63,0.63,0.00,-0.00,0.60
4.75,4.75,0.44,0.76,3.69
5.04,5.04,4.61,3.54,6.67
11.13,11.13,14.95,14.24,15.66
15.36,15.36,18.82,24.81,25.87
26.81,26.81,37.89,37.97,69.55
23.02,23.02,35.25,32.82,70.31
23.68,23.68,35.13,31.63,71.38
21.37,21.37,33.48,31.11,70.59
20.62,20.62,31.42,21.35,70.05
24.05,24.05,33.25,29.49,68.15
18.06,18.06,21.47,17.15,47.95
9.38,9.38,8.90,7.86,23.86
3.58,3.58,1.38,4.27,6.18
0.80,0.80,0.08,0.28,1.89
0.01,0.01,0.06,-0.00,0.21
5.22,5.22,1.34,0.80,5.99
8.29,8.29,4.39,7.02,10.08
12.98,12.98,13.65,15.56,15.90
13.70,13.70,20.25,26.38,27.40
22.01,22.01,34.70,35.63,68.89
16.44,16.44,31.91,35.85,70.41
18.46,18.46,30.14,37.16,70.53
18.69,18.69,29.71,38.42,70.85
16.70,16.70,27.56,38.63,70.35
16.76,16.76,24.30,32.86,69.72
17.74,17.74,25.23,34.88,68.82
19.32,19.32,28.77,35.74,69.83
19.03,19.03,29.52,35.00,69.86
19.72,19.72,27.08,31.80,72.10
23.66,23.66,29.20,31.60,69.93
23.33,23.33,32.97,32.98,71.04
24.53,24.53,31.26,31.50,71.94
21.63,21.63,26.23,27.23,61.92
14.64,14.64,23.31,26.07,39.39
21.87,21.87,31.73,31.41,68.72
22.00,22.00,30.86,36.61,70.43
19.94,19.94,30.65,31.71,69.80
20.91,20.91,36.29,34.02,70.63
22.57,22.57,37.30,32.96,70.14
20.83,20.83,37.10,32.87,67.90
15.41,15.41,22.72,21.04,48.51
24.80,24.80,29.48,31.62,49.44
24.72,24.72,36.50,35.21,70.75
22.15,22.15,33.15,33.35,70.10
23.95,23.95,32.47,34.13,70.97
22.69,22.69,32.02,36.71,70.72
21.60,21.60,28.70,33.07,69.86
21.23,21.23,25.56,26.45,61.59
21.73,21.73,24.90,16.85,39.05
28.45,28.45,39.64,35.93,66.45
25.74,25.74,40.77,33.08,70.78
24.87,24.87,41.47,30.61,71.54
24.53,24.53,40.74,30.95,71.01
22.52,22.52,38.91,26.91,69.99
23.24,23.24,38.24,25.51,68.08
16.28,16.28,24.74,18.39,49.62
14.99,14.99,27.97,30.66,50.56
23.78,23.78,25.06,34.52,70.41
23.00,23.00,26.56,40.00,69.21
22.47,22.47,27.23,38.98,70.00
24.37,24.37,25.74,39.41,70.41
24.19,24.19,23.93,40.57,70.32
21.83,21.83,20.44,31.19,61.73
23.08,23.08,22.43,25.08,39.54
28.24,28.24,32.71,35.61,65.24
22.73,22.73,27.00,36.45,70.39
20.88,20.88,29.54,34.88,69.43
21.71,21.71,31.50,32.85,70.78
22.72,22.72,31.62,34.21,70.00
23.31,23.31,30.77,27.33,68.36
26.62,26.62,27.83,22.28,48.30
33.15,33.15,37.56,27.53,53.96
29.42,29.42,44.05,31.61,71.45
24.68,24.68,39.99,30.02,71.75
27.11,27.11,36.79,24.09,70.46
28.47,28.47,37.87,20.72,70.53
28.30,28.30,39.51,30.40,71.90
28.59,28.59,38.25,29.19,64.62
19.46,19.46,26.92,13.61,40.41
10.24,10.24,11.18,3.21,16.14
2.23,2.23,2.92,0.05,4.63
0.00,0.00,0.00,-0.00,0.13
-0.00,-0.00,-0.00,-0.00,0.01
0.20,0.20,0.82,1.48,1.79
3.44,3.44,7.60,9.63,10.16
11.29,11.29,17.90,16.12,19.27
19.81,19.81,34.03,28.39,48.76
20.59,20.59,41.81,29.90,71.31
21.23,21.23,41.55,32.71,70.58
21.86,21.86,40.08,30.09,71.52
21.37,21.37,35.87,27.40,70.45
26.47,26.47,40.84,29.42,68.99
26.08,26.08,32.17,29.54,61.65
18.15,18.15,18.92,11.40,38.49
9.65,9.65,7.29,6.60,15.41
3.62,3.62,2.31,1.99,4.50
0.11,0.11,0.06,-0.00,0.27
-0.00,-0.00,-0.00,-0.00,-0.00
-0.00,-0.00,-0.00,-0.00,-0.00
-0.00,-0.00,-0.00,-0.00,-0.00
-0.00,-0.00,-0.00,-0.00,-0.00
-0.00,-0.00,-0.00,-0.00,-0.00
-0.00,-0.00,-0.00,-0.00,-0.00
-0.00,-0.00,-0.00,-0.00,-0.00
-0.00,-0.00,-0.00,-0.00,-0.00
0.51,0.51,0.35,0.60,0.98
5.01,5.01,5.52,5.69,6.94
11.68,11.68,13.62,12.43,15.60
19.01,19.01,20.99,26.93,27.04
29.09,29.09,39.86,35.28,69.52
22.63,22.63,39.61,34.71,70.55
20.62,20.62,36.40,32.90,71.29
19.66,19.66,35.45,30.50,71.46
21.08,21.08,34.38,27.48,69.91
28.26,28.26,36.84,33.58,67.83
22.45,22.45,22.16,23.37,49.32
13.10,13.10,11.57,12.03,25.18
5.55,5.55,4.98,6.18,8.39
0.46,0.46,0.10,0.11,0.78
0.23,0.23,-0.00,-0.00,0.14
1.29,1.29,0.14,0.23,0.81
2.78,2.78,3.56,4.81,5.17
8.31,8.31,12.72,13.92,14.52
14.53,14.53,18.70,25.15,26.48
27.09,27.09,37.17,34.51,69.44
24.14,24.14,35.23,33.79,70.86
23.95,23.95,33.82,30.88,71.11
23.17,23.17,32.21,32.54,70.58
21.62,21.62,32.02,25.15,70.03
25.45,25.45,33.87,30.12,68.58
17.97,17.97,20.44,14.44,48.67
9.59,9.59,10.41,5.76,25.16
3.52,3.52,4.09,4.23,7.28
0.43,0.43,0.23,0.34,1.56
0.03,0.03,0.22,-0.00,0.41
4.98,4.98,0.63,0.34,5.40
6.03,6.03,3.59,7.04,8.88
10.55,10.55,12.44,16.73,16.95
12.05,12.05,19.21,28.02,28.72
22.09,22.09,34.34,34.98,69.24
17.28,17.28,29.12,35.60,70.57
19.37,19.37,29.46,35.68,70.71
20.81,20.81,30.65,36.52,70.84
18.13,18.13,28.66,34.45,70.25
16.75,16.75,28.03,33.16,70.00
18.94,18.94,30.30,32.75,69.35
19.77,19.77,27.64,34.23,69.69
19.57,19.57,33.47,36.03,69.60
20.60,20.60,25.54,31.86,72.03
23.64,23.64,28.33,31.82,69.96
22.98,22.98,31.43,32.00,71.09
26.70,26.70,32.54,31.18,71.70
21.07,21.07,26.60,26.66,61.30
9.65,9.65,20.55,24.52,38.67
19.71,19.71,35.63,30.73,64.51
19.96,19.96,34.12,32.37,70.27
19.23,19.23,33.36,30.93,68.98
18.79,18.79,38.13,30.53,70.89
20.46,20.46,37.74,33.62,70.35
18.91,18.91,37.47,28.83,68.40
13.97,13.97,24.41,26.68,48.25
17.94,17.94,31.59,31.02,50.31
19.98,19.98,34.81,33.25,70.52
17.38,17.38,34.49,34.30,70.22
20.98,20.98,34.41,35.63,70.77
21.37,21.37,33.76,37.50,70.93
19.59,19.59,30.65,33.14,70.27
18.78,18.78,26.48,25.73,61.95
18.76,18.76,25.40,21.90,39.45
26.00,26.00,41.63,37.34,68.29
22.11,22.11,42.08,34.19,72.52
20.76,20.76,41.02,36.23,72.97
19.82,19.82,40.94,33.23,72.67
20.11,20.11,38.19,28.25,72.02
23.62,23.62,36.79,29.92,69.70
18.97,18.97,26.38,26.39,51.44
16.52,16.52,29.46,37.63,51.65
20.54,20.54,35.07,32.58,68.77
19.81,19.81,34.54,35.80,69.64
19.40,19.40,34.49,34.50,68.30
21.55,21.55,36.21,37.54,68.80
22.92,22.92,33.87,33.84,68.74
21.83,21.83,26.58,33.25,62.30
22.38,22.38,18.95,28.09,39.53
29.38,29.38,35.33,40.54,63.52
23.55,23.55,37.04,33.39,69.20
19.85,19.85,32.22,39.65,69.58
20.26,20.26,31.08,38.94,68.43
20.37,20.37,33.39,36.70,69.34
19.38,19.38,34.18,33.23,68.05
14.05,14.05,20.58,22.41,47.09
25.52,25.52,30.82,24.59,51.83
28.53,28.53,40.84,30.07,71.31
26.37,26.37,37.83,30.48,72.17
26.92,26.92,36.15,24.80,70.24
26.04,26.04,36.13,22.94,69.91
27.04,27.04,38.42,29.91,71.50
28.50,28.50,36.88,25.15,64.47
19.56,19.56,24.21,11.28,40.52
9.64,9.64,9.81,3.96,15.37
1.70,1.70,2.23,0.03,4.14
0.03,0.03,0.05,-0.00,0.41
-0.00,-0.00,-0.00,-0.00,0.01
0.53,0.53,0.79,2.05,2.22
4.42,4.42,6.71,10.66,10.55
11.09,11.09,16.48,16.57,18.30
19.66,19.66,31.75,29.71,49.47
21.42,21.42,40.08,29.69,70.84
21.62,21.62,40.53,30.39,70.47
21.87,21.87,38.62,30.46,71.27
23.01,23.01,35.11,26.03,69.53
27.91,27.91,37.36,28.79,69.18
27.46,27.46,31.95,29.29,62.12
18.79,18.79,18.08,13.24,39.21
8.56,8.56,7.86,7.40,14.96
2.66,2.66,1.78,1.57,3.95
0.03,0.03,-0.00,-0.00,0.23
-0.00,-0.00,-0.00,-0.00,-0.00
-0.00,-0.00,-0.00,-0.00,-0.00
-0.00,-0.00,-0.00,-0.00,-0.00
-0.00,-0.00,-0.00,-0.00,-0.00
-0.00,-0.00,-0.00,-0.00,-0.00
-0.00,-0.00,-0.00,-0.00,-0.00
-0.00,-0.00,-0.00,-0.00,-0.00
-0.00,-0.00,-0.00,-0.00,-0.00
2.64,2.64,0.30,0.97,2.81
8.04,8.04,6.00,4.97,8.77
16.64,16.64,13.34,12.20,17.88
21.73,21.73,19.82,25.74,28.37
30.24,30.24,39.36,34.68,69.45
25.26,25.26,37.41,33.69,70.04
23.27,23.27,34.91,32.39,70.75
20.68,20.68,33.69,30.90,71.24
22.65,22.65,33.87,27.58,69.86
28.88,28.88,33.50,31.79,67.91
22.46,22.46,21.16,23.95,50.31
12.45,12.45,11.18,11.88,25.65
3.93,3.93,2.45,3.52,9.04
0.24,0.24,0.01,0.02,0.73
-0.00,-0.00,-0.00,-0.00,0.00
0.16,0.16,0.07,0.31,0.58
4.36,4.36,3.14,4.82,5.67
9.76,9.76,12.03,13.34,13.93
16.78,16.78,18.66,24.65,27.08
29.16,29.16,35.51,34.70,69.17
27.03,27.03,32.86,32.58,70.02
25.34,25.34,31.73,32.82,71.30
22.92,22.92,28.71,31.49,70.75
22.38,22.38,27.70,22.36,70.32
26.09,26.09,30.32,29.88,67.94
18.94,18.94,19.62,18.24,47.86
11.28,11.28,11.65,12.92,26.38
4.17,4.17,5.26,9.10,9.45
0.21,0.21,0.84,0.92,2.11
0.03,0.03,0.19,-0.00,0.36
2.62,2.62,0.15,0.53,2.85
3.19,3.19,3.08,9.42,10.72
6.55,6.55,12.42,19.20,19.51
11.70,11.70,17.98,29.63,28.34
24.02,24.02,32.30,36.49,68.77
17.74,17.74,27.66,35.38,70.74
18.89,18.89,28.67,35.21,70.07
19.79,19.79,26.51,34.91,70.70
17.77,17.77,29.21,34.72,69.47
17.45,17.45,27.09,30.92,69.98
18.54,18.54,28.03,31.77,68.82
18.44,18.44,30.69,33.91,69.39
20.02,20.02,30.27,32.62,69.97
21.48,21.48,29.28,29.43,71.85
23.32,23.32,29.01,29.07,70.48
23.31,23.31,33.77,31.57,70.91
26.49,26.49,31.66,30.05,71.75
21.95,21.95,25.22,28.89,60.73
16.89,16.89,17.32,28.74,40.00
23.78,23.78,33.87,36.36,65.18
20.99,20.99,31.89,33.17,70.43
18.28,18.28,32.06,33.23,69.07
21.83,21.83,36.70,33.56,70.36
21.14,21.14,35.80,34.35,69.57
21.27,21.27,34.17,30.42,68.01
13.99,13.99,24.42,26.05,48.17
21.60,21.60,30.52,33.05,50.00
24.65,24.65,33.02,37.36,70.94
20.97,20.97,32.79,34.71,69.85
23.12,23.12,32.72,34.98,70.92
22.45,22.45,31.49,35.22,70.64
22.49,22.49,30.28,31.41,69.86
20.40,20.40,25.54,25.43,61.56
13.81,13.81,19.08,21.11,38.44
25.19,25.19,38.01,32.70,65.53
26.17,26.17,38.78,30.49,69.83
25.16,25.16,37.48,32.46,70.86
24.69,24.69,37.75,31.25,70.65
23.24,23.24,37.35,25.24,70.13
25.57,25.57,35.68,28.02,67.67
18.88,18.88,26.68,25.30,49.19
21.87,21.87,31.02,34.65,49.40
28.93,28.93,29.58,37.70,69.96
28.01,28.01,29.08,41.54,69.53
24.60,24.60,32.07,38.92,69.45
25.40,25.40,34.39,38.29,70.30
26.46,26.46,33.09,37.37,69.90
27.58,27.58,28.93,31.75,60.78
24.59,24.59,18.90,26.75,38.94
35.71,35.71,31.02,38.21,64.24
29.87,29.87,24.83,40.90,69.23
25.55,25.55,26.88,42.28,69.52
24.73,24.73,28.21,40.87,69.59
23.34,23.34,27.48,41.37,69.89
21.97,21.97,24.00,40.58,68.48
15.83,15.83,16.81,23.74,47.38
23.19,23.19,29.72,28.83,50.70
27.42,27.42,38.46,35.16,71.82
28.74,28.74,35.19,36.26,72.24
27.55,27.55,34.39,28.06,70.86
27.49,27.49,35.36,25.77,70.08
28.36,28.36,35.94,29.40,71.24
31.23,31.23,33.59,28.20,63.89
25.61,25.61,27.23,12.19,40.19
14.24,14.24,13.00,3.65,19.50
3.31,3.31,3.72,0.74,5.47
0.39,0.39,0.66,-0.00,1.89
-0.00,-0.00,0.00,0.00,0.04
0.51,0.51,0.89,1.83,3.07
4.00,4.00,7.29,10.70,11.49
9.28,9.28,14.93,18.05,18.91
19.04,19.04,29.95,30.72,48.14
19.63,19.63,35.68,29.08,70.74
20.29,20.29,38.09,32.74,70.53
21.99,21.99,37.59,34.19,71.44
21.80,21.80,34.42,26.07,70.66
28.73,28.73,37.81,31.17,69.31
27.83,27.83,31.10,28.13,62.01
19.94,19.94,17.52,15.41,38.35
8.38,8.38,6.53,10.25,16.01
1.63,1.63,1.03,2.09,3.45
-0.00,-0.00,0.02,-0.00,0.21
-0.00,-0.00,-0.00,-0.00,-0.00
-0.00,-0.00,-0.00,-0.00,-0.00
-0.00,-0.00,-0.00,-0.00,-0.00
-0.00,-0.00,-0.00,-0.00,-0.00
-0.00,-0.00,-0.00,-0.00,-0.00
-0.00,-0.00,-0.00,-0.00,-0.00
-0.00,-0.00,-0.00,-0.00,-0.00
0.01,0.01,-0.00,-0.00,0.02
4.18,4.18,0.91,2.05,5.34
9.20,9.20,5.74,5.75,9.76
15.81,15.81,13.57,13.46,19.17
20.99,20.99,18.53,26.73,29.23
31.58,31.58,37.04,32.73,69.64
27.65,27.65,35.29,33.15,70.79
24.30,24.30,31.68,32.04,70.85
21.92,21.92,32.00,30.17,71.12
23.79,23.79,33.02,27.60,69.90
28.49,28.49,31.45,32.65,67.97
21.79,21.79,20.58,19.48,49.36
11.05,11.05,7.22,14.45,23.83
3.16,3.16,0.60,6.95,8.20
0.21,0.21,-0.00,0.20,0.71
0.00,0.00,-0.00,-0.00,0.09
1.72,1.72,0.14,1.23,1.71
8.55,8.55,1.73,4.62,8.60
15.58,15.58,11.99,13.67,18.17
20.38,20.38,16.86,25.68,28.31
27.27,27.27,32.79,34.00,69.35
22.41,22.41,30.55,34.49,70.13
23.95,23.95,33.33,29.93,71.31
22.90,22.90,27.74,31.35,70.84
21.41,21.41,26.73,21.38,69.82
26.38,26.38,28.73,29.66,67.87
19.03,19.03,17.80,21.17,47.75
8.89,8.89,10.08,15.08,25.18
3.12,3.12,2.88,8.84,10.52
0.10,0.10,0.06,0.82,1.29
-0.00,-0.00,-0.00,-0.00,0.02
0.19,0.19,0.00,1.12,1.03
6.34,6.34,2.44,8.97,9.48
9.33,9.33,11.54,15.21,13.74
12.85,12.85,17.08,25.39,27.35
24.12,24.12,26.39,35.53,68.95
17.73,17.73,25.31,35.54,70.24
18.24,18.24,22.94,36.05,70.29
18.66,18.66,23.92,35.77,70.56
15.82,15.82,25.26,34.12,69.61
14.25,14.25,23.11,33.28,69.46
16.43,16.43,25.72,34.49,69.19
17.38,17.38,27.69,36.28,69.59
18.36,18.36,25.75,32.60,69.76
19.87,19.87,26.66,30.70,71.72
22.72,22.72,26.81,31.44,70.01
24.49,24.49,29.81,32.26,70.70
25.61,25.61,27.85,30.66,71.54
20.21,20.21,19.72,29.20,61.39
10.27,10.27,18.42,29.11,40.80
20.62,20.62,32.64,35.16,68.23
19.61,19.61,28.42,31.41,70.11
18.06,18.06,31.37,33.12,68.92
20.07,20.07,37.45,33.48,70.62
20.21,20.21,34.87,32.64,70.01
20.82,20.82,33.15,31.77,67.77
17.32,17.32,21.44,23.39,47.69
23.46,23.46,26.64,31.20,50.27
23.30,23.30,28.53,34.55,70.96
19.98,19.98,30.76,37.84,69.97
24.68,24.68,29.20,35.35,70.35
24.64,24.64,26.69,37.31,70.71
24.14,24.14,26.62,36.25,69.12
20.30,20.30,21.59,26.21,61.56
16.89,16.89,19.28,22.35,40.39
26.28,26.28,33.75,33.23,66.39
26.71,26.71,35.34,35.14,70.63
24.91,24.91,34.50,34.57,71.01
22.06,22.06,34.69,31.27,70.73
20.27,20.27,33.91,27.19,70.00
23.58,23.58,33.97,27.86,67.79
18.44,18.44,26.04,19.80,50.18
6.41,6.41,10.14,14.00,22.26
0.95,0.95,2.07,5.75,8.03
0.00,0.00,0.04,0.11,0.78
-0.00,-0.00,-0.00,-0.00,0.01
-0.00,-0.00,-0.00,-0.00,-0.00
-0.00,-0.00,-0.00,-0.00,-0.00
-0.00,-0.00,-0.00,-0.00,-0.00
-0.00,-0.00,-0.00,-0.00,-0.00
-0.00,-0.00,-0.00,-0.00,-0.00
-0.00,-0.00,-0.00,-0.00,-0.00
-0.00,-0.00,-0.00,-0.00,-0.00
-0.00,-0.00,-0.00,-0.00,-0.00
-0.00,-0.00,-0.00,-0.00,-0.00
-0.00,-0.00,-0.00,-0.00,-0.00
-0.00,-0.00,-0.00,-0.00,-0.00
-0.00,-0.00,-0.00,-0.00,-0.00
-0.00,-0.00,-0.00,-0.00,-0.00
-0.00,-0.00,-0.00,-0.00,-0.00
-0.00,-0.00,-0.00,-0.00,-0.00
-0.00,-0.00,-0.00,-0.00,-0.00
-0.00,-0.00,-0.00,-0.00,-0.00
-0.00,-0.00,-0.00,-0.00,-0.00
-0.00,-0.00,-0.00,-0.00,-0.00
-0.00,-0.00,-0.00,-0.00,-0.00
-0.00,-0.00,-0.00,-0.00,-0.00
-0.00,-0.00,-0.00,-0.00,-0.00
-0.00,-0.00,-0.00,-0.00,-0.00
-0.00,-0.00,-0.00,-0.00,-0.00
-0.00,-0.00,-0.00,-0.00,-0.00
-0.00,-0.00,-0.00,-0.00,-0.00
-0.00,-0.00,-0.00,-0.00,-0.00
-0.00,-0.00,-0.00,-0.00,-0.00
-0.00,-0.00,-0.00,-0.00,-0.00
-0.00,-0.00,-0.00,-0.00,-0.00
-0.00,-0.00,-0.00,-0.00,-0.00
-0.00,-0.00,-0.00,-0.00,-0.00
-0.00,-0.00,-0.00,-0.00,-0.00
-0.00,-0.00,-0.00,-0.00,-0.00
-0.00,-0.00,-0.00,-0.00,-0.00
-0.00,-0.00,-0.00,-0.00,-0.00
-0.00,-0.00,-0.00,-0.00,-0.00
-0.00,-0.00,-0.00,-0.00,-0.00
-0.00,-0.00,-0.00,-0.00,-0.00
-0.00,-0.00,-0.00,-0.00,-0.00
-0.00,-0.00,-0.00,-0.00,-0.00
-0.00,-0.00,-0.00,-0.00,-0.00
-0.00,-0.00,-0.00,-0.00,-0.00
-0.00,-0.00,-0.00,-0.00,-0.00
-0.00,-0.00,-0.00,-0.00,-0.00
-0.00,-0.00,-0.00,-0.00,-0.00
-0.00,-0.00,-0.00,-0.00,-0.00
-0.00,-0.00,-0.00,-0.00,-0.00
-0.00,-0.00,-0.00,-0.00,-0.00
-0.00,-0.00,-0.00,-0.00,-0.00
-0.00,-0.00,-0.00,-0.00,-0.00
-0.00,-0.00,-0.00,-0.00,-0.00
-0.00,-0.00,-0.00,-0.00,-0.00
-0.00,-0.00,-0.00,-0.00,-0.00
-0.00,-0.00,-0.00,-0.00,-0.00
-0.00,-0.00,-0.00,-0.00,-0.00
-0.00,-0.00,-0.00,-0.00,-0.00
-0.00,-0.00,-0.00,-0.00,-0.00
-0.00,-0.00,-0.00,-0.00,-0.00
-0.00,-0.00,-0.00,-0.00,-0.00
-0.00,-0.00,-0.00,-0.00,-0.00
-0.00,-0.00,-0.00,-0.00,-0.00
-0.00,-0.00,-0.00,-0.00,-0.00
-0.00,-0.00,-0.00,-0.00,-0.00
-0.00,-0.00,-0.00,-0.00,-0.00
-0.00,-0.00,-0.00,-0.00,-0.00
-0.00,-0.00,-0.00,-0.00,-0.00
-0.00,-0.00,-0.00,-0.00,-0.00
-0.00,-0.00,-0.00,-0.00,-0.00
-0.00,-0.00,-0.00,-0.00,-0.00
-0.00,-0.00,-0.00,-0.00,-0.00
-0.00,-0.00,-0.00,-0.00,-0.00
-0.00,-0.00,-0.00,-0.00,-0.00
-0.00,-0.00,-0.00,-0.00,-0.00
-0.00,-0.00,-0.00,-0.00,-0.00
-0.00,-0.00,-0.00,-0.00,-0.00
-0.00,-0.00,-0.00,-0.00,-0.00
-0.00,-0.00,-0.00,-0.00,-0.00
-0.00,-0.00,-0.00,-0.00,-0.00
-0.00,-0.00,-0.00,-0.00,-0.00
-0.00,-0.00,-0.00,-0.00,-0.00
-0.00,-0.00,-0.00,-0.00,-0.00
-0.00,-0.00,-0.00,-0.00,-0.00
-0.00,-0.00,-0.00,-0.00,-0.00
-0.00,-0.00,-0.00,-0.00,-0.00
-0.00,-0.00,-0.00,-0.00,-0.00
-0.00,-0.00,-0.00,-0.00,-0.00
-0.00,-0.00,-0.00,-0.00,-0.00
-0.00,-0.00,-0.00,-0.00,-0.00
-0.00,-0.00,-0.00,-0.00,-0.00
-0.00,-0.00,-0.00,-0.00,-0.00
-0.00,-0.00,-0.00,-0.00,-0.00
-0.00,-0.00,-0.00,-0.00,-0.00
-0.00,-0.00,-0.00,-0.00,-0.00
-0.00,-0.00,-0.00,-0.00,-0.00
-0.00,-0.00,-0.00,-0.00,-0.00
-0.00,-0.00,-0.00,-0.00,-0.00
-0.00,-0.00,-0.00,-0.00,-0.00
-0.00,-0.00,-0.00,-0.00,-0.00
-0.00,-0.00,-0.00,-0.00,-0.00
-0.00,-0.00,-0.00,-0.00,-0.00
-0.00,-0.00,-0.00,-0.00,-0.00
-0.00,-0.00,-0.00,-0.00,-0.00
-0.00,-0.00,-0.00,-0.00,-0.00
-0.00,-0.00,-0.00,-0.00,-0.00
-0.00,-0.00,-0.00,-0.00,-0.00
-0.00,-0.00,-0.00,-0.00,-0.00
-0.00,-0.00,-0.00,-0.00,-0.00
-0.00,-0.00,-0.00,-0.00,-0.00
-0.00,-0.00,-0.00,-0.00,-0.00
-0.00,-0.00,-0.00,-0.00,-0.00
-0.00,-0.00,-0.00,-0.00,-0.00
-0.00,-0.00,-0.00,-0.00,-0.00
-0.00,-0.00,-0.00,-0.00,-0.00
-0.00,-0.00,-0.00,-0.00,-0.00
-0.00,-0.00,-0.00,-0.00,-0.00
-0.00,-0.00,-0.00,-0.00,-0.00
-0.00,-0.00,-0.00,-0.00,-0.00
-0.00,-0.00,-0.00,-0.00,-0.00
-0.00,-0.00,-0.00,-0.00,-0.00
-0.00,-0.00,-0.00,-0.00,-0.00
-0.00,-0.00,-0.00,-0.00,-0.00
-0.00,-0.00,-0.00,-0.00,-0.00
-0.00,-0.00,-0.00,-0.00,-0.00
-0.00,-0.00,-0.00,-0.00,-0.00
-0.00,-0.00,-0.00,-0.00,-0.00
-0.00,-0.00,-0.00,-0.00,-0.00
-0.00,-0.00,-0.00,-0.00,-0.00
-0.00,-0.00,-0.00,-0.00,-0.00
-0.00,-0.00,-0.00,-0.00,-0.00
-0.00,-0.00,-0.00,-0.00,-0.00
-0.00,-0.00,-0.00,-0.00,-0.00
-0.00,-0.00,-0.00,-0.00,-0.00
-0.00,-0.00,-0.00,-0.00,-0.00
-0.00,-0.00,-0.00,-0.00,-0.00
-0.00,-0.00,-0.00,-0.00,-0.00
-0.00,-0.00,-0.00,-0.00,-0.00
-0.00,-0.00,-0.00,-0.00,-0.00
-0.00,-0.00,-0.00,-0.00,-0.00
-0.00,-0.00,-0.00,-0.00,-0.00
-0.00,-0.00,-0.00,-0.00,-0.00
-0.00,-0.00,-0.00,-0.00,-0.00
-0.00,-0.00,-0.00,-0.00,-0.00
-0.00,-0.00,-0.00,-0.00,-0.00
-0.00,-0.00,-0.00,-0.00,-0.00
-0.00,-0.00,-0.00,-0.00,-0.00
-0.00,-0.00,-0.00,-0.00,-0.00
-0.00,-0.00,-0.00,-0.00,-0.00
-0.00,-0.00,-0.00,-0.00,-0.00
-0.00,-0.00,-0.00,-0.00,-0.00
-0.00,-0.00,-0.00,-0.00,-0.00
-0.00,-0.00,-0.00,-0.00,-0.00
-0.00,-0.00,-0.00,-0.00,-0.00
-0.00,-0.00,-0.00,-0.00,-0.00
-0.00,-0.00,-0.00,-0.00,-0.00
-0.00,-0.00,-0.00,-0.00,-0.00
-0.00,-0.00,-0.00,-0.00,-0.00
-0.00,-0.00,-0.00,-0.00,-0.00
-0.00,-0.00,-0.00,-0.00,-0.00
-0.00,-0.00,-0.00,-0.00,-0.00
-0.00,-0.00,-0.00,-0.00,-0.00
-0.00,-0.00,-0.00,-0.00,-0.00
-0.00,-0.00,-0.00,-0.00,-0.00
-0.00,-0.00,-0.00,-0.00,-0.00
-0.00,-0.00,-0.00,-0.00,-0.00
-0.00,-0.00,-0.00,-0.00,-0.00
-0.00,-0.00,-0.00,-0.00,-0.00
-0.00,-0.00,-0.00,-0.00,-0.00
-0.00,-0.00,-0.00,-0.00,-0.00
-0.00,-0.00,-0.00,-0.00,-0.00
-0.00,-0.00,-0.00,-0.00,-0.00
-0.00,-0.00,-0.00,-0.00,-0.00
-0.00,-0.00,-0.00,-0.00,-0.00
-0.00,-0.00,-0.00,-0.00,-0.00
-0.00,-0.00,-0.00,-0.00,-0.00
-0.00,-0.00,-0.00,-0.00,-0.00
-0.00,-0.00,-0.00,-0.00,-0.00
-0.00,-0.00,-0.00,-0.00,-0.00
-0.00,-0.00,-0.00,-0.00,-0.00
-0.00,-0.00,-0.00,-0.00,-0.00
-0.00,-0.00,-0.00,-0.00,-0.00
-0.00,-0.00,-0.00,-0.00,-0.00
-0.00,-0.00,-0.00,-0.00,-0.00
-0.00,-0.00,-0.00,-0.00,-0.00
-0.00,-0.00,-0.00,-0.00,-0.00
-0.00,-0.00,-0.00,-0.00,-0.00
-0.00,-0.00,-0.00,-0.00,-0.00
-0.00,-0.00,-0.00,-0.00,-0.00
-0.00,-0.00,-0.00,-0.00,-0.00
-0.00,-0.00,-0.00,-0.00,-0.00
-0.00,-0.00,-0.00,-0.00,-0.00
-0.00,-0.00,-0.00,-0.00,-0.00
-0.00,-0.00,-0.00,-0.00,-0.00
-0.00,-0.00,-0.00,-0.00,-0.00
-0.00,-0.00,-0.00,-0.00,-0.00
-0.00,-0.00,-0.00,-0.00,-0.00
-0.00,-0.00,-0.00,-0.00,-0.00
-0.00,-0.00,-0.00,-0.00,-0.00
-0.00,-0.00,-0.00,-0.00,-0.00
-0.00,-0.00,-0.00,-0.00,-0.00
-0.00,-0.00,-0.00,-0.00,-0.00
-0.00,-0.00,-0.00,-0.00,-0.00
-0.00,-0.00,-0.00,-0.00,-0.00
-0.00,-0.00,-0.00,-0.00,-0.00
-0.00,-0.00,-0.00,-0.00,-0.00
-0.00,-0.00,-0.00,-0.00,-0.00
-0.00,-0.00,-0.00,-0.00,-0.00
-0.00,-0.00,-0.00,-0.00,-0.00
-0.00,-0.00,-0.00,-0.00,-0.00
-0.00,-0.00,-0.00,-0.00,-0.00
-0.00,-0.00,-0.00,-0.00,-0.00
-0.00,-0.00,-0.00,-0.00,-0.00
-0.00,-0.00,-0.00,-0.00,-0.00
-0.00,-0.00,-0.00,-0.00,-0.00
-0.00,-0.00,-0.00,-0.00,-0.00
-0.00,-0.00,-0.00,-0.00,-0.00
-0.00,-0.00,-0.00,-0.00,-0.00
-0.00,-0.00,-0.00,-0.00,-0.00
-0.00,-0.00,-0.00,-0.00,-0.00
-0.00,-0.00,-0.00,-0.00,-0.00
-0.00,-0.00,-0.00,-0.00,-0.00
-0.00,-0.00,-0.00,-0.00,-0.00
-0.00,-0.00,-0.00,-0.00,-0.00
-0.00,-0.00,-0.00,-0.00,-0.00
-0.00,-0.00,-0.00,-0.00,-0.00
-0.00,-0.00,-0.00,-0.00,-0.00
-0.00,-0.00,-0.00,-0.00,-0.00
-0.00,-0.00,-0.00,-0.00,-0.00
-0.00,-0.00,-0.00,-0.00,-0.00
-0.00,-0.00,-0.00,-0.00,-0.00
-0.00,-0.00,-0.00,-0.00,-0.00
-0.00,-0.00,-0.00,-0.00,-0.00
-0.00,-0.00,-0.00,-0.00,-0.00
-0.00,-0.00,-0.00,-0.00,-0.00
-0.00,-0.00,-0.00,-0.00,-0.00
-0.00,-0.00,-0.00,-0.00,-0.00
-0.00,-0.00,-0.00,-0.00,-0.00
-0.00,-0.00,-0.00,-0.00,-0.00
-0.00,-0.00,-0.00,-0.00,-0.00
-0.00,-0.00,-0.00,-0.00,-0.00
-0.00,-0.00,-0.00,-0.00,-0.00
-0.00,-0.00,-0.00,-0.00,-0.00
-0.00,-0.00,-0.00,-0.00,-0.00
-0.00,-0.00,-0.00,-0.00,-0.00
